gauge_id,subdataset,country,gauge_lat,gauge_lon,area,valid_years_streamflow,record_span_years
lamahice_97,lamahice,Iceland,63.672781973151096,-18.41051859663989,44.78807656654196,0.0,0.0
lamahice_90,lamahice,Iceland,63.75364497465266,-18.10960161088898,14.491820069250576,0.0,0.0
lamahice_890,lamahice,Iceland,64.23148314444524,-20.332766023918097,199.50546379551105,0.0,0.0
lamahice_89,lamahice,Iceland,64.23148314444524,-20.332766023918097,823.2676418856659,0.0,0.0
lamahice_87,lamahice,Iceland,64.21172917561667,-19.279131057421115,1408.1399611286895,0.0,0.0
lamahice_74,lamahice,Iceland,64.0738134308794,-18.41056159210104,677.1724027239537,0.0,0.0
lamahice_71,lamahice,Iceland,64.40522078269443,-20.065948783947228,623.7621781736001,0.0,0.0
lamahice_85,lamahice,Iceland,64.23217916584177,-19.188451661430395,45.43738494362172,0.0,0.0
lamahice_81,lamahice,Iceland,64.44922698936391,-18.746191678175936,1226.9367919940485,0.0,0.0
lamahice_75,lamahice,Iceland,63.79299696406545,-18.49299680318965,1423.1445930954078,0.0,0.0
lamahice_100,lamahice,Iceland,64.1681991478759,-19.591151321266626,6308.178293343536,0.0,0.0
lamahice_102,lamahice,Iceland,63.93362085401936,-20.631347279076376,7389.747978112098,0.0,0.0
lamahice_1,lamahice,Iceland,64.53851142678728,-21.69891632355833,188.72690884452544,0.0,0.0
lamahice_76,lamahice,Iceland,63.78198856394384,-18.06700734386911,1622.0839833518933,0.0,0.0
lamahice_78,lamahice,Iceland,64.22394090836039,-15.722721216481654,19.416605955447206,0.0,0.0
camelsch_2217,camelsch,CH,46.13,5.96,10390.190877961408,0.0,0.0
camelsch_2392,camelsch,CH,47.64,8.6,11868.677730231324,0.0,0.0
camelsch_2467,camelsch,CH,46.94,7.24,1876.2585669186408,0.0,0.0
lamahice_7,lamahice,Iceland,65.49006233481927,-19.855248870358626,1662.6590232234091,0.0,0.0
lamahice_35,lamahice,Iceland,63.89879621967559,-17.736717801250684,447.9472359164885,0.0,0.0
lamahice_25,lamahice,Iceland,63.73199806940872,-17.96699550070308,17.21927123618378,0.0,0.0
lamahice_22,lamahice,Iceland,65.54512432575362,-20.13611100729835,230.1322466549641,0.0,0.0
lamahice_13,lamahice,Iceland,64.09742023842604,-21.79866152437462,268.1004258318928,0.0,0.0
lamahice_106,lamahice,Iceland,63.87846719298721,-17.830882834669296,181.93462692053745,0.0,0.0
camelsch_2041,camelsch,CH,47.31,9.57,6125.4635221972485,0.0,0.0
camelsch_2113,camelsch,CH,47.59,8.23,17639.18568365431,0.0,0.0
camelsch_2615,camelsch,CH,47.56,7.59,35825.6952940299,0.0,0.0
camelsch_2623,camelsch,CH,46.53,8.35,93.0706293994084,0.0,0.0
camelsch_2116,camelsch,CH,47.61,8.23,15860.154188549284,0.0,0.0
camelsch_5024,camelsch,FR,47.03,6.58,25.992002684140218,0.7337440109514032,0.731006160164271
hysets_01211600,hysets,United States of America,41.06065245,-73.67762878,30.2606203831578,0.999315537303217,0.9965776865160849
hysets_040844215,hysets,United States of America,44.19916667,-88.4769444,7.438684465117296,0.999315537303217,0.9965776865160849
hysets_06279800,hysets,United States of America,44.50272278,-109.9612962,278.9391783395183,0.999315537303217,1.4948665297741273
hysets_01067851,hysets,United States of America,43.53341389,-70.4839417,2.840317610839814,0.999315537303217,0.9965776865160849
hysets_02317748,hysets,United States of America,30.95686635,-83.2698755,1288.6900162700367,0.999315537303217,0.9965776865160849
hysets_02331500,hysets,United States of America,34.57315307,-83.59072979,402.909450910394,0.999315537303217,0.9965776865160849
hysets_11142550,hysets,United States of America,35.75691177,-121.3002047,89.3078488677209,0.999315537303217,0.9965776865160849
hysets_02462980,hysets,United States of America,33.39067054,-87.4750037,9.308548942715069,0.999315537303217,0.9965776865160849
hysets_05400664,hysets,United States of America,44.6305183,-90.1201312,25.980622445114843,0.999315537303217,0.9965776865160849
hysets_05400705,hysets,United States of America,44.57024387,-89.7328999,219.3451405103353,0.999315537303217,0.9965776865160849
hysets_05379288,hysets,United States of America,44.44579646,-91.3612694,26.962310946787355,0.999315537303217,0.9965776865160849
hysets_03152500,hysets,United States of America,38.96258925,-80.86649328,370.59367648054325,0.999315537303217,0.9965776865160849
hysets_05427900,hysets,United States of America,43.17471559,-89.4328968,104.29985179008602,0.999315537303217,0.9965776865160849
hysets_05364500,hysets,United States of America,45.0999611,-91.4890502,130.1074285864655,0.999315537303217,0.9965776865160849
hysets_05366300,hysets,United States of America,44.68134967,-91.11932,89.16198394542117,0.999315537303217,0.9965776865160849
hysets_05379305,hysets,United States of America,44.39051899,-91.4293235,278.95834936383585,0.999315537303217,0.9965776865160849
hysets_05367202,hysets,United States of America,45.5891239,-91.6018324,377.03774853318345,0.999315537303217,0.9965776865160849
hysets_05367190,hysets,United States of America,45.57412586,-91.5129409,54.56197363374696,0.999315537303217,0.9965776865160849
hysets_05398500,hysets,United States of America,44.8338574,-89.6087325,72.73976131877578,0.999315537303217,0.9965776865160849
hysets_01471900,hysets,United States of America,40.31814925,-75.7332463,159.98795598433682,0.999315537303217,0.9965776865160849
hysets_01211110,hysets,United States of America,41.04273596,-73.6160428,5.202411517799507,0.999315537303217,0.9965776865160849
hysets_08NL041,hysets,Canada,49.42778,-120.3467,224.88113691935547,0.999315537303217,0.9965776865160849
hysets_01376275,hysets,United States of America,41.01527778,-73.93777778,27.740169058616644,0.999315537303217,0.9965776865160849
hysets_06654550,hysets,United States of America,42.3002473,-105.1872013,157.5621457573296,0.999315537303217,0.9965776865160849
hysets_0208378372,hysets,United States of America,35.80849147,-77.4463578,150.4462631000733,0.999315537303217,0.9965776865160849
hysets_09512600,hysets,United States of America,34.282252,-112.2076612,231.53246467051383,0.999315537303217,0.9965776865160849
hysets_02106681,hysets,United States of America,35.2829411,-78.6375158,125.48788579681914,0.999315537303217,0.9965776865160849
hysets_01119260,hysets,United States of America,41.99342929,-72.2692458,23.15587528879817,0.999315537303217,0.9965776865160849
hysets_09216576,hysets,United States of America,41.2069058,-109.0531773,92.70060618833551,0.999315537303217,0.9965776865160849
hysets_09167450,hysets,United States of America,37.59915896,-108.4962024,217.1772234093632,0.999315537303217,0.9965776865160849
hysets_01471845,hysets,United States of America,40.3856497,-75.7290802,24.28403709826033,0.999315537303217,0.9965776865160849
hysets_01471800,hysets,United States of America,40.41203865,-75.73352518,25.011383018696986,0.999315537303217,0.9965776865160849
hysets_01471710,hysets,United States of America,40.3306487,-75.79241789,6.432909629717811,0.999315537303217,0.9965776865160849
hysets_01471700,hysets,United States of America,40.34314876,-75.8060303,16.877643893422885,0.999315537303217,0.9965776865160849
hysets_03155200,hysets,United States of America,39.0778583,-81.1901145,542.7182149332572,0.999315537303217,0.9965776865160849
hysets_05400500,hysets,United States of America,44.5888586,-89.4862286,368.9714959519425,0.999315537303217,0.9965776865160849
hysets_06208400,hysets,United States of America,45.4547972,-108.9581611,126.4633964962834,0.999315537303217,0.9965776865160849
hysets_04189500,hysets,United States of America,41.04449574,-84.0818891,1670.900374624192,0.999315537303217,0.9965776865160849
hysets_10328450,hysets,United States of America,41.4918972,-117.1275778,561.8141021350054,0.999315537303217,1.4948665297741273
hysets_06301850,hysets,United States of America,44.6957189,-107.1913786,314.32992803543925,0.999315537303217,1.4948665297741273
hysets_02413500,hysets,United States of America,33.349281,-85.5452326,1531.2033354529322,0.999315537303217,0.9965776865160849
hysets_02412500,hysets,United States of America,33.32622575,-85.5919005,2053.953131335544,0.999315537303217,0.9965776865160849
hysets_06428000,hysets,United States of America,44.68165085,-104.6019052,7145.840441340366,0.999315537303217,0.9965776865160849
hysets_01119480,hysets,United States of America,41.76037657,-72.2867464,10.595159298783145,0.999315537303217,0.9965776865160849
hysets_06669100,hysets,United States of America,42.12302515,-104.9052483,144.38904344145007,0.999315537303217,0.9965776865160849
hysets_01107400,hysets,United States of America,41.86537995,-70.9083736,22.45256325374993,0.999315537303217,0.9965776865160849
hysets_06668200,hysets,United States of America,42.2535807,-105.253037,16.23388852255374,0.999315537303217,0.9965776865160849
hysets_01610500,hysets,United States of America,39.1823261,-78.5066758,791.0786897478645,0.999315537303217,0.9965776865160849
hysets_07179710,hysets,United States of America,38.55473265,-96.3713894,1400.964568737941,0.999315537303217,0.9965776865160849
hysets_05270150,hysets,United States of America,45.77940928,-94.9814122,332.47626617398794,0.999315537303217,0.9965776865160849
hysets_18277,hysets,Mexico,17.7791407090595,-100.399791356877,1544.1744552607183,0.999315537303217,0.9965776865160849
hysets_09482001,hysets,United States of America,31.8714728,-110.9800905,3929.490949556,1.002053388090349,0.999315537303217
hysets_05330470,hysets,United States of America,44.5757967,-93.6449569,84.08693459357677,1.002053388090349,0.999315537303217
hysets_05329890,hysets,United States of America,44.74162917,-93.7346836,214.643239574156,1.002053388090349,0.999315537303217
hysets_03159870,hysets,United States of America,38.9167475,-81.9120808,103865.89622221254,1.002053388090349,0.999315537303217
hysets_05330645,hysets,United States of America,44.7963513,-93.7452402,167.36200438870586,1.002053388090349,0.999315537303217
hysets_02336380,hysets,United States of America,33.8598261,-84.42437289,89.24245594038265,1.002053388090349,0.999315537303217
hysets_01120800,hysets,United States of America,41.80093157,-72.118132,188.53193269185005,1.002053388090349,0.999315537303217
hysets_06821065,hysets,United States of America,39.68138877,-94.3863383,49.39505233710547,1.002053388090349,0.999315537303217
hysets_03011550,hysets,United States of America,42.0517278,-78.8761479,73.65251546700134,1.002053388090349,1.4154688569472964
hysets_02335912,hysets,United States of America,33.8923532,-84.456702,48.2392069244532,1.002053388090349,0.999315537303217
hysets_09489078,hysets,United States of America,33.76005179,-109.3756386,139.34297104168755,1.002053388090349,0.999315537303217
hysets_09489030,hysets,United States of America,33.96504909,-109.3717533,2.620816633613553,1.002053388090349,0.999315537303217
hysets_09489040,hysets,United States of America,33.97616004,-109.373698,1.717354401861185,1.002053388090349,0.999315537303217
hysets_04086305,hysets,United States of America,43.59055226,-88.0506495,12.964561805920072,1.002053388090349,0.999315537303217
hysets_01195339,hysets,United States of America,41.2959303,-72.796765,43.55345523960179,1.002053388090349,0.999315537303217
hysets_09489089,hysets,United States of America,33.73921895,-109.3423037,9.513554352549455,1.002053388090349,0.999315537303217
hysets_0408543802,hysets,United States of America,44.003883,-87.72203,16.622911253192992,1.002053388090349,0.999315537303217
hysets_09489086,hysets,United States of America,33.73810786,-109.341748,152.42708436075688,1.002053388090349,0.999315537303217
hysets_04087048,hysets,United States of America,43.2186111,-88.0433333,7.83008018102041,1.002053388090349,0.999315537303217
hysets_040854555,hysets,United States of America,43.90638286,-87.8078661,52.47006328906703,1.0047912388774811,1.002053388090349
hysets_04086125,hysets,United States of America,43.6161043,-88.3937125,34.61048630489075,1.0047912388774811,1.002053388090349
hysets_05586685,hysets,United States of America,39.12921338,-89.8812103,6.328577283166567,1.0075290896646132,1.0184804928131417
hysets_10152001,hysets,United States of America,40.1582872,-111.7310397,1696.7946695527069,1.0102669404517455,1.264887063655031
hysets_10251980,hysets,United States of America,36.00206944,-115.6448917,137.94921596079146,1.0102669404517455,1.0075290896646132
hysets_04015410,hysets,United States of America,46.76132929,-92.1293571,25.77357650002822,1.0130047912388775,1.0102669404517455
hysets_05425536,hysets,United States of America,43.09305848,-88.6920469,20.0182086153348,1.0184804928131417,1.374401095140315
hysets_02084903,hysets,United States of America,36.04986186,-79.1875149,3.551089755204448,1.0184804928131417,1.0157426420260096
hysets_12119300,hysets,United States of America,47.4978785,-122.0992863,7.342498034080637,1.0266940451745379,1.0239561943874058
hysets_07364128,hysets,United States of America,34.03397778,-91.70975,252.54331980557785,1.0321697467488022,1.0294318959616702
hysets_13303500,hysets,United States of America,44.6136111,-113.3972222,148.9118466038782,1.0321697467488022,1.4455852156057496
hysets_07047815,hysets,United States of America,35.36055556,-90.6513889,81.18788105726017,1.0349075975359343,1.106091718001369
GRDC_4208673,grdc,Canada,53.7188,-118.2729,13.2095163169765,1.0403832991101984,2.1519507186858315
hysets_12052500,hysets,United States of America,47.81064698,-122.9107204,171.6135963946604,1.0403832991101984,1.0376454483230664
hysets_03595520,hysets,United States of America,35.48229309,-86.09234109,5.45565314823048,1.0431211498973305,1.727583846680356
hysets_05335380,hysets,United States of America,45.78383569,-92.1310183,56.72897179243449,1.0458590006844628,1.374401095140315
hysets_04200050,hysets,United States of America,41.26505164,-82.1795984,210.0341134826461,1.0458590006844628,1.0431211498973305
hysets_05468367,hysets,United States of America,40.9305936,-90.5731896,157.8867743163416,1.0458590006844628,1.3826146475017111
hysets_03260325,hysets,United States of America,40.52393974,-83.8004912,37.71763884115129,1.0485968514715949,1.0458590006844628
hysets_02327016,hysets,United States of America,30.4052005,-84.2926775,13.672233201901346,1.054072553045859,1.5277207392197125
hysets_03260450,hysets,United States of America,40.47866197,-83.8118803,122.35127667418624,1.054072553045859,1.051334702258727
hysets_10328475,hysets,United States of America,41.44989739,-117.1009509,1108.1304769204453,1.056810403832991,1.5523613963039014
hysets_03197440,hysets,United States of America,38.5384296,-81.3451192,71.2731983863343,1.0595482546201231,1.056810403832991
hysets_05367102,hysets,United States of America,45.65912287,-91.5601647,155.28496539944203,1.0595482546201231,1.056810403832991
hysets_05378220,hysets,United States of America,44.02329618,-91.7851516,36.90099878540807,1.0595482546201231,1.4209445585215605
hysets_07AF906,hysets,Canada,53.25222,-117.3583,388.4415061092451,1.0650239561943875,1.514031485284052
hysets_01480637,hysets,United States of America,39.96009444,-75.7123333,1.4464118116478546,1.0650239561943875,1.0622861054072552
hysets_07FC006,hysets,Canada,56.60083,-120.3797,109.95657316248716,1.0677618069815196,1.995893223819302
hysets_08MB010,hysets,Canada,52.42611,-124.1525,1459.6392322332624,1.0677618069815196,1.5441478439425051
hysets_02084905,hysets,United States of America,36.0698615,-79.2016821,3.870295191588806,1.0732375085557837,1.0704996577686516
hysets_03579040,hysets,United States of America,35.3044974,-86.1201725,24.571606541685625,1.0759753593429158,1.0732375085557837
hysets_01450020,hysets,United States of America,40.8181482,-75.6737996,285.43222114055567,1.0759753593429158,1.0732375085557837
hysets_07047904,hysets,United States of America,35.145,-90.6558333,1425.1436462414963,1.0759753593429158,1.1307323750855578
hysets_05480000,hysets,United States of America,42.5452503,-94.346635,647.5946099211035,1.0787132101300478,1.0759753593429158
hysets_05406360,hysets,United States of America,43.0219409,-89.7404007,1.807528823912224,1.0787132101300478,1.0759753593429158
hysets_03359980,hysets,United States of America,39.4025438,-86.9258439,66.5186810992041,1.0787132101300478,1.0759753593429158
hysets_01575735,hysets,United States of America,40.20592694,-76.40246178,29.97567978951412,1.08145106091718,1.0787132101300478
hysets_12414350,hysets,United States of America,47.3057534,-116.1173822,100.29674739002152,1.08145106091718,1.0787132101300478
hysets_04086250,hysets,United States of America,43.4122226,-88.149816,22.227656771960906,1.0841889117043122,1.08145106091718
hysets_05367154,hysets,United States of America,45.624957,-91.5632203,35.170852312236555,1.0841889117043122,1.08145106091718
hysets_06915977,hysets,United States of America,38.33418755,-94.6471784,151.63163171290694,1.0841889117043122,1.08145106091718
hysets_04086152,hysets,United States of America,43.51666366,-88.2256516,30.921774545500675,1.0841889117043122,1.08145106091718
hysets_04085480,hysets,United States of America,43.8091588,-88.2512122,69.96959793862946,1.0841889117043122,1.08145106091718
hysets_12508820,hysets,United States of America,46.28783056,-119.9823556,91.87859722627807,1.0841889117043122,1.08145106091718
hysets_06024510,hysets,United States of America,45.54681667,-113.7638222,34.64394637573655,1.0841889117043122,1.4976043805612593
camelscl_5221001,camelscl,Chile,-32.44375,-71.2868055555556,1827.7354066668847,1.0841889117043122,1.4921286789869952
hysets_06271500,hysets,United States of America,44.3555196,-107.2700693,36.58651680727804,1.0869267624914443,2.2477754962354553
hysets_04072000,hysets,United States of America,44.6319369,-88.0667705,155.9623765245917,1.0896646132785763,1.0869267624914443
hysets_05358170,hysets,United States of America,45.99634256,-90.503224,70.64666442515174,1.0896646132785763,1.0869267624914443
hysets_06064100,hysets,United States of America,46.6319333,-112.0470056,420.13705486862193,1.0896646132785763,1.5003422313483916
hysets_06064150,hysets,United States of America,46.6607472,-111.9899444,489.770805976334,1.0896646132785763,1.5003422313483916
hysets_02146820,hysets,United States of America,34.9501476,-80.8703512,710.7061966441306,1.0978781656399725,1.377138945927447
hysets_05425539,hysets,United States of America,43.07528114,-88.6973247,34.70727285682353,1.1006160164271048,1.404517453798768
hysets_102512535,hysets,United States of America,36.87138889,-116.4633333,1.819534226252949,1.1006160164271048,1.0978781656399725
hysets_03611900,hysets,United States of America,37.1394985,-88.7906119,15.469675325339876,1.103353867214237,2.620123203285421
hysets_05363700,hysets,United States of America,45.2388622,-90.698746,220.3341364634907,1.106091718001369,1.103353867214237
hysets_05316868,hysets,United States of America,44.21356778,-95.4933386,16.627021034257616,1.108829568788501,1.3963039014373717
hysets_05414500,hysets,United States of America,42.5550002,-90.746238,336.2794949210067,1.108829568788501,1.106091718001369
hysets_07194760,hysets,United States of America,36.05452496,-94.3185434,212.0888756321216,1.1143052703627652,1.111567419575633
hysets_06055500,hysets,United States of America,46.26228889,-111.6871194,201.24873614325665,1.1170431211498972,2.078028747433265
hysets_02232460,hysets,United States of America,28.45972509,-80.946726,123.24616348998217,1.1279945242984257,1.1252566735112937
hysets_05468308,hysets,United States of America,40.92114929,-90.4981879,95.14669291334413,1.1279945242984257,1.3716632443531827
hysets_04072410,hysets,United States of America,43.56998268,-89.2684503,127.44206782548584,1.1279945242984257,1.1252566735112937
hysets_11295100,hysets,United States of America,38.2401957,-120.2904725,428.21252338580246,1.1389459274469542,1.9794661190965093
hysets_11101180,hysets,United States of America,34.0741764,-118.0772906,26.451703814178696,1.1389459274469542,1.6673511293634498
GRDC_4208688,grdc,Canada,53.3479,-117.4021,15.634500705294302,1.1416837782340863,2.193018480492813
GRDC_4208624,grdc,Canada,55.5312,-118.3979,187.65892302301003,1.1416837782340863,1.4674880219028064
hysets_01575746,hysets,United States of America,40.15342817,-76.393017,75.39492426386519,1.1444216290212184,1.1416837782340863
GRDC_4208687,grdc,Canada,53.3146,-117.4604,12.8265113417638,1.1444216290212184,2.193018480492813
hysets_01537535,hysets,United States of America,41.20444444,-75.97138889,11.630465060313371,1.1444216290212184,2.2806297056810405
hysets_05288487,hysets,United States of America,45.18385417,-93.2968956,37.739733095388246,1.160848733744011,1.5633127994524298
hysets_11176145,hysets,United States of America,37.69992957,-121.7738424,138.37476897352494,1.160848733744011,1.5770020533880904
hysets_01192610,hysets,United States of America,41.71871075,-72.601479,20.927071631181825,1.163586584531143,1.1827515400410678
hysets_11465500,hysets,United States of America,38.50935499,-122.7697109,111.55172573092634,1.163586584531143,1.5797399041752225
hysets_12033000,hysets,United States of America,46.9820406,-123.41238,3672.383918364031,1.163586584531143,1.160848733744011
hysets_06255500,hysets,United States of America,43.23745819,-108.1395395,1293.1542796828437,1.1663244353182751,1.2484599589322383
hysets_03210420,hysets,United States of America,37.632876,-82.6048761,15.932423635403104,1.1663244353182751,1.163586584531143
hysets_05073980,hysets,United States of America,47.84551199,-95.2261149,175.64562597313207,1.1663244353182751,1.163586584531143
hysets_01105660,hysets,United States of America,42.2123231,-70.8211543,13.481368702756235,1.1663244353182751,1.163586584531143
hysets_13316535,hysets,United States of America,45.58305556,-116.2802778,54.72667992100285,1.1663244353182751,1.163586584531143
hysets_13336300,hysets,United States of America,46.0575,-115.3138889,124.0989685909346,1.1663244353182751,1.163586584531143
hysets_06088200,hysets,United States of America,47.6433,-111.6802778,75.41914427765849,1.1690622861054072,1.9931553730321698
hysets_01063452,hysets,United States of America,43.7631611,-70.524825,1.1310838662931468,1.1690622861054072,1.1663244353182751
hysets_06025270,hysets,United States of America,45.74335,-112.6706639,82.39732073497188,1.1718001368925393,1.995893223819302
hysets_06918800,hysets,United States of America,37.54587419,-93.5677026,785.3986093018947,1.1772758384668036,1.1745379876796715
hysets_09313985,hysets,United States of America,39.6794086,-110.5504348,15.574428003988126,1.1772758384668036,2.004106776180698
hysets_02147240,hysets,United States of America,34.71931386,-80.7970141,172.1422700607013,1.1800136892539357,1.3552361396303902
hysets_05381389,hysets,United States of America,44.15635176,-90.7126365,51.43623911624895,1.1800136892539357,1.1772758384668036
hysets_13341200,hysets,United States of America,46.8611111,-116.2847222,41.79195978207601,1.1800136892539357,1.1772758384668036
GRDC_4208746,grdc,Canada,54.0438,-115.0396,75.074262862447,1.1800136892539357,4.41615331964408
hysets_11459150,hysets,United States of America,38.2382502,-122.6402637,116.9805585825866,1.1800136892539357,11.493497604380561
hysets_05381392,hysets,United States of America,44.18051789,-90.786805,19.02439911881098,1.1827515400410678,1.1800136892539357
hysets_04203900,hysets,United States of America,41.13700049,-81.4815028,863.2622592414967,1.1827515400410678,1.1800136892539357
hysets_04187500,hysets,United States of America,40.75505064,-84.1946727,411.7792630685887,1.1854893908281998,1.2210814510609171
hysets_06058900,hysets,United States of America,46.36223889,-111.9971972,35.928549615624284,1.1882272416153319,1.9931553730321698
hysets_12203000,hysets,United States of America,48.7531944,-122.4265556,146.30650452489547,1.1882272416153319,1.1854893908281998
hysets_07030245,hysets,United States of America,35.43258329,-89.65424569,19.44176316159245,1.1937029431895962,1.1909650924024642
hysets_02367307,hysets,United States of America,30.5543624,-86.5318957,78.22332573301472,1.1937029431895962,1.1909650924024642
GRDC_4208462,grdc,Canada,55.6354,-117.2396,618.330864141271,1.1964407939767283,1.5989048596851472
hysets_04021530,hysets,United States of America,46.8616093,-92.604915,256.0257256602469,1.1991786447638604,1.2840520191649556
hysets_08179520,hysets,United States of America,29.5341187,-98.9353075,1646.6393022858952,1.1991786447638604,1.1964407939767283
lamah_212498,lamah,Austria,46.91189808433326,13.53182842597544,266.9861723142075,1.1991786447638604,1.1964407939767283
hysets_03201988,hysets,United States of America,38.95313228,-82.3654317,402.2366706203682,1.1991786447638604,1.1964407939767283
hysets_14136500,hysets,United States of America,45.38317478,-122.0456378,624.6868505131775,1.2046543463381245,1.2019164955509924
hysets_014806318,hysets,United States of America,39.9073296,-75.8332776,28.997717600433724,1.2073921971252566,1.2046543463381245
hysets_07241750,hysets,United States of America,35.28145995,-96.9708561,6.318168667136822,1.2101300479123889,1.2073921971252566
camelscl_8308000,camelscl,Chile,-38.0665859052135,-71.3496349310271,398.2370044066048,1.2101300479123889,3.0034223134839153
hysets_10168200,hysets,United States of America,40.64189336,-111.6785382,74.26505815388329,1.2101300479123889,1.2073921971252566
hysets_06706600,hysets,United States of America,39.39193365,-105.2847162,8.219979928876088,1.212867898699521,2.1601642710472277
hysets_08LA025,hysets,Canada,51.67639,-121.1875,232.12042285201017,1.218343600273785,2.620123203285421
hysets_07263594,hysets,United States of America,34.72675884,-92.3382079,7.329058862034572,1.218343600273785,1.4209445585215605
GRDC_4208693,grdc,Canada,53.5271,-117.6854,15.3149602882199,1.218343600273785,2.193018480492813
GRDC_4208692,grdc,Canada,53.4813,-117.6521,21.3250677052054,1.218343600273785,2.193018480492813
hysets_01159600,hysets,United States of America,42.96452485,-72.2598074,14.88848503911612,1.2210814510609171,1.218343600273785
camelscl_4810006,camelscl,Chile,-31.9461,-71.0619,26.01882660018473,1.2375085557837098,1.998631074606434
hysets_02176711,hysets,United States of America,32.2236111,-80.9202778,40.66890385560643,1.2375085557837098,2.329911019849418
hysets_03611800,hysets,United States of America,37.08977626,-88.8297801,16.87534592785543,1.2402464065708418,2.757015742642026
hysets_03545000,hysets,United States of America,34.90481489,-83.7168386,117.83352092583316,1.2457221081451062,1.242984257357974
hysets_0208273070,hysets,United States of America,36.21320415,-78.2966614,7.505610108425455,1.2457221081451062,1.242984257357974
hysets_01049270,hysets,United States of America,44.3556333,-69.64363889,7.504159584662216,1.2457221081451062,1.270362765229295
hysets_03498000,hysets,United States of America,35.76341869,-83.8498989,497.23829718614815,1.2484599589322383,1.2457221081451062
hysets_04100000,hysets,United States of America,41.6958825,-85.9763894,308.3944811321473,1.2484599589322383,1.2457221081451062
hysets_06061900,hysets,United States of America,46.53306667,-111.8790944,86.29133194318119,1.2484599589322383,2.0752908966461328
hysets_01555830,hysets,United States of America,40.49701458,-78.4966813,12.713316815084395,1.2484599589322383,1.2457221081451062
hysets_07231965,hysets,United States of America,34.76259795,-95.7499872,11.429392807371723,1.2484599589322383,1.2457221081451062
hysets_04233678,hysets,United States of America,42.4472222,-76.24527778,6.763309808183193,1.2484599589322383,1.2457221081451062
hysets_03210160,hysets,United States of America,37.5864878,-82.5395963,9.327404400954212,1.2511978097193703,1.2484599589322383
hysets_04160398,hysets,United States of America,42.8586422,-82.5379715,436.9140287629856,1.2511978097193703,1.2484599589322383
hysets_07263426,hysets,United States of America,34.78842456,-92.4318227,5.747309137778112,1.2511978097193703,1.297741273100616
hysets_03210040,hysets,United States of America,37.5153785,-82.4512599,38.67753155419906,1.2511978097193703,1.2484599589322383
hysets_021584051,hysets,United States of America,34.93206254,-82.1664993,25.852877290209783,1.2511978097193703,1.2484599589322383
hysets_01514000,hysets,United States of America,42.12916667,-76.2705556,480.0352747703226,1.2539356605065024,1.2511978097193703
hysets_12167700,hysets,United States of America,48.19648845,-122.2104233,1433.5163442124328,1.2566735112936345,1.2621492128678986
hysets_03201555,hysets,United States of America,39.3689584,-82.3909869,111.6359816892696,1.2594113620807665,1.2566735112936345
hysets_09306417,hysets,United States of America,39.8249694,-109.1609462,4.559662408177641,1.267624914442163,1.264887063655031
hysets_03148150,hysets,United States of America,39.73117975,-82.1009765,73.34648560223191,1.267624914442163,1.264887063655031
hysets_02479960,hysets,United States of America,30.78713274,-88.366956,7.174777303438939,1.2758384668035592,1.273100616016427
hysets_02479955,hysets,United States of America,30.80852085,-88.3366767,7.613814993268749,1.2785763175906912,1.2758384668035592
hysets_01548309,hysets,United States of America,41.77618287,-77.4113678,41.584706422163286,1.2785763175906912,1.2758384668035592
hysets_09306415,hysets,United States of America,39.8483029,-109.1306677,638.7492993677658,1.2813141683778233,1.2867898699520877
hysets_14182400,hysets,United States of America,44.79345516,-122.4925835,259.3066678083827,1.2840520191649556,1.2813141683778233
hysets_09395650,hysets,United States of America,35.32780194,-109.0700908,2720.787980504918,1.2867898699520877,1.2840520191649556
hysets_01069800,hysets,United States of America,43.3327222,-70.5707861,5.470875911656121,1.2867898699520877,1.5331964407939767
hysets_12433558,hysets,United States of America,47.92321708,-118.0899759,18.716833924288,1.2867898699520877,4.284736481861739
hysets_01480878,hysets,United States of America,40.0264954,-75.6360443,6.666033207565861,1.2950034223134839,1.2922655715263518
hysets_01021466,hysets,United States of America,44.8084194,-67.7513806,4.187987796052761,1.2950034223134839,1.2922655715263518
hysets_010965817,hysets,United States of America,42.872587,-71.32923,63.23061763475658,1.2950034223134839,1.2922655715263518
hysets_12328500,hysets,United States of America,46.3960369,-113.3083999,487.4120616142823,1.297741273100616,1.6700889801505818
hysets_01478137,hysets,United States of America,39.8217764,-75.7791061,3.3891957302511813,1.3059548254620124,1.3032169746748803
hysets_08204250,hysets,United States of America,28.90583333,-99.5772222,651.9241617011087,1.3114305270362765,1.3278576317590691
hysets_06712500,hysets,United States of America,39.6049883,-104.8224759,936.2998277201264,1.3169062286105406,1.3935660506502396
hysets_09386917,hysets,United States of America,35.2311409,-108.6348018,62.80827500977628,1.322381930184805,1.5030800821355237
hysets_05413400,hysets,United States of America,42.8163799,-90.7234599,17.782489378178347,1.322381930184805,2.16290212183436
hysets_12119375,hysets,United States of America,47.51704465,-122.1498431,21.33688232448172,1.322381930184805,1.319644079397673
hysets_04086200,hysets,United States of America,43.55027436,-88.1884293,139.42419231023263,1.325119780971937,23.912388774811774
hysets_05400100,hysets,United States of America,44.7219444,-90.0991667,205.3200711327124,1.3278576317590691,1.4921286789869952
hysets_03595100,hysets,United States of America,35.4625548,-86.06499,33.5617156081022,1.3278576317590691,1.325119780971937
hysets_09153330,hysets,United States of America,39.3963662,-108.9814966,247.28108959685744,1.3305954825462012,1.7412731006160165
hysets_10132900,hysets,United States of America,41.07050056,-111.5210366,554.1979800235816,1.3305954825462012,1.3278576317590691
hysets_04086340,hysets,United States of America,43.4827765,-88.0609264,371.4997220511486,1.3305954825462012,23.912388774811774
hysets_01139833,hysets,United States of America,44.05784296,-72.2812067,2.7628949064554784,1.3305954825462012,1.3278576317590691
hysets_03098500,hysets,United States of America,41.07200276,-80.69035408,172.84075616439026,1.3333333333333333,1.3305954825462012
hysets_01614137,hysets,United States of America,39.9475907,-77.7402706,34.096065985141315,1.3333333333333333,1.3305954825462012
hysets_04253000,hysets,United States of America,43.53805556,-75.3658333,112.48130784928004,1.3333333333333333,1.3305954825462012
hysets_04039500,hysets,United States of America,46.5347222,-89.2763889,903.4257662653708,1.3360711841204653,1.3333333333333333
hysets_02470500,hysets,United States of America,31.08656636,-87.9772203,110977.6310925313,1.3360711841204653,1.3333333333333333
hysets_05073900,hysets,United States of America,47.87606819,-95.0186069,67.89518749862856,1.3360711841204653,1.3333333333333333
hysets_05400710,hysets,United States of America,44.51885569,-89.6662316,265.01277130815674,1.3360711841204653,1.4948665297741273
hysets_06025480,hysets,United States of America,45.52843889,-112.81825,57.53972134994205,1.3388090349075976,2.16290212183436
hysets_02300430,hysets,United States of America,27.6905871,-82.3378699,9.434761221554751,1.3388090349075976,1.3360711841204653
hysets_02300130,hysets,United States of America,27.70475349,-82.25647939,17.988084503709363,1.3388090349075976,1.3360711841204653
hysets_05LJ011,hysets,Canada,51.20833,-100.1792,798.3520693872997,1.3415468856947297,1.6673511293634498
hysets_09222200,hysets,United States of America,41.5605036,-110.659061,139.07265961340462,1.3470225872689938,1.3442847364818618
GRDC_6210410,grdc,Spain,43.4312,-6.0604,2874.07535558818,1.3579739904175223,1.9603011635865846
hysets_01073750,hysets,United States of America,43.023421,-70.9172787,6.318196515993221,1.3579739904175223,1.3552361396303902
hysets_11459800,hysets,United States of America,37.9727013,-122.5363655,3.3090855387559404,1.3607118412046544,4.42984257357974
hysets_09428900,hysets,United States of America,33.66585828,-114.2207816,1063.9904295215488,1.3607118412046544,1.3579739904175223
GRDC_4208051,grdc,Canada,65.2521,-133.3729,2744.80227150591,1.3634496919917864,4.566735112936345
hysets_02335830,hysets,United States of America,33.94343504,-84.40465,3555.827216271237,1.3634496919917864,3.36208076659822
hysets_0210382026,hysets,United States of America,35.10905169,-78.9433606,7.431674612636723,1.3716632443531827,1.3689253935660506
hysets_0210382050,hysets,United States of America,35.08877434,-78.9239156,15.41511468898976,1.374401095140315,1.3716632443531827
hysets_0210382103,hysets,United States of America,35.06877485,-78.8961369,25.001422457429936,1.374401095140315,1.3716632443531827
hysets_02365482,hysets,United States of America,30.82713103,-85.8090998,435.3289533116726,1.379876796714579,1.377138945927447
hysets_09518000,hysets,United States of America,33.22921044,-112.7673929,127632.21595034028,1.379876796714579,1.377138945927447
hysets_06729300,hysets,United States of America,39.93165347,-105.4230505,192.0416973034553,1.3826146475017111,1.379876796714579
hysets_04010510,hysets,United States of America,47.9634982,-89.6834233,18.737189786516065,1.3853524982888432,1.3826146475017111
hysets_0210382035,hysets,United States of America,35.10127415,-78.9280823,11.589487178396736,1.3908281998631074,1.3880903490759753
GRDC_4208917,grdc,Canada,57.4813,-112.0146,104.046405407643,1.3935660506502396,1.6344969199178645
hysets_09386919,hysets,United States of America,35.22003009,-108.6373018,395.7245397386019,1.4017796030116358,1.78507871321013
hysets_11153800,hysets,United States of America,37.0832816,-121.7852292,2.315673350557593,1.4099931553730323,2.485968514715948
hysets_12112550,hysets,United States of America,47.3173229,-122.1595626,13.34552995030999,1.4099931553730323,1.9931553730321698
hysets_07333910,hysets,United States of America,34.3150969,-95.8752598,458.0411436933522,1.4127310061601643,1.4099931553730323
GRDC_4244990,grdc,Canada,44.5688,-65.6312,225.00262240422904,1.4127310061601643,1.4099931553730323
hysets_13313500,hysets,United States of America,45.2258333,-115.8133333,268.56816701669754,1.4154688569472964,1.4127310061601643
hysets_01311992,hysets,United States of America,43.9822222,-74.2355556,3.1239544735617213,1.4154688569472964,1.4127310061601643
hysets_01100890,hysets,United States of America,42.7325916,-71.00838867,16.69780477070459,1.4154688569472964,1.4127310061601643
hysets_05413730,hysets,United States of America,42.9124916,-90.4704042,6.440541633536086,1.4154688569472964,1.4127310061601643
hysets_01075500,hysets,United States of America,43.86812487,-71.9089725,149.2880891184059,1.4154688569472964,1.4127310061601643
hysets_08063003,hysets,United States of America,32.32181179,-96.0288584,71.7783697986716,1.4154688569472964,1.4127310061601643
hysets_06889690,hysets,United States of America,39.0441669,-95.6324802,36.9901594152535,1.4154688569472964,1.4127310061601643
hysets_05412880,hysets,United States of America,42.88804519,-90.7167933,51.82729202354161,1.4154688569472964,1.4127310061601643
hysets_05426086,hysets,United States of America,43.0227867,-88.4842653,151.13142754192287,1.4154688569472964,1.4127310061601643
hysets_11023450,hysets,United States of America,32.93004558,-117.240314,2.82772981621556,1.4154688569472964,1.4127310061601643
hysets_05413080,hysets,United States of America,42.888878,-90.7965156,55.64343179660911,1.4182067077344285,1.4154688569472964
hysets_04160625,hysets,United States of America,42.76836606,-82.5121348,551.354032872876,1.4182067077344285,1.4154688569472964
hysets_04164980,hysets,United States of America,42.6428109,-82.9332572,117.32391196158204,1.4182067077344285,1.4154688569472964
hysets_03207925,hysets,United States of America,37.42316146,-82.3045876,5.98421010214225,1.4182067077344285,1.4154688569472964
hysets_05430446,hysets,United States of America,42.64277778,-89.0830556,24.13974017182044,1.4182067077344285,1.4154688569472964
hysets_04207016,hysets,United States of America,41.35060995,-81.5545647,8.27408065587929,1.4182067077344285,1.4154688569472964
hysets_393647105425317,hysets,United States of America,39.61304278,-105.7152832,4.97126381640232,1.4182067077344285,1.4154688569472964
hysets_04208501,hysets,United States of America,41.41366378,-81.6473491,36.511645487716656,1.4182067077344285,1.4154688569472964
hysets_07016000,hysets,United States of America,38.31116017,-91.2793159,1582.222855891948,1.4209445585215605,16.03832991101985
hysets_10336686,hysets,United States of America,39.2268512,-120.0815809,7.815795068781346,1.4209445585215605,1.4182067077344285
hysets_05283500,hysets,United States of America,45.19163166,-93.394676,45750.242607224165,1.431895961670089,1.429158110882957
hysets_06642650,hysets,United States of America,42.48635197,-106.464196,238.39511301741945,1.434633812457221,1.431895961670089
hysets_04024320,hysets,United States of America,46.50910786,-92.2340836,14.375770782999007,1.4373716632443532,1.4373716632443532
hysets_07020270,hysets,United States of America,37.8212111,-90.0217,207.3351685225816,1.4401095140314852,1.4373716632443532
hysets_02152285,hysets,United States of America,35.4422222,-81.6130556,332.15834158107054,1.4428473648186173,1.4729637234770705
GRDC_4208914,grdc,Canada,57.2812,-110.4562,410.03376415883,1.4483230663928817,1.4455852156057496
hysets_01547770,hysets,United States of America,41.04839307,-77.8694466,54.1666417110618,1.4565366187542779,1.4537987679671458
hysets_01127729,hysets,United States of America,41.49787587,-72.03646539,46.70644862376359,1.45927446954141,1.4565366187542779
hysets_0408570047,hysets,United States of America,43.7883275,-87.928981,23.590721549792782,1.4647501711156743,1.462012320328542
hysets_08KE036,hysets,Canada,52.50806,-122.6786,614.9381927330435,1.4674880219028064,2.48870636550308
hysets_05386999,hysets,United States of America,43.6599702,-91.1437434,309.34925306870065,1.4729637234770705,1.4702258726899384
camelscl_4522001,camelscl,Chile,-30.7451388888889,-70.6245833333333,511.284128789157,1.4784394250513346,1.8179329226557153
hysets_13349410,hysets,United States of America,47.2043359,-117.5246394,785.5193523298256,1.4811772758384667,1.4784394250513346
hysets_05404200,hysets,United States of America,43.4433333,-90.0358333,104.12495069402232,1.483915126625599,2.327173169062286
hysets_01585107,hysets,United States of America,39.3662188,-76.4135718,5.186395102538542,1.486652977412731,1.514031485284052
hysets_05507000,hysets,United States of America,39.4433222,-92.0019972,678.5065770622213,1.4948665297741273,1.4921286789869952
hysets_01068980,hysets,United States of America,43.47588889,-70.70095,65.37351981109994,1.4948665297741273,2.1546885694729636
hysets_11201850,hysets,United States of America,36.18855707,-118.6678689,88.15361375000064,1.4948665297741273,21.204654346338124
hysets_05506000,hysets,United States of America,39.3135861,-91.9470028,188.00526258314608,1.4948665297741273,1.4921286789869952
hysets_04200000,hysets,United States of America,41.34754779,-82.0943144,563.5620232889769,1.4948665297741273,1.4921286789869952
hysets_03198550,hysets,United States of America,38.2500969,-81.7981813,1150.0565112508862,1.4948665297741273,1.4921286789869952
hysets_01059090,hysets,United States of America,44.19353056,-70.1172333,21.97329268128941,1.4948665297741273,1.8590006844626967
hysets_01126923,hysets,United States of America,41.57232107,-71.8559049,9.96585089037548,1.4976043805612593,1.4948665297741273
camelscl_4502001,camelscl,Chile,-30.3501388888889,-70.77375,1259.9842924002007,1.4976043805612593,2.1574264202600957
hysets_01126910,hysets,United States of America,41.6053766,-71.8606272,6.485670640508335,1.4976043805612593,1.4948665297741273
hysets_05547350,hysets,United States of America,42.42555556,-88.1652778,2335.6356247068693,1.4976043805612593,1.4948665297741273
hysets_01657895,hysets,United States of America,38.61678568,-77.3716509,20.37897096495437,1.4976043805612593,1.4948665297741273
hysets_08212000,hysets,United States of America,27.72530545,-97.9877787,1334.7750876900045,1.4976043805612593,1.4948665297741273
hysets_05430540,hysets,United States of America,42.6572222,-89.1616667,35.8535396473342,1.5003422313483916,1.4976043805612593
hysets_06619415,hysets,United States of America,40.74275544,-106.0955739,9.847952231118748,1.5003422313483916,2.4941820670773445
hysets_12200684,hysets,United States of America,48.37944167,-122.3066056,13.488757280910209,1.5003422313483916,1.4976043805612593
hysets_05380900,hysets,United States of America,44.88607766,-90.5715259,403.1226774978053,1.5030800821355237,2.245037645448323
hysets_01022800,hysets,United States of America,44.39850278,-68.28772778,4.273238985948981,1.5030800821355237,1.5003422313483916
hysets_07290870,hysets,United States of America,31.76527778,-91.1916667,673.6120337802383,1.5030800821355237,1.5003422313483916
hysets_04010530,hysets,United States of America,47.8771128,-89.8625948,46.12365688676806,1.5030800821355237,1.5003422313483916
hysets_01425642,hysets,United States of America,42.0609168,-75.41989888,21.630331613949217,1.5030800821355237,1.995893223819302
hysets_07290690,hysets,United States of America,31.89333333,-90.8416667,193.4657710668356,1.5030800821355237,1.5003422313483916
hysets_07144340,hysets,United States of America,37.65140396,-97.2936555,10.22062306552142,1.5058179329226558,1.7522245037645447
hysets_07144325,hysets,United States of America,37.64695967,-97.2805998,42.51619855826893,1.5058179329226558,1.7522245037645447
camelscl_4703001,camelscl,Chile,-31.9910967487899,-70.5822043786701,1093.071496382762,1.5085557837097878,1.919233401779603
hysets_03139940,hysets,United States of America,40.40034496,-81.7981872,3.427822649818791,1.51129363449692,1.5085557837097878
hysets_03213590,hysets,United States of America,37.45066474,-82.0592943,218.6109825392653,1.516769336071184,1.514031485284052
hysets_05200450,hysets,United States of America,47.4132864,-94.9130588,420.6859115799443,1.516769336071184,1.514031485284052
hysets_02038880,hysets,United States of America,37.35237064,-78.5988915,60.07598744327678,1.5195071868583163,1.516769336071184
hysets_01104440,hysets,United States of America,42.37759589,-71.2806126,21.572821251328875,1.5195071868583163,1.516769336071184
hysets_03575933,hysets,United States of America,34.72342434,-86.6016598,24.366884325599187,1.5222450376454484,8.15605749486653
hysets_09306600,hysets,United States of America,39.9541333,-109.2584518,10149.844143716058,1.5249828884325805,1.7686516084873374
hysets_05392070,hysets,United States of America,45.8549532,-89.6782015,77.85590449054204,1.5249828884325805,2.001368925393566
GRDC_4208699,grdc,Canada,52.9854,-117.3396,116.187905402038,1.5304585900068446,2.537987679671458
hysets_02081740,hysets,United States of America,36.09792819,-78.2999948,1124.165043637394,1.5304585900068446,1.9931553730321698
hysets_12090480,hysets,United States of America,47.13009875,-122.4629005,59.7310905676885,1.538672142368241,1.6043805612594113
hysets_02462840,hysets,United States of America,33.38511328,-87.294722,225.83949775408203,1.541409993155373,1.538672142368241
hysets_01467021,hysets,United States of America,40.0358333,-74.8936111,23.94354447498122,1.541409993155373,1.648186173853525
hysets_01657850,hysets,United States of America,38.64539567,-77.3469287,15.55426059222689,1.5496235455167693,1.5468856947296372
hysets_04206420,hysets,United States of America,41.28588847,-81.5620635,70.57876283021491,1.5523613963039014,1.5496235455167693
hysets_09306380,hysets,United States of America,40.0874769,-108.7762173,1098.6621889982837,1.5633127994524298,1.5605749486652978
hysets_03535617,hysets,United States of America,35.9348012,-84.1882508,4.2979903273996936,1.5633127994524298,1.5605749486652978
hysets_05359600,hysets,United States of America,45.7258333,-90.6691667,45.75228101956615,1.568788501026694,2.327173169062286
hysets_02463587,hysets,United States of America,33.7023324,-87.6061218,120.1959184072346,1.568788501026694,1.566050650239562
hysets_02053633,hysets,United States of America,36.1996014,-76.7491165,12566.47272953122,1.568788501026694,1.995893223819302
hysets_08049553,hysets,United States of America,32.8947222,-97.0822222,100.07238818364462,1.571526351813826,1.568788501026694
hysets_01064158,hysets,United States of America,43.6571472,-70.3139806,68.86334139731312,1.5742642026009583,2.1738535249828885
hysets_08049569,hysets,United States of America,32.83555556,-97.0358333,199.8159941753605,1.5742642026009583,1.571526351813826
hysets_11381595,hysets,United States of America,40.04543498,-122.095267,343.5703381983158,1.5742642026009583,2.409308692676249
hysets_13210280,hysets,United States of America,43.45916667,-116.0947222,67.52411968187599,1.5742642026009583,2.4941820670773445
hysets_01564997,hysets,United States of America,40.66173647,-77.5999947,147.9757873788785,1.5770020533880904,1.9603011635865846
hysets_01372040,hysets,United States of America,41.79,-73.9308333,47.151165623107694,1.5797399041752225,1.5770020533880904
hysets_01127680,hysets,United States of America,41.50426486,-72.1420229,13.060955752227551,1.5824777549623545,1.5797399041752225
GRDC_4208918,grdc,Canada,56.8937,-112.1646,146.39410671651,1.5824777549623545,1.648186173853525
hysets_0209509100,hysets,United States of America,36.11263524,-79.6716943,112.2644314426224,1.5824777549623545,1.5797399041752225
hysets_01467950,hysets,United States of America,40.63425737,-76.1916108,127.19530105525892,1.5824777549623545,1.5797399041752225
hysets_054359315,hysets,United States of America,43.02333024,-89.5012325,3.7210161514792848,1.5824777549623545,1.5797399041752225
hysets_06637600,hysets,United States of America,42.5266214,-108.8503933,7.845081261589402,1.5824777549623545,1.5797399041752225
hysets_06637700,hysets,United States of America,42.48717689,-108.8273366,23.67524498218802,1.5824777549623545,1.5797399041752225
hysets_01127750,hysets,United States of America,41.4459315,-72.1250777,26.140959385258693,1.5824777549623545,1.5797399041752225
hysets_12413040,hysets,United States of America,47.4732641,-115.766547,44.38437403504079,1.5824777549623545,1.5797399041752225
hysets_12409500,hysets,United States of America,48.311281,-118.2119375,432.2517118647239,1.5824777549623545,1.5797399041752225
hysets_05433600,hysets,United States of America,42.77528125,-89.74984529,8.772699338811915,1.5824777549623545,1.5797399041752225
hysets_03524900,hysets,United States of America,36.8159322,-82.6171014,79.42729166619807,1.5824777549623545,1.5797399041752225
hysets_04119300,hysets,United States of America,43.0147449,-85.95587709,13566.490711685134,1.5824777549623545,1.5797399041752225
hysets_10319950,hysets,United States of America,40.68797957,-115.7906216,399.1967046684408,1.5824777549623545,1.5797399041752225
hysets_04120250,hysets,United States of America,43.0602954,-86.2403311,14453.003914699262,1.5852156057494866,1.5824777549623545
hysets_02472580,hysets,United States of America,31.80099524,-89.6739613,201.75276948848904,1.5852156057494866,1.5824777549623545
hysets_06719725,hysets,United States of America,39.85109799,-105.298602,95.62408029552674,1.5852156057494866,1.5824777549623545
hysets_04122150,hysets,United States of America,43.23112457,-86.3297831,7070.188215785526,1.5852156057494866,1.5824777549623545
hysets_05435980,hysets,United States of America,42.91305548,-89.6220664,84.76523288358877,1.5852156057494866,1.5824777549623545
hysets_04102533,hysets,United States of America,42.11365077,-86.4853008,12212.090025284167,1.5852156057494866,1.5824777549623545
hysets_06354825,hysets,United States of America,46.06555266,-100.6698502,51.135139364336666,1.5852156057494866,1.5824777549623545
hysets_054065199,hysets,United States of America,43.1824916,-89.7573451,45.18483640977339,1.5852156057494866,2.2477754962354553
hysets_03197680,hysets,United States of America,38.4492642,-81.4559545,3457.676197842204,1.5906913073237507,1.5879534565366187
hysets_08023000,hysets,United States of America,31.97377803,-93.9696338,250.25164410670777,1.596167008898015,1.6919917864476386
hysets_04201300,hysets,United States of America,41.23783178,-81.9243043,308.41836185486534,1.6016427104722792,1.6043805612594113
hysets_03212640,hysets,United States of America,37.3850722,-81.3970278,2.0504059381603903,1.6098562628336757,1.6071184120465434
hysets_01098320,hysets,United States of America,42.28620724,-71.3817264,18.751213664293648,1.6125941136208077,1.6098562628336757
hysets_01098450,hysets,United States of America,42.31592927,-71.3628371,5.570995894416317,1.6125941136208077,1.6098562628336757
hysets_05392350,hysets,United States of America,45.64523756,-89.6868074,72.5378587010023,1.6180698151950719,2.327173169062286
hysets_14213000,hysets,United States of America,45.70872737,-122.6492646,212.6829993486837,1.6180698151950719,1.6153319644079398
hysets_03430800,hysets,United States of America,36.04506074,-86.6594412,10.391020473575976,1.620807665982204,1.6180698151950719
hysets_01484534,hysets,United States of America,38.62290468,-75.2560945,11.365308474950275,1.626283367556468,1.6454483230663928
hysets_0204278995,hysets,United States of America,37.2133333,-76.5291667,5.576377361768818,1.626283367556468,1.623545516769336
hysets_02OA062,hysets,Canada,45.05056,-74.23278,390.1840926612629,1.626283367556468,1.623545516769336
camelsch_2640,camelsch,CH,47.36,7.35,213.3224521195288,1.6290212183436004,1.626283367556468
hysets_03196750,hysets,United States of America,38.4545458,-81.0667743,291.4880141649527,1.6290212183436004,1.626283367556468
hysets_11176140,hysets,United States of America,37.72298447,-121.7291189,34.9682003522266,1.6290212183436004,1.626283367556468
hysets_01484050,hysets,United States of America,39.01027778,-75.5289722,7.840838438877459,1.6290212183436004,1.626283367556468
hysets_05387100,hysets,United States of America,43.55275008,-91.149576,208.65142102452683,1.6317590691307324,2.245037645448323
hysets_13260500,hysets,United States of America,44.4879427,-116.3832004,204.6596436870317,1.6344969199178645,1.6317590691307324
hysets_04085118,hysets,United States of America,44.40777086,-87.93871,11.701479981172346,1.6372347707049966,1.6344969199178645
hysets_11142240,hysets,United States of America,35.5652492,-121.0679684,59.12356763284316,1.6399726214921286,1.6372347707049966
hysets_02443000,hysets,United States of America,33.56027778,-88.3152778,801.8947824010895,1.6454483230663928,3.266255989048597
hysets_08086200,hysets,United States of America,32.7006753,-99.2120205,299.30964440476964,1.6454483230663928,1.6427104722792607
hysets_0214183365,hysets,United States of America,35.84207604,-81.3617551,88.03418714000595,1.6454483230663928,1.648186173853525
hysets_10249200,hysets,United States of America,39.93964409,-116.5214669,29.92937003062939,1.6509240246406571,3.033538672142368
hysets_03070415,hysets,United States of America,39.78090958,-79.5750426,6.3738117176984055,1.6509240246406571,1.648186173853525
hysets_01059160,hysets,United States of America,44.02035278,-70.0902417,180.8053450530936,1.6563997262149213,2.2778918548939084
hysets_02178400,hysets,United States of America,34.89037075,-83.530441,151.54267146174857,1.6563997262149213,1.7166324435318274
hysets_05430403,hysets,United States of America,42.67167717,-89.0587229,3.5932084966947726,1.6563997262149213,4.240930869267625
hysets_10338100,hysets,United States of America,39.320461,-120.2974226,13.203607342711072,1.6591375770020533,1.6563997262149213
hysets_13255050,hysets,United States of America,44.81888889,-116.4605556,216.4084879870317,1.6591375770020533,1.6563997262149213
hysets_010965844,hysets,United States of America,42.83953198,-71.34950807,78.82451478728264,1.6591375770020533,1.6563997262149213
hysets_11455950,hysets,United States of America,38.487687,-122.481647,11.70221250569479,1.6591375770020533,1.6563997262149213
hysets_05030150,hysets,United States of America,46.6427372,-95.6044864,863.5868799993444,1.6591375770020533,1.6563997262149213
hysets_03598173,hysets,United States of America,35.5836811,-86.488049,39.69904378324093,1.6618754277891854,15.247091033538672
hysets_05413451,hysets,United States of America,42.7672139,-90.929016,116.5348644262876,1.6646132785763177,1.6618754277891854
hysets_393040105340400,hysets,United States of America,39.5110994,-105.5683346,35.05513148325865,1.6646132785763177,1.6618754277891854
hysets_05423947,hysets,United States of America,43.54221647,-88.4426007,76.10513297193208,1.6646132785763177,1.6618754277891854
hysets_01198030,hysets,United States of America,42.1092575,-73.36872629,60.83604912156772,1.6646132785763177,1.6618754277891854
hysets_01198070,hysets,United States of America,42.1114796,-73.3934492,8.014749198928182,1.6646132785763177,1.6618754277891854
hysets_04063640,hysets,United States of America,45.92856929,-88.8606812,75.73448079088307,1.6673511293634498,1.6646132785763177
hysets_06091000,hysets,United States of America,48.4863944,-113.2580556,145.6352087325347,1.6673511293634498,1.6646132785763177
hysets_01656102,hysets,United States of America,38.61123175,-77.550821,12.2194794384979,1.6673511293634498,1.6646132785763177
hysets_13301620,hysets,United States of America,44.5844444,-113.7633333,48.70754143892098,1.6700889801505818,2.3600273785078714
hysets_06251500,hysets,United States of America,43.1938473,-108.3145457,48.19112972314328,1.6700889801505818,2.4969199178644765
hysets_03012834,hysets,United States of America,42.33672706,-79.04087269,165.03624157464046,1.6700889801505818,2.16290212183436
GRDC_3650510,grdc,Brazil,-3.1146,-40.8229,3994.84162923916,1.6700889801505818,2.439425051334702
hysets_06757600,hysets,United States of America,39.06665849,-104.5824711,8.16159359506948,1.672826830937714,2.9924709103353866
hysets_04232200,hysets,United States of America,42.3283333,-76.84388889,100.42493715159806,1.672826830937714,2.1656399726214923
hysets_12025310,hysets,United States of America,46.6995473,-122.9292954,36.24936212766424,1.672826830937714,1.6700889801505818
hysets_01098340,hysets,United States of America,42.27842965,-71.3747817,8.68167900380906,1.678302532511978,1.675564681724846
hysets_10137300,hysets,United States of America,41.29605229,-111.5904855,208.369605761573,1.678302532511978,1.675564681724846
hysets_01198075,hysets,United States of America,42.1203684,-73.3623368,66.3732022515953,1.678302532511978,1.675564681724846
hysets_01362100,hysets,United States of America,42.15388889,-73.52,70.73641394916166,1.68104038329911,2.3134839151266258
hysets_06888345,hysets,United States of America,39.2108333,-96.1844444,144052.53632964456,1.6837782340862424,1.995893223819302
hysets_02242460,hysets,United States of America,29.45830477,-82.0609253,2996.918379787531,1.6837782340862424,1.68104038329911
hysets_03070310,hysets,United States of America,39.5717508,-79.6772741,1.3684203712652163,1.6865160848733745,1.6837782340862424
hysets_03430118,hysets,United States of America,36.1522597,-86.6501603,18.45943461678074,1.6865160848733745,1.9876796714579055
hysets_03567129,hysets,United States of America,34.71591305,-85.43301659,14.367244225521684,1.6892539356605065,1.6865160848733745
hysets_02240982,hysets,United States of America,29.61635695,-82.33538159,12.656604365295358,1.6892539356605065,1.6865160848733745
hysets_07029035,hysets,United States of America,35.97396037,-89.2186806,34.35275605018326,1.6892539356605065,1.6865160848733745
hysets_01387250,hysets,United States of America,41.16805556,-74.1905556,161.80101750411498,1.6892539356605065,1.6865160848733745
hysets_03207940,hysets,United States of America,37.4220499,-82.3312554,4.106259791353492,1.6974674880219027,1.6947296372347707
hysets_12080650,hysets,United States of America,47.03537408,-122.7823563,28.13344022799391,1.7056810403832992,2.108145106091718
hysets_03448068,hysets,United States of America,35.50622504,-82.5248439,2.8024327346325744,1.7084188911704312,1.7741273100616017
hysets_11405085,hysets,United States of America,40.0732158,-121.4533047,6.584766497709952,1.7084188911704312,32.26009582477755
hysets_05548500,hysets,United States of America,42.3761111,-88.23638889,3073.6172907028786,1.7084188911704312,1.7056810403832992
hysets_08131190,hysets,United States of America,31.2829432,-100.5078722,1164.418361387962,1.7138945927446954,2.751540041067762
hysets_02038830,hysets,United States of America,37.36931388,-78.6455609,36.02627121447189,1.7166324435318274,1.7138945927446954
hysets_01096587,hysets,United States of America,42.80675514,-71.2736727,1.385403626580204,1.7166324435318274,1.7138945927446954
hysets_07357700,hysets,United States of America,34.62605556,-93.0526694,9.9481235916153,1.7221081451060918,2.291581108829569
hysets_02367242,hysets,United States of America,30.609638,-86.4252265,10.716775257250278,1.727583846680356,2.650239561943874
hysets_09299400,hysets,United States of America,40.58689879,-109.9276515,298.16295447032263,1.727583846680356,7.545516769336071
hysets_08MF003,hysets,Canada,49.37528,-121.4194,756.0846840681269,1.730321697467488,1.7659137577002053
hysets_10353700,hysets,United States of America,41.5258861,-118.715225,131.50604904590338,1.730321697467488,2.223134839151266
hysets_04175340,hysets,United States of America,42.08476489,-83.5785477,178.33420031542056,1.7412731006160165,22.740588637919235
hysets_10359300,hysets,United States of America,40.6648935,-120.7913464,613.3511874205484,1.7440109514031485,1.7412731006160165
hysets_06331680,hysets,United States of America,47.9925246,-103.1662989,358.7149331353935,1.7440109514031485,1.7412731006160165
hysets_02115856,hysets,United States of America,36.03624827,-80.3094961,166.7041920093942,1.7440109514031485,1.7412731006160165
hysets_06331850,hysets,United States of America,48.18113268,-103.0243508,282.3035865538524,1.7440109514031485,1.7412731006160165
hysets_09513800,hysets,United States of America,33.91142428,-112.1412685,222.0016783901798,1.7440109514031485,1.7412731006160165
hysets_03207057,hysets,United States of America,38.30508466,-82.424319,206.79573134735384,1.7440109514031485,1.7412731006160165
hysets_04143500,hysets,United States of America,43.66807869,-83.9702588,241.1101583025467,1.7440109514031485,1.7412731006160165
hysets_12363920,hysets,United States of America,48.53548056,-114.571686,420.9950017847373,1.7440109514031485,1.7412731006160165
hysets_09515500,hysets,United States of America,34.0450291,-112.7098996,1078.8281779004233,1.7440109514031485,1.7412731006160165
hysets_06342200,hysets,United States of America,47.1022172,-101.2565372,196.07962622826693,1.7440109514031485,1.7412731006160165
hysets_12413250,hysets,United States of America,47.54527778,-116.1341667,499.4041117620044,1.7440109514031485,1.7412731006160165
hysets_02204500,hysets,United States of America,33.49678074,-84.0146337,1168.076812553082,1.7440109514031485,1.7412731006160165
hysets_05523500,hysets,United States of America,40.8917049,-87.1547441,210.84833056164663,1.7440109514031485,1.7412731006160165
hysets_05524000,hysets,United States of America,40.86614947,-87.2055779,117.25349797836095,1.7440109514031485,1.7412731006160165
hysets_09395900,hysets,United States of America,35.45252205,-109.126482,1281.0855051046294,1.7440109514031485,1.7412731006160165
hysets_11379000,hysets,United States of America,40.2037674,-122.1183272,318.083851295699,1.7440109514031485,1.7412731006160165
hysets_05448150,hysets,United States of America,41.46752996,-90.8679234,98.9409129524739,1.7440109514031485,1.7412731006160165
hysets_09093500,hysets,United States of America,39.45303365,-108.0597976,509.28367063851846,1.7440109514031485,1.7412731006160165
hysets_08248500,hysets,United States of America,37.17695615,-105.8780757,982.9835611996516,1.7440109514031485,1.7412731006160165
hysets_09395500,hysets,United States of America,35.5291893,-108.7453622,1421.0785695199183,1.7440109514031485,1.7412731006160165
hysets_11378800,hysets,United States of America,40.0901543,-122.4136117,230.9168861529502,1.7440109514031485,1.7412731006160165
hysets_11153700,hysets,United States of America,36.9482836,-121.5118842,1068.401170469098,1.7440109514031485,1.7412731006160165
hysets_05464640,hysets,United States of America,41.9227803,-91.7840689,460.3507633725701,1.7440109514031485,1.7412731006160165
hysets_09095400,hysets,United States of America,39.36886757,-108.2620282,280.6270926879823,1.7440109514031485,1.7412731006160165
hysets_02425500,hysets,United States of America,32.07931124,-86.9838737,547.6480466711363,1.7440109514031485,1.7412731006160165
hysets_06294690,hysets,United States of America,46.0857083,-107.4063083,1155.433318866278,1.7440109514031485,1.7412731006160165
hysets_07068863,hysets,United States of America,36.5124472,-90.9479667,227.76776418986563,1.7440109514031485,1.7412731006160165
hysets_03295500,hysets,United States of America,37.9684018,-85.1341207,505.8889828905658,1.7440109514031485,1.7412731006160165
hysets_12391550,hysets,United States of America,48.04735556,-115.8350028,360.4801912421526,1.7440109514031485,1.7412731006160165
hysets_07248600,hysets,United States of America,34.9575991,-94.7385618,188.40748637699485,1.7440109514031485,1.7412731006160165
hysets_07186040,hysets,United States of America,37.30977655,-94.680235,442.2105124172366,1.7440109514031485,1.7412731006160165
hysets_07184300,hysets,United States of America,37.16284155,-94.9955166,219.36986915869807,1.7440109514031485,1.7412731006160165
hysets_02045200,hysets,United States of America,36.9187595,-77.8861091,42.75834547294537,1.7440109514031485,1.7412731006160165
hysets_07111000,hysets,United States of America,37.7277816,-105.351395,195.25485812363365,1.7440109514031485,1.7412731006160165
hysets_06700500,hysets,United States of America,39.20887938,-105.3036069,238.6349847348721,1.7440109514031485,1.7412731006160165
hysets_02141245,hysets,United States of America,35.8254078,-81.6359306,214.68585425080528,1.7440109514031485,1.7412731006160165
hysets_04062230,hysets,United States of America,46.46660426,-88.0745797,503.8328560959346,1.7440109514031485,1.7412731006160165
hysets_09163310,hysets,United States of America,39.29720137,-108.866771,509.4270669773728,1.7440109514031485,1.7412731006160165
hysets_01427500,hysets,United States of America,41.7608333,-75.0483333,286.3296714767725,1.7440109514031485,1.7412731006160165
hysets_03182700,hysets,United States of America,37.90762108,-80.2906274,371.5544658849685,1.7440109514031485,1.7412731006160165
hysets_12133000,hysets,United States of America,47.8053828,-121.5467743,922.9392968166136,1.7440109514031485,1.7412731006160165
hysets_03343550,hysets,United States of America,39.65920099,-88.0633708,1400.6888775136229,1.7440109514031485,1.7412731006160165
GRDC_1196103,grdc,South Africa,-25.8062,29.3188,3701.26778670257,1.7440109514031485,1.7412731006160165
hysets_13250600,hysets,United States of America,44.0747222,-116.4688889,126.04959190308549,1.7440109514031485,1.7412731006160165
hysets_11350500,hysets,United States of America,41.19822445,-120.9433005,672.7376725962195,1.7440109514031485,1.7412731006160165
hysets_05410500,hysets,United States of America,43.1908149,-90.8745716,1780.9750762062713,1.7440109514031485,1.7412731006160165
hysets_09367930,hysets,United States of America,36.27648889,-108.2547583,117.9660688267961,1.7440109514031485,1.7412731006160165
hysets_09367710,hysets,United States of America,36.23178889,-108.1985833,465.9670982872842,1.7440109514031485,1.7412731006160165
hysets_08236000,hysets,United States of America,37.37472769,-106.3347558,275.14518128274693,1.7440109514031485,1.7412731006160165
hysets_03189000,hysets,United States of America,38.22928056,-80.5831433,390.26725507429376,1.7440109514031485,1.7412731006160165
hysets_04031500,hysets,United States of America,46.3721704,-89.6923791,445.1934288014228,1.7440109514031485,1.7412731006160165
hysets_01478040,hysets,United States of America,39.6367786,-75.68104188,107.0100190042003,1.7440109514031485,1.7412731006160165
hysets_14242690,hysets,United States of America,46.3192768,-122.9087263,1322.394363781468,1.7440109514031485,1.7412731006160165
hysets_09370820,hysets,United States of America,37.09916294,-108.4661981,835.3100511386122,1.7440109514031485,1.7412731006160165
hysets_01589480,hysets,United States of America,39.3034403,-76.6116339,147.8630647868333,1.7440109514031485,1.7412731006160165
hysets_09357500,hysets,United States of America,37.83305235,-107.5995046,148.49277981821214,1.7440109514031485,1.7412731006160165
hysets_14341500,hysets,United States of America,42.40818566,-122.601143,359.8860512591434,1.7440109514031485,1.7412731006160165
hysets_03189890,hysets,United States of America,37.9937278,-80.7478676,421.2048993806741,1.7440109514031485,1.7412731006160165
hysets_04148000,hysets,United States of America,43.10697074,-83.6174554,1569.5206144237332,1.7467488021902806,1.7440109514031485
hysets_04159000,hysets,United States of America,43.81418197,-83.279122,208.1019122503411,1.7467488021902806,1.7440109514031485
hysets_02188680,hysets,United States of America,34.1414995,-82.8540278,207.73952653444903,1.7467488021902806,1.7440109514031485
hysets_07053000,hysets,United States of America,36.62395556,-93.4205722,9382.56944850038,1.7467488021902806,1.7440109514031485
hysets_02157000,hysets,United States of America,34.92928718,-82.0442725,113.64145763332164,1.7467488021902806,1.995893223819302
hysets_12424500,hysets,United States of America,47.740167,-117.5204998,12962.52546873653,1.7467488021902806,1.7440109514031485
hysets_12463500,hysets,United States of America,47.4665216,-119.876164,524.9059292916018,1.7467488021902806,1.7440109514031485
hysets_04146500,hysets,United States of America,43.15752598,-83.4135609,1238.080693070423,1.7467488021902806,1.7440109514031485
hysets_03084500,hysets,United States of America,40.3859023,-79.7650459,144.48657292496776,1.7467488021902806,1.7440109514031485
hysets_03082237,hysets,United States of America,39.9945189,-79.43281348,233.62098379665704,1.7467488021902806,1.7440109514031485
hysets_09269500,hysets,United States of America,40.63328979,-109.7645918,47.23275092467408,1.7467488021902806,1.7440109514031485
hysets_09051000,hysets,United States of America,39.64859766,-106.0200175,32.89358862175072,1.7467488021902806,1.7440109514031485
hysets_04112904,hysets,United States of America,42.66920218,-84.5346999,10.249882227134067,1.7467488021902806,1.7440109514031485
hysets_03342800,hysets,United States of America,38.7469913,-87.4289074,12.793161383599546,1.7467488021902806,1.7440109514031485
hysets_04125500,hysets,United States of America,44.2033398,-85.8000659,649.3350962285759,1.7467488021902806,1.7440109514031485
hysets_01419000,hysets,United States of America,41.9108333,-74.7275,106.30916472411316,1.7467488021902806,1.7440109514031485
hysets_03522000,hysets,United States of America,37.03789148,-81.7976172,265.89658148525365,1.7467488021902806,1.7440109514031485
hysets_03519000,hysets,United States of America,35.55924504,-84.22547139,706.1079148267427,1.7467488021902806,1.7440109514031485
hysets_09394000,hysets,United States of America,34.7333645,-110.0340052,2456.7868177840087,1.7467488021902806,1.7440109514031485
hysets_06201000,hysets,United States of America,46.0614333,-109.8452417,391.72190691069,1.7467488021902806,1.7440109514031485
hysets_02017000,hysets,United States of America,37.4931844,-80.1094923,34.588713959619994,1.7467488021902806,1.7440109514031485
hysets_06084000,hysets,United States of America,47.43980556,-112.5207167,182.19217710613927,1.7467488021902806,1.7440109514031485
hysets_09036500,hysets,United States of America,39.9074861,-106.0172398,35.81355168064613,1.7467488021902806,1.7440109514031485
hysets_02012000,hysets,United States of America,37.86818106,-79.9456116,28.888249628927785,1.7467488021902806,1.7440109514031485
hysets_01626500,hysets,United States of America,38.06124728,-78.8969682,345.49346870899905,1.7467488021902806,1.7440109514031485
hysets_10042500,hysets,United States of America,42.25888889,-111.0761111,586.7426087796558,1.7467488021902806,1.7440109514031485
hysets_12356500,hysets,United States of America,48.2800222,-113.4252917,52.78217593463549,1.7467488021902806,1.7440109514031485
hysets_12356000,hysets,United States of America,48.29194167,-113.3870944,21.743310327118685,1.7467488021902806,1.7440109514031485
hysets_04140500,hysets,United States of America,44.3133518,-84.0694414,298.3900423585405,1.7467488021902806,1.7440109514031485
hysets_10096500,hysets,United States of America,42.0372222,-111.7538889,55.350248015723885,1.7467488021902806,1.7440109514031485
hysets_04131000,hysets,United States of America,45.35723429,-84.1689004,213.91134187457152,1.7467488021902806,1.7440109514031485
hysets_11124000,hysets,United States of America,34.62776698,-119.8620842,167.55486931562615,1.7467488021902806,1.7440109514031485
hysets_11046310,hysets,United States of America,33.41947278,-117.5314336,238.85085219220096,1.7467488021902806,1.7440109514031485
hysets_11073440,hysets,United States of America,33.93945865,-117.6503307,281.71600693462204,1.7467488021902806,1.7440109514031485
hysets_10089500,hysets,United States of America,42.20277778,-111.7619444,157.85944130552164,1.7467488021902806,1.7440109514031485
hysets_12480500,hysets,United States of America,47.19567717,-120.7845234,516.3115416919734,1.7467488021902806,1.7440109514031485
hysets_03514000,hysets,United States of America,35.4773122,-83.7160047,114.42134364385974,1.7467488021902806,1.7440109514031485
hysets_03516000,hysets,United States of America,35.3111982,-83.859624,108.45804380409557,1.7467488021902806,1.7440109514031485
hysets_03463500,hysets,United States of America,35.90622868,-82.1884558,155.05782392724234,1.7467488021902806,1.7440109514031485
hysets_14135500,hysets,United States of America,45.3609524,-122.0123035,274.4097133127097,1.7467488021902806,1.7440109514031485
hysets_03082120,hysets,United States of America,40.06535137,-79.3983686,35.466719870635025,1.7467488021902806,1.7440109514031485
hysets_02067000,hysets,United States of America,36.8381967,-78.6669473,8358.35674406681,1.7467488021902806,1.7440109514031485
hysets_09343500,hysets,United States of America,37.19361845,-106.9053148,59.889559054670286,1.7467488021902806,1.7440109514031485
hysets_09345500,hysets,United States of America,37.04556595,-106.8430919,57.24045040383005,1.7467488021902806,1.7440109514031485
hysets_09306400,hysets,United States of America,39.973857,-109.1309472,9257.704075143618,1.7467488021902806,2.4531143052703626
hysets_03082020,hysets,United States of America,40.08924028,-79.3342006,45.543308349710905,1.7467488021902806,1.7440109514031485
hysets_12035500,hysets,United States of America,47.3331448,-123.65128,181.97882762212723,1.7467488021902806,1.7440109514031485
hysets_08218000,hysets,United States of America,37.68788889,-106.8447222,138.63681899605308,1.7467488021902806,1.7440109514031485
hysets_14327500,hysets,United States of America,42.93318056,-122.4344819,403.8685551061756,1.7467488021902806,1.7440109514031485
hysets_11406000,hysets,United States of America,39.7623839,-121.5274707,38.59487838537648,1.7467488021902806,1.7440109514031485
hysets_03525000,hysets,United States of America,36.7750989,-82.58043379,107.20840614819872,1.7467488021902806,1.7440109514031485
hysets_14222930,hysets,United States of America,46.13927625,-122.3428777,21.382286777503133,1.7467488021902806,1.7440109514031485
hysets_07147050,hysets,United States of America,37.86890364,-97.1255926,228.2758135469219,1.7494866529774127,1.7467488021902806
hysets_07147060,hysets,United States of America,37.81696,-97.0808707,457.7207145287843,1.7494866529774127,1.7467488021902806
hysets_03378900,hysets,United States of America,38.77310238,-88.4972706,1927.979348894773,1.7494866529774127,1.7467488021902806
hysets_07146990,hysets,United States of America,37.89779439,-97.0455904,419.6981338121141,1.7494866529774127,1.7467488021902806
hysets_03210310,hysets,United States of America,37.66620956,-82.4840383,52.8744041642265,1.7494866529774127,1.7467488021902806
hysets_02053573,hysets,United States of America,36.3209887,-76.7352296,11990.72684809519,1.7494866529774127,1.995893223819302
hysets_03106140,hysets,United States of America,41.11339407,-80.0742253,230.0990649619636,1.7494866529774127,1.7467488021902806
hysets_02370750,hysets,United States of America,30.67574706,-87.1380247,7.248892162638527,1.7522245037645447,1.7494866529774127
hysets_01387890,hysets,United States of America,41.02694444,-74.2508333,396.15781197729103,1.754962354551677,1.7522245037645447
hysets_07351000,hysets,United States of America,32.3765448,-93.8224031,216.90184140078205,1.757700205338809,1.754962354551677
hysets_03508136,hysets,United States of America,35.3114894,-83.0895846,82.28863473070834,1.7604380561259412,1.757700205338809
hysets_05599000,hysets,United States of America,37.9675,-89.3522222,745.4518921244875,1.7604380561259412,1.757700205338809
hysets_06807320,hysets,United States of America,41.64498849,-95.3130538,826.1543810539868,1.7631759069130732,1.7604380561259412
hysets_03380350,hysets,United States of America,38.51949236,-88.7275558,541.0072380617462,1.7659137577002053,1.7631759069130732
hysets_03357420,hysets,United States of America,39.66698984,-86.8658426,559.021878366002,1.7686516084873374,1.7659137577002053
hysets_05594330,hysets,United States of America,38.26305556,-89.7316667,186.93930246332445,1.7686516084873374,1.7659137577002053
hysets_11142300,hysets,United States of America,35.59969297,-121.1140822,67.52527341966848,1.7796030116358659,1.7768651608487338
hysets_05594090,hysets,United States of America,38.54138889,-89.6266667,322.7573837391644,1.7796030116358659,1.7768651608487338
hysets_07359002,hysets,United States of America,34.4261111,-92.8908333,4001.441308577264,1.7796030116358659,2.0150581793292264
hysets_09372200,hysets,United States of America,37.2166635,-109.1840014,1856.562199506009,1.78507871321013,1.782340862422998
hysets_11336000,hysets,United States of America,38.3579675,-121.343839,1869.0739177857413,1.787816563997262,1.78507871321013
hysets_13076100,hysets,United States of America,42.7010246,-112.5585929,200.79189296440296,1.7905544147843941,1.787816563997262
hysets_07017115,hysets,United States of America,38.49977567,-90.6887398,40.650989709119855,1.7905544147843941,1.787816563997262
hysets_13076110,hysets,United States of America,42.7013022,-112.6022058,810.2320783218531,1.7905544147843941,1.787816563997262
hysets_01073848,hysets,United States of America,42.90314535,-70.9008878,9.120932959954152,1.7905544147843941,1.787816563997262
GRDC_4208851,grdc,Canada,54.6021,-112.9479,197.678711147582,1.7932922655715264,2.6365503080082138
hysets_09489100,hysets,United States of America,33.70755199,-109.4473074,813.9966575804737,1.7932922655715264,1.7905544147843941
hysets_03109320,hysets,United States of America,40.7925627,-80.5220125,7.977777228995248,1.7932922655715264,1.7905544147843941
hysets_1307599660,hysets,United States of America,42.5879698,-112.5885923,40.20352030590677,1.7932922655715264,1.7905544147843941
hysets_02296057,hysets,United States of America,27.51809267,-81.66591258,41.62559937267979,1.7932922655715264,1.7905544147843941
hysets_1307599910,hysets,United States of America,42.6522222,-112.7047222,28.206453850095222,1.7932922655715264,1.7905544147843941
hysets_11384600,hysets,United States of America,39.29655299,-122.5405422,110.29384086521831,1.7960301163586585,1.7932922655715264
hysets_08179000,hysets,United States of America,29.67550339,-98.9761429,1231.8091012350642,1.7987679671457906,1.7960301163586585
hysets_01105895,hysets,United States of America,41.7701033,-70.7544806,146.5934061666899,1.7987679671457906,1.7960301163586585
hysets_05438250,hysets,United States of America,42.1825,-88.64138889,219.90786676594027,1.8015058179329226,1.7987679671457906
hysets_05572450,hysets,United States of America,39.98920306,-88.805075,291.42724136555967,1.8015058179329226,1.7987679671457906
hysets_05592300,hysets,United States of America,39.1583762,-88.8056166,124.71992602257411,1.8069815195071868,1.8042436687200547
hysets_02237733,hysets,United States of America,28.80638079,-81.614796,6.12805318432746,1.809719370294319,1.8069815195071868
GRDC_1196120,grdc,South Africa,-25.7937,28.7563,1584.38416096832,1.809719370294319,1.8069815195071868
hysets_05288840,hysets,United States of America,45.00024278,-93.3277272,84.40054930141149,1.809719370294319,2.412046543463381
hysets_08105000,hysets,United States of America,30.6540824,-97.6552863,1048.7057091447414,1.809719370294319,2.4969199178644765
hysets_07184220,hysets,United States of America,37.2372821,-94.9180168,66.27114312375836,1.8179329226557153,2.568104038329911
hysets_01112268,hysets,United States of America,42.01593146,-71.5072837,85.6737387053429,1.8206707734428473,1.8179329226557153
hysets_04102420,hysets,United States of America,42.2178156,-86.1997441,794.7578143497517,1.8234086242299794,1.8206707734428473
hysets_08053030,hysets,United States of America,33.00151114,-96.8863926,10.541055727887631,1.8234086242299794,2.943189596167009
hysets_07290500,hysets,United States of America,32.00015647,-90.683433,973.2044448210756,1.8261464750171115,24.49281314168378
hysets_06862500,hysets,United States of America,38.76862365,-99.560034,13982.03765598712,1.8261464750171115,62.25051334702259
hysets_06286250,hysets,United States of America,44.93138889,-108.2233333,48862.35913357323,1.8288843258042438,1.8261464750171115
hysets_12200000,hysets,United States of America,48.4248281,-122.209598,52.60060068267643,1.8288843258042438,1.8261464750171115
hysets_01480650,hysets,United States of America,40.09871135,-75.8452155,15.78762908037809,1.8316221765913758,1.8288843258042438
hysets_07030137,hysets,United States of America,35.69345639,-89.69512369,205.98766078017945,1.8316221765913758,1.8288843258042438
hysets_13052500,hysets,United States of America,43.73027778,-111.2591667,31.68759217352565,1.8316221765913758,1.8288843258042438
hysets_13051000,hysets,United States of America,43.5632547,-111.069108,124.33271387758482,1.834360027378508,1.8316221765913758
hysets_01513790,hysets,United States of America,42.14888889,-76.06638889,235.05020951010044,1.834360027378508,2.078028747433265
hysets_07232024,hysets,United States of America,34.94953965,-95.8502718,99.31790841346572,1.834360027378508,1.8316221765913758
hysets_08123700,hysets,United States of America,32.26262005,-101.4420685,24697.384489661366,1.83709787816564,1.834360027378508
hysets_02296222,hysets,United States of America,27.4780935,-81.5567431,120.15071038275111,1.8535249828884326,1.8507871321013005
hysets_03409400,hysets,United States of America,36.35350048,-84.6906177,253.51009619523848,1.8562628336755647,1.9082819986310746
hysets_07288700,hysets,United States of America,32.9717936,-90.7778758,6776.835269751415,1.8562628336755647,9.286789869952088
hysets_07080980,hysets,United States of America,39.2913775,-106.3691928,4.554325615502736,1.8562628336755647,3.4223134839151266
hysets_11447030,hysets,United States of America,38.60240499,-121.3955082,13.41840609085336,1.8590006844626967,2.6091718001368926
hysets_01464710,hysets,United States of America,40.2889952,-75.2026734,29.975033612964136,1.8617385352498288,1.8590006844626967
hysets_03204220,hysets,United States of America,38.09444444,-81.9783333,43.77463767668186,1.8617385352498288,1.8590006844626967
hysets_03207905,hysets,United States of America,37.42871789,-82.2476405,24.67740041988472,1.8617385352498288,1.8590006844626967
hysets_08JC013,hysets,Canada,53.94111,-124.1069,373.195646937894,1.8672142368240932,3.4140999315537304
hysets_09310575,hysets,United States of America,39.6499634,-111.1557269,5.097794956987874,1.8672142368240932,1.864476386036961
hysets_02394515,hysets,United States of America,34.1011111,-84.7375,340.54008099176264,1.8699520876112252,1.8699520876112252
hysets_01140590,hysets,United States of America,43.9203457,-72.1598125,4.385293208049442,1.8699520876112252,1.8672142368240932
hysets_01140600,hysets,United States of America,43.90979035,-72.15759008,18.83142201406028,1.8699520876112252,1.8672142368240932
hysets_01140570,hysets,United States of America,43.93617877,-72.1367566,1.4496667452592926,1.8699520876112252,1.8672142368240932
GRDC_4212720,grdc,Canada,67.5438,-63.9771,27.409679243952,1.8699520876112252,8.271047227926077
hysets_13301900,hysets,United States of America,44.6186111,-113.981111,2025.3987582285165,1.8754277891854894,1.9411362080766599
hysets_05574500,hysets,United States of America,39.5525,-89.2538889,717.4919426695737,1.8809034907597535,1.8781656399726214
hysets_02176720,hysets,United States of America,32.23166667,-80.8694444,61.276940074418256,1.8809034907597535,2.0095824777549622
hysets_12069651,hysets,United States of America,47.7989837,-122.5820889,15.013759185448563,1.8809034907597535,1.8781656399726214
hysets_05EE915,hysets,Canada,53.17694,-112.0683,309.9286805601928,1.8863791923340179,2.625598904859685
hysets_01621410,hysets,United States of America,38.4220696,-78.8872493,25.4699280904589,1.88911704312115,1.8863791923340179
hysets_03206980,hysets,United States of America,38.1811976,-82.475709,280.7066602356567,1.891854893908282,1.88911704312115
hysets_07231975,hysets,United States of America,34.8014871,-95.6547065,356.66555778070494,1.891854893908282,2.0123203285420943
hysets_08MG023,hysets,Canada,49.32972,-121.9753,362.2579068887189,1.894592744695414,1.891854893908282
hysets_01315081,hysets,United States of America,43.7987222,-74.22952778,504.1234622590959,1.9000684462696784,1.8973305954825461
hysets_09313965,hysets,United States of America,39.7024637,-110.6779354,65.22136525433152,1.9028062970568105,3.1184120465434635
hysets_03575980,hysets,United States of America,34.69259115,-86.627494,25.26374372687689,1.9028062970568105,1.995893223819302
hysets_12049000,hysets,United States of America,48.14425967,-123.129067,510.2734339751788,1.9055441478439425,1.9028062970568105
camelscl_11151001,camelscl,Chile,-45.3468055555556,-73.0379166666667,699.4831499341981,1.9082819986310746,2.8747433264887063
hysets_0424016975,hysets,United States of America,42.89444444,-76.3019444,15.208869622668342,1.9110198494182067,1.9082819986310746
hysets_0424016825,hysets,United States of America,42.88944444,-76.2972222,8.72226531577775,1.9110198494182067,1.9082819986310746
hysets_01576105,hysets,United States of America,40.14565158,-76.07772469,130.9017854914695,1.9110198494182067,1.9082819986310746
hysets_04240145,hysets,United States of America,42.7875,-76.1966667,8.082691254193959,1.9110198494182067,1.9082819986310746
hysets_0424016205,hysets,United States of America,42.87527778,-76.3055556,9.67476204753038,1.9110198494182067,1.9082819986310746
hysets_12483600,hysets,United States of America,47.1262365,-120.494237,40.05153271250776,1.9110198494182067,3.164955509924709
hysets_06319480,hysets,United States of America,44.44330448,-106.9106126,107.29870403888305,1.9137577002053388,1.9110198494182067
hysets_14034350,hysets,United States of America,45.84152055,-119.9261464,511.2059323639096,1.9137577002053388,1.9110198494182067
hysets_01012570,hysets,United States of America,46.7894861,-68.773225,180.0607090522829,1.9137577002053388,1.9110198494182067
hysets_06319470,hysets,United States of America,44.4435821,-106.9206129,106.82261334738226,1.9137577002053388,1.9110198494182067
hysets_01527050,hysets,United States of America,42.4911111,-77.4858333,8.766497752283591,1.9137577002053388,1.9110198494182067
hysets_12121810,hysets,United States of America,47.58732266,-122.0537317,2.495926088248787,1.9137577002053388,2.329911019849418
hysets_03575890,hysets,United States of America,34.72759099,-86.5933262,58.22449720678304,1.9164955509924708,16.59958932238193
hysets_01012515,hysets,United States of America,46.73063056,-68.77145278,33.899205530278635,1.9164955509924708,1.9137577002053388
hysets_0208705200,hysets,United States of America,36.08848127,-78.6019463,16.35767541924185,1.9164955509924708,1.9137577002053388
hysets_02053244,hysets,United States of America,36.4001541,-76.9302369,10943.757728934756,1.9164955509924708,1.998631074606434
hysets_03212700,hysets,United States of America,37.429836,-81.55205038,179.960581869549,1.9247091033538672,1.9219712525667352
hysets_14205800,hysets,United States of America,45.56928106,-123.0720518,370.4015652004939,1.9274469541409993,3.4140999315537304
hysets_09174700,hysets,United States of America,37.9108255,-108.3361949,18.6436549398673,1.9301848049281314,5.25119780971937
hysets_01621470,hysets,United States of America,38.3787374,-78.9280836,45.54273875001488,1.9329226557152634,1.9301848049281314
hysets_06342230,hysets,United States of America,47.0661057,-101.2368128,118.34859625673904,1.9329226557152634,1.9301848049281314
hysets_13301990,hysets,United States of America,44.6638144,-114.028393,2123.2740361281253,1.9411362080766599,1.9383983572895278
hysets_02050160,hysets,United States of America,36.5084861,-76.908016,6713.345652615247,1.9411362080766599,1.998631074606434
hysets_03431490,hysets,United States of America,36.2060831,-86.7733706,5.148335417540982,1.943874058863792,1.995893223819302
hysets_04084445,hysets,United States of America,44.24805556,-88.4230556,15407.802019765497,1.943874058863792,1.995893223819302
hysets_0209560800,hysets,United States of America,36.17902388,-79.57641469,626.8270196673733,1.946611909650924,2.1245722108145104
hysets_02105524,hysets,United States of America,34.76739165,-78.6897386,4.358648578471177,1.946611909650924,1.943874058863792
hysets_0423368620,hysets,United States of America,42.49027778,-76.3061111,78.82875954691795,1.9520876112251881,1.949349760438056
hysets_03576800,hysets,United States of America,34.39398654,-87.2844629,3.2225321150044075,1.9630390143737166,2.329911019849418
hysets_09485500,hysets,United States of America,32.25007567,-110.8506429,1540.9529015974242,1.9739904175222451,1.995893223819302
hysets_05430030,hysets,United States of America,42.92722267,-89.3848413,29.042858233853345,1.9767282683093772,2.535249828884326
hysets_03431062,hysets,United States of America,36.1172803,-86.7269424,2.8275123481523265,1.9794661190965093,1.998631074606434
hysets_03282075,hysets,United States of America,37.6395293,-83.78464,59.987836686126144,1.9794661190965093,2.080766598220397
hysets_11230650,hysets,United States of America,37.3099434,-119.0392846,3.412000229711853,1.9931553730321698,9.99315537303217
hysets_01208850,hysets,United States of America,41.2470408,-73.1973353,39.8573630011096,1.9931553730321698,1.9931553730321698
hysets_14216350,hysets,United States of America,46.11733517,-122.0078659,211.09702495347955,1.995893223819302,1.9931553730321698
hysets_02231565,hysets,United States of America,28.13029378,-81.001729,68.22752724104568,1.995893223819302,1.9931553730321698
hysets_10271211,hysets,United States of America,37.34965199,-118.4623352,269.9025186214771,1.995893223819302,1.9931553730321698
hysets_14016610,hysets,United States of America,46.2648639,-117.9082629,275.57366553925743,1.995893223819302,1.9931553730321698
hysets_09035830,hysets,United States of America,39.70415327,-105.962515,10.536841275640915,1.995893223819302,1.9931553730321698
hysets_01569980,hysets,United States of America,40.25286635,-77.0352548,1145.0691914818192,1.995893223819302,1.9931553730321698
hysets_05567000,hysets,United States of America,40.7733333,-89.0769444,237.4428307339448,1.995893223819302,1.9931553730321698
hysets_05414849,hysets,United States of America,42.7186065,-90.3948504,6.2491796439796525,1.995893223819302,1.9931553730321698
hysets_06207870,hysets,United States of America,45.36494785,-108.8676426,120.55380343261952,1.995893223819302,1.9931553730321698
hysets_06207850,hysets,United States of America,45.33744819,-108.8359742,113.89651979816055,1.995893223819302,1.9931553730321698
hysets_06204300,hysets,United States of America,45.4832763,-109.4512774,101.55188232758344,1.995893223819302,1.9931553730321698
hysets_12125950,hysets,United States of America,47.81843086,-122.2079059,11.24085615292991,1.995893223819302,1.9931553730321698
hysets_12123100,hysets,United States of America,47.71732139,-122.0865123,29.89164642645333,1.995893223819302,1.9931553730321698
hysets_12123200,hysets,United States of America,47.70037718,-122.0701229,3.64032288454242,1.995893223819302,1.9931553730321698
hysets_12147800,hysets,United States of America,47.70816,-121.6151078,22.137663632141813,1.995893223819302,1.9931553730321698
hysets_09400600,hysets,United States of America,35.2216774,-111.6573843,128.98223999479276,1.995893223819302,2.9952087611225187
hysets_06303000,hysets,United States of America,44.5735795,-107.1700691,8.100600067358057,1.995893223819302,1.9931553730321698
hysets_02297153,hysets,United States of America,27.4908723,-82.0286976,32.748810304708435,1.995893223819302,1.9931553730321698
hysets_02087190,hysets,United States of America,35.90903959,-78.5547238,2050.962982190988,1.995893223819302,1.9931553730321698
hysets_03070350,hysets,United States of America,39.5945267,-79.7486655,2917.373087565122,1.995893223819302,1.9931553730321698
hysets_03062213,hysets,United States of America,39.58202689,-80.10451678,6.026341864007058,1.995893223819302,1.9931553730321698
hysets_03061435,hysets,United States of America,39.54313924,-80.3900855,3.568176254296813,1.995893223819302,1.9931553730321698
hysets_12109500,hysets,United States of America,47.3726007,-122.1140067,17.376425544075623,1.995893223819302,1.9931553730321698
hysets_12110000,hysets,United States of America,47.3437118,-122.1345623,56.36916571678878,1.995893223819302,1.9931553730321698
hysets_04071775,hysets,United States of America,44.89527778,-87.8302778,2536.780348181751,1.995893223819302,1.9931553730321698
hysets_03195100,hysets,United States of America,38.6353814,-80.4659192,137.3703023530551,1.995893223819302,1.9931553730321698
hysets_03061495,hysets,United States of America,39.51063918,-80.2139698,4.432698910665984,1.995893223819302,1.9931553730321698
hysets_01196220,hysets,United States of America,41.537042,-72.871768,177.86544774650903,1.995893223819302,1.9931553730321698
hysets_12200737,hysets,United States of America,48.56371209,-122.9571246,0.9000701090265135,1.995893223819302,1.9931553730321698
hysets_12126800,hysets,United States of America,47.82537486,-122.2554072,27.440439194785814,1.995893223819302,1.9931553730321698
hysets_07033800,hysets,United States of America,37.65143958,-90.5767895,5.713082726781597,1.995893223819302,1.9931553730321698
hysets_0212501005,hysets,United States of America,35.3068099,-80.3186729,161.5756839347712,1.995893223819302,1.9931553730321698
hysets_06478420,hysets,United States of America,43.2263799,-97.6792337,280.1322717911376,1.995893223819302,1.9931553730321698
hysets_01390300,hysets,United States of America,41.0783333,-74.0675,5.703243783099564,1.995893223819302,1.9931553730321698
hysets_01387300,hysets,United States of America,41.1622222,-74.1858333,47.83724612523302,1.995893223819302,1.9931553730321698
hysets_01387480,hysets,United States of America,41.115,-74.1458333,53.85777229246639,1.995893223819302,1.9931553730321698
hysets_09367687,hysets,United States of America,35.8486296,-108.0606207,591.7624393119124,1.995893223819302,1.9931553730321698
hysets_01374440,hysets,United States of America,41.22666667,-73.9841667,44.507952628962045,1.995893223819302,1.9931553730321698
hysets_01376900,hysets,United States of America,41.05444444,-73.9816667,115.7667848418141,1.995893223819302,1.9931553730321698
hysets_01377200,hysets,United States of America,41.10416667,-74.0322222,11.702793428491956,1.995893223819302,1.9931553730321698
hysets_05565500,hysets,United States of America,40.66309074,-88.9397941,175.57389957566662,1.995893223819302,1.9931553730321698
hysets_04084475,hysets,United States of America,44.28054316,-88.268717,15486.92786753028,1.995893223819302,1.9931553730321698
hysets_03508910,hysets,United States of America,35.39760097,-83.1293091,57.71978783313324,1.995893223819302,1.9931553730321698
hysets_02365800,hysets,United States of America,30.5385274,-85.9204909,67.5017413705645,1.995893223819302,1.9931553730321698
hysets_11129000,hysets,United States of America,34.59581965,-120.1926503,39.6611294624259,1.995893223819302,1.9931553730321698
hysets_07186690,hysets,United States of America,36.82880556,-94.0500278,176.86736335352182,1.995893223819302,1.9931553730321698
hysets_03183000,hysets,United States of America,37.68484474,-80.4567373,220.28596821854345,1.995893223819302,1.9931553730321698
hysets_03178000,hysets,United States of America,37.43345124,-81.1109264,515.3115758252594,1.995893223819302,1.9931553730321698
hysets_06198000,hysets,United States of America,45.61460278,-110.1258389,219.35323461848128,1.995893223819302,1.9931553730321698
hysets_12449760,hysets,United States of America,48.2362554,-120.1131347,3955.146455056867,1.995893223819302,1.9931553730321698
hysets_02343260,hysets,United States of America,31.60433476,-85.0552063,19592.22481549848,1.995893223819302,1.9931553730321698
hysets_11451700,hysets,United States of America,39.01239508,-122.3594202,11.708065339786645,1.995893223819302,1.9931553730321698
hysets_11469800,hysets,United States of America,39.43821498,-122.760828,2.0575352624842647,1.995893223819302,1.9931553730321698
hysets_11463160,hysets,United States of America,38.76351754,-122.74638,7.240969159055499,1.995893223819302,1.9931553730321698
hysets_09249700,hysets,United States of America,40.21858678,-107.5814526,38.52188664085556,1.995893223819302,1.9931553730321698
hysets_01515050,hysets,United States of America,41.9811853,-76.5068875,12726.647651961672,1.995893223819302,1.9931553730321698
hysets_12334600,hysets,United States of America,47.0433861,-112.4049472,38.827535398764326,1.995893223819302,1.9931553730321698
hysets_03207500,hysets,United States of America,37.2978881,-82.12596789,617.7416735688308,1.995893223819302,1.9931553730321698
hysets_05433510,hysets,United States of America,42.77583445,-89.9984581,15.314419884668,1.995893223819302,1.9931553730321698
hysets_05414915,hysets,United States of America,42.66749825,-90.3292943,7.506078971105336,1.995893223819302,1.9931553730321698
hysets_05418731,hysets,United States of America,42.5227823,-90.1340143,24.3225889530232,1.995893223819302,1.9931553730321698
hysets_12367500,hysets,United States of America,48.1649972,-114.4323778,525.2562448165063,1.995893223819302,1.9931553730321698
hysets_01483670,hysets,United States of America,39.1770566,-75.5815927,23.898493027143218,1.995893223819302,1.9931553730321698
hysets_03437500,hysets,United States of America,36.8394899,-87.481397,119.27859581288396,1.995893223819302,1.9931553730321698
hysets_09205490,hysets,United States of America,42.66104629,-110.4896187,76.76671469725723,1.998631074606434,1.995893223819302
hysets_03037400,hysets,United States of America,40.75978649,-79.1386471,24.002790236807154,1.998631074606434,1.995893223819302
hysets_03042700,hysets,United States of America,40.55423369,-79.1917019,27.034692703875443,1.998631074606434,1.995893223819302
hysets_01464930,hysets,United States of America,40.23344136,-75.07155919,11.253955965002133,1.998631074606434,1.995893223819302
hysets_01440272,hysets,United States of America,41.19203435,-75.2865707,14.507160293696078,1.998631074606434,1.995893223819302
hysets_09306246,hysets,United States of America,39.9671942,-108.3881467,14.483951548479894,1.998631074606434,1.995893223819302
hysets_021603257,hysets,United States of America,34.86317327,-82.2506702,36.302437345671486,1.998631074606434,1.995893223819302
hysets_09191300,hysets,United States of America,42.765,-110.5225,55.39953887805116,1.998631074606434,1.995893223819302
hysets_05424009,hysets,United States of America,43.5358333,-88.5611111,30.01458510148225,1.998631074606434,1.995893223819302
hysets_05414920,hysets,United States of America,42.6458321,-90.3437388,38.74542879716952,1.998631074606434,1.995893223819302
hysets_12361700,hysets,United States of America,48.2252722,-113.8431722,8.405863822957253,1.998631074606434,1.995893223819302
GRDC_4127930,grdc,United States of America,31.0063,-91.6229,2934842.12637456,1.998631074606434,8.996577686516085
hysets_12392450,hysets,United States of America,48.3669444,-116.4019444,124.34431152631592,1.998631074606434,1.995893223819302
hysets_12196150,hysets,United States of America,48.50733218,-122.0123707,6402.417911729716,1.998631074606434,1.995893223819302
hysets_10336658,hysets,United States of America,39.09074049,-120.1626903,5.196619140556565,1.998631074606434,1.995893223819302
hysets_09306620,hysets,United States of America,39.9071893,-109.2659513,245.58486784065155,1.998631074606434,1.995893223819302
hysets_05424013,hysets,United States of America,43.5508333,-88.5611111,3.6857701144335913,1.998631074606434,1.995893223819302
hysets_05414894,hysets,United States of America,42.68277495,-90.3670724,13.867123406992285,1.998631074606434,1.995893223819302
hysets_11518200,hysets,United States of America,41.2956996,-122.810029,108.00345230964903,1.998631074606434,1.995893223819302
hysets_03068604,hysets,United States of America,38.923442,-79.669782,2.8169706261347724,1.998631074606434,1.995893223819302
hysets_09149910,hysets,United States of America,38.6149857,-108.2067424,68.18283307274127,1.998631074606434,1.995893223819302
hysets_03068607,hysets,United States of America,38.91733086,-79.68617158,3.8247565185434738,1.998631074606434,1.995893223819302
hysets_07287405,hysets,United States of America,33.1195715,-90.191197,462.8298454584096,1.998631074606434,1.995893223819302
hysets_07289460,hysets,United States of America,32.9542975,-89.8923055,3432.4045217291227,1.998631074606434,1.995893223819302
hysets_01198300,hysets,United States of America,42.0273151,-73.262059,42.56773882765383,1.998631074606434,1.995893223819302
hysets_01198700,hysets,United States of America,41.92648309,-73.2798385,14.481375399337036,1.998631074606434,1.995893223819302
hysets_01199030,hysets,United States of America,41.9884259,-73.43262099,14.201330867118244,1.998631074606434,1.995893223819302
hysets_04189950,hysets,United States of America,41.05143938,-84.1980013,1921.9180966411177,1.998631074606434,1.995893223819302
hysets_01198240,hysets,United States of America,42.0062046,-73.23289208,36.02883644695896,1.998631074606434,1.995893223819302
hysets_09496000,hysets,United States of America,34.01838007,-110.242331,533.7050694206782,1.998631074606434,1.995893223819302
hysets_09189495,hysets,United States of America,42.94632478,-110.395174,110.56176193052048,1.998631074606434,1.995893223819302
hysets_11464050,hysets,United States of America,38.88601437,-123.1552822,2.96318855444757,1.998631074606434,1.995893223819302
hysets_11107922,hysets,United States of America,34.41527416,-118.543697,114.28488340787727,1.998631074606434,1.995893223819302
hysets_11070263,hysets,United States of America,33.8805733,-117.1697572,1.1424258474338933,1.998631074606434,1.995893223819302
hysets_11040700,hysets,United States of America,33.27642304,-117.225868,1291.0403160358194,1.998631074606434,1.995893223819302
hysets_06289800,hysets,United States of America,44.94357696,-107.4853676,29.7836398017084,1.998631074606434,1.995893223819302
hysets_02308931,hysets,United States of America,27.81613675,-82.6870441,4.951985639107878,1.998631074606434,1.995893223819302
hysets_02024300,hysets,United States of America,37.68624498,-79.4339252,319.3389650294292,1.998631074606434,1.995893223819302
hysets_06078230,hysets,United States of America,47.3891972,-111.1387972,203.6800491307927,1.998631074606434,1.995893223819302
hysets_01201470,hysets,United States of America,41.4067616,-73.425399,94.43908712830554,1.998631074606434,1.995893223819302
hysets_06050700,hysets,United States of America,45.8235414,-110.98689,7.44937344825468,1.998631074606434,1.995893223819302
hysets_06078250,hysets,United States of America,47.36828056,-111.15905,28.55598700821844,1.998631074606434,1.995893223819302
hysets_01199033,hysets,United States of America,41.9753705,-73.4212318,23.604534648835017,1.998631074606434,1.995893223819302
hysets_07229427,hysets,United States of America,34.78453037,-96.7139018,513.0020534442345,1.998631074606434,1.995893223819302
hysets_04085059,hysets,United States of America,44.44943598,-88.0645473,15839.95983059754,1.998631074606434,1.995893223819302
hysets_02096842,hysets,United States of America,36.0259733,-79.17473658,1.249840272375761,1.998631074606434,1.995893223819302
hysets_06315490,hysets,United States of America,44.06997076,-106.8219965,63.82735159918975,1.998631074606434,1.995893223819302
hysets_06298480,hysets,United States of America,44.8069114,-107.3470258,29.591306822852008,1.998631074606434,1.995893223819302
hysets_09403630,hysets,United States of America,37.32164845,-112.3276987,38.39764098956629,1.998631074606434,1.995893223819302
hysets_09403620,hysets,United States of America,37.36359328,-112.3424221,12.404759647729175,1.998631074606434,1.995893223819302
hysets_09403650,hysets,United States of America,37.33637115,-112.3727012,25.48211243826148,1.998631074606434,1.995893223819302
hysets_09403640,hysets,United States of America,37.3027596,-112.3454772,6.876149062053842,1.998631074606434,1.995893223819302
hysets_06046500,hysets,United States of America,45.64362778,-110.9265583,128.05643850986678,1.998631074606434,1.995893223819302
hysets_06047000,hysets,United States of America,45.62406667,-110.9348667,44.39825676712419,1.998631074606434,1.995893223819302
hysets_06299490,hysets,United States of America,44.76496875,-107.2472988,86.66004309101773,1.998631074606434,1.995893223819302
hysets_07351571,hysets,United States of America,32.19210349,-93.5546211,955.480436818688,1.998631074606434,1.995893223819302
hysets_06298490,hysets,United States of America,44.806079,-107.2961906,36.71900667764199,1.998631074606434,1.995893223819302
hysets_02368800,hysets,United States of America,30.8340746,-86.4285603,239.44335688486947,1.998631074606434,1.995893223819302
hysets_12080670,hysets,United States of America,47.0498185,-122.8051352,32.10510129798133,1.998631074606434,1.995893223819302
hysets_09456800,hysets,United States of America,32.60840198,-109.5339599,5235.898939518077,1.998631074606434,1.995893223819302
hysets_12102212,hysets,United States of America,47.2284329,-122.3917891,9.13036002684792,1.998631074606434,1.995893223819302
hysets_06202610,hysets,United States of America,45.47772007,-109.730174,963.158443660321,1.998631074606434,1.995893223819302
hysets_05345100,hysets,United States of America,44.65913365,-93.0079896,83.26694623744562,1.998631074606434,10.743326488706366
GRDC_3628050,grdc,Brazil,-1.2563,-60.4062,1508.25888317296,1.998631074606434,1.995893223819302
hysets_03195250,hysets,United States of America,38.68871407,-80.43230719,119.63406257282796,1.998631074606434,1.995893223819302
hysets_01581657,hysets,United States of America,39.490575,-76.1916611,10.406444697539271,1.998631074606434,1.995893223819302
hysets_01589522,hysets,United States of America,39.1437199,-76.6066323,13.366679623306055,1.998631074606434,1.995893223819302
hysets_03213594,hysets,United States of America,37.47483069,-82.0876291,4.0854391974764335,1.998631074606434,1.995893223819302
hysets_10172950,hysets,United States of America,41.85991915,-113.3605536,10.493697066248275,1.998631074606434,1.995893223819302
hysets_10172921,hysets,United States of America,41.73714176,-113.8236207,47.72584388916463,1.998631074606434,1.995893223819302
hysets_03198690,hysets,United States of America,37.92416667,-81.8283333,114.46775787303172,1.998631074606434,1.995893223819302
hysets_08086235,hysets,United States of America,32.5529025,-99.109239,257.74155881159817,1.998631074606434,1.995893223819302
hysets_12078730,hysets,United States of America,47.02537416,-122.932363,12.797046251823966,1.998631074606434,1.995893223819302
hysets_06046300,hysets,United States of America,45.7152063,-111.3549603,76.37119603491597,1.998631074606434,1.995893223819302
hysets_06051500,hysets,United States of America,45.9096509,-111.1827313,248.10500292648,1.998631074606434,1.995893223819302
hysets_07156225,hysets,United States of America,37.6847372,-101.6721161,2175.517912853729,1.998631074606434,1.995893223819302
hysets_03267600,hysets,United States of America,40.0106151,-83.8354859,62.34451027945854,1.998631074606434,1.995893223819302
hysets_07077952,hysets,United States of America,34.50482295,-90.8498358,1178.8947884411414,1.998631074606434,1.995893223819302
hysets_03319500,hysets,United States of America,37.5628288,-86.77110029,1988.249477963443,1.998631074606434,1.995893223819302
hysets_06889640,hysets,United States of America,39.03666708,-95.6697035,111.46939901109684,1.998631074606434,1.995893223819302
hysets_06044300,hysets,United States of America,45.54298516,-111.1410614,34.875546641161144,1.998631074606434,1.995893223819302
hysets_11181004,hysets,United States of America,37.7115965,-122.0635737,2.503478135806766,1.998631074606434,1.995893223819302
hysets_06646300,hysets,United States of America,42.7213545,-105.9663976,19.388684317570483,1.998631074606434,1.995893223819302
hysets_06628700,hysets,United States of America,41.4457934,-107.2128317,65.43890488908954,1.998631074606434,1.995893223819302
hysets_06863990,hysets,United States of America,38.8184562,-98.9775704,2166.816041002536,1.998631074606434,1.995893223819302
hysets_06889635,hysets,United States of America,39.01694516,-95.6805372,12.544363486019344,1.998631074606434,1.995893223819302
hysets_10256200,hysets,United States of America,33.9983474,-116.9089118,38.09763315925692,1.998631074606434,1.995893223819302
hysets_06628750,hysets,United States of America,41.5180147,-107.1381073,132.08024440402497,1.998631074606434,1.995893223819302
hysets_13093095,hysets,United States of America,42.62351975,-114.5336525,788.4670241209977,1.998631074606434,1.995893223819302
hysets_13256800,hysets,United States of America,44.64516568,-116.3740306,167.9599283609198,1.998631074606434,1.995893223819302
hysets_06044100,hysets,United States of America,45.5309222,-111.1796417,14.292578080247225,1.998631074606434,1.995893223819302
hysets_06044200,hysets,United States of America,45.5179847,-111.193841,10.479568396128546,1.998631074606434,1.995893223819302
hysets_06299480,hysets,United States of America,44.7599684,-107.2653549,84.03473460405176,1.998631074606434,1.995893223819302
hysets_12202050,hysets,United States of America,48.73188889,-122.3084722,13.17669378615381,1.998631074606434,1.995893223819302
hysets_02082610,hysets,United States of America,35.9773765,-77.7594216,2475.6188330549226,1.998631074606434,1.995893223819302
hysets_01184300,hysets,United States of America,41.991763,-72.4342504,9.056365412619591,1.998631074606434,1.995893223819302
hysets_09306248,hysets,United States of America,39.9819165,-108.453427,101.03729192868003,1.998631074606434,1.995893223819302
hysets_09306250,hysets,United States of America,39.98024974,-108.4081475,129.1390267440531,1.998631074606434,1.995893223819302
hysets_06627300,hysets,United States of America,41.2999615,-107.1181085,33.37504047797883,1.998631074606434,1.995893223819302
hysets_02125816,hysets,United States of America,34.9754319,-80.3036742,230.1558208120713,1.998631074606434,1.995893223819302
hysets_08KH014,hysets,Canada,52.84333,-120.7417,256.63197072516766,1.998631074606434,1.995893223819302
hysets_06048600,hysets,United States of America,45.72493079,-110.9924457,4.403306719503001,1.998631074606434,1.995893223819302
hysets_054070396,hysets,United States of America,43.03776655,-90.5612368,55.15745982833164,1.998631074606434,1.995893223819302
hysets_08NM015,hysets,Canada,49.26222,-119.4742,256.62875462375746,1.998631074606434,1.995893223819302
hysets_01470736,hysets,United States of America,40.51592769,-75.7710283,52.90709424187244,1.998631074606434,1.995893223819302
hysets_06044400,hysets,United States of America,45.5388183,-111.1632844,10.29300593764235,1.998631074606434,1.995893223819302
hysets_09306244,hysets,United States of America,39.93386118,-108.4270369,97.68408984585314,1.998631074606434,1.995893223819302
hysets_13157150,hysets,United States of America,42.93277778,-115.560611,288.17546981626487,1.998631074606434,1.995893223819302
hysets_11149650,hysets,United States of America,36.0194116,-121.2385359,13.078686388000166,1.998631074606434,1.995893223819302
GRDC_6212430,grdc,Spain,41.0312,-6.8187,74968.207455673,2.001368925393566,1.998631074606434
hysets_12200701,hysets,United States of America,48.31899087,-122.3251552,16.094721179515872,2.001368925393566,1.998631074606434
hysets_12103000,hysets,United States of America,47.2670445,-122.3295662,20.6094162722098,2.001368925393566,1.998631074606434
hysets_06078270,hysets,United States of America,47.4050111,-111.1637083,16.505033459051962,2.001368925393566,1.998631074606434
hysets_054240957,hysets,United States of America,43.32111297,-88.3348185,32.243124603778114,2.001368925393566,1.998631074606434
hysets_05424095,hysets,United States of America,43.32139078,-88.3300962,20.570033310100083,2.001368925393566,1.998631074606434
hysets_11447330,hysets,United States of America,38.6565703,-121.3824525,5.683889039994571,2.001368925393566,1.998631074606434
hysets_08068900,hysets,United States of America,30.00660994,-95.511885,640.216292425172,2.001368925393566,1.998631074606434
hysets_12415285,hysets,United States of America,47.51351489,-116.90963,38.44698125008616,2.001368925393566,1.998631074606434
hysets_12102900,hysets,United States of America,47.2526001,-122.3287327,12.096830527093395,2.001368925393566,1.998631074606434
hysets_12464606,hysets,United States of America,46.9304106,-119.8997709,119.0322401260834,2.001368925393566,1.998631074606434
hysets_12415290,hysets,United States of America,47.53407308,-116.7540704,27.840316176633944,2.001368925393566,1.998631074606434
hysets_12415250,hysets,United States of America,47.3594444,-116.7869444,111.3273232649476,2.001368925393566,1.998631074606434
hysets_11159500,hysets,United States of America,36.90523114,-121.7513388,3289.5136797460536,2.001368925393566,1.998631074606434
hysets_06078260,hysets,United States of America,47.317175,-111.18805,42.31330854523035,2.001368925393566,1.998631074606434
hysets_05341402,hysets,United States of America,45.44690309,-92.4504759,130.65132667133932,2.001368925393566,1.998631074606434
hysets_03535195,hysets,United States of America,36.0269444,-84.0273814,135.03286622803728,2.001368925393566,1.998631074606434
hysets_06402990,hysets,United States of America,43.77054079,-103.5515827,136.68444419328063,2.001368925393566,1.998631074606434
camelsch_2644,camelsch,CH,46.51,9.86,175.72553927400645,2.001368925393566,1.998631074606434
hysets_11153790,hysets,United States of America,37.0902258,-121.8046744,7.629291649730989,2.001368925393566,1.998631074606434
hysets_14211898,hysets,United States of America,45.6345617,-122.6237075,46.90389618397016,2.001368925393566,1.998631074606434
GRDC_6212330,grdc,Spain,41.9938,-7.4437,191.848987628279,2.001368925393566,1.998631074606434
GRDC_6172022,grdc,Estonia,58.8188,24.2104,678.385675172111,2.001368925393566,1.998631074606434
hysets_10317460,hysets,United States of America,41.25213499,-115.7964645,52.28694326066398,2.001368925393566,1.998631074606434
hysets_0140940810,hysets,United States of America,39.6958333,-74.825,27.711407037940127,2.004106776180698,2.001368925393566
hysets_01614140,hysets,United States of America,39.8934249,-77.741382,161.79799527323698,2.004106776180698,2.001368925393566
hysets_06296100,hysets,United States of America,46.2986722,-106.1540917,28.27666811641504,2.004106776180698,2.001368925393566
hysets_09312900,hysets,United States of America,39.7269074,-110.8621056,208.1591336106777,2.00684462696783,2.004106776180698
GRDC_3268210,grdc,Argentina,-24.7146,-65.2729,887.82011698595,2.00684462696783,2.9979466119096507
hysets_06019000,hysets,United States of America,44.9943833,-111.9662472,369.4070701932831,2.00684462696783,2.7433264887063653
hysets_05358180,hysets,United States of America,45.97884305,-90.5301674,23.981386817097672,2.00684462696783,2.004106776180698
hysets_01660380,hysets,United States of America,38.48984637,-77.4863728,26.27747937943208,2.0095824777549622,2.00684462696783
hysets_01610300,hysets,United States of America,39.07899558,-78.6194578,471.0067565916652,2.0095824777549622,2.00684462696783
hysets_03213495,hysets,United States of America,37.4245557,-81.8606728,1.283521899117791,2.0095824777549622,2.00684462696783
hysets_04085109,hysets,United States of America,44.38665786,-88.0798244,124.25774889190708,2.0095824777549622,2.4969199178644765
hysets_01196000,hysets,United States of America,41.58898676,-72.89815759,37.58603662919997,2.0123203285420943,2.0095824777549622
hysets_05DF009,hysets,Canada,53.48302,-113.5546,1088.4405376922305,2.0123203285420943,2.6666666666666665
hysets_01196680,hysets,United States of America,41.3020415,-73.0184385,8.935677422058234,2.0123203285420943,2.0095824777549622
hysets_14206180,hysets,United States of America,45.5428935,-123.004272,158.83136577932996,2.0123203285420943,3.994524298425736
hysets_12509698,hysets,United States of America,46.25735555,-119.7114207,85.59734047044962,2.0150581793292264,2.0123203285420943
hysets_07231990,hysets,United States of America,34.8520423,-95.6544294,347.693215009138,2.0150581793292264,2.0123203285420943
hysets_09306425,hysets,United States of America,39.8999686,-109.1562249,31.57724276521241,2.0177960301163584,2.3928815879534566
hysets_09306605,hysets,United States of America,39.9058012,-109.2051156,6.628172993976915,2.0177960301163584,2.4941820670773445
hysets_394634105465800,hysets,United States of America,39.77609815,-105.7833407,6.490372991164025,2.0177960301163584,3.4223134839151266
hysets_03075680,hysets,United States of America,39.51259008,-79.5011569,3.509989213254903,2.0177960301163584,2.0150581793292264
hysets_06646280,hysets,United States of America,42.71496565,-105.9647309,9.908752529251815,2.0177960301163584,2.0150581793292264
hysets_06601100,hysets,United States of America,42.10944444,-96.3166667,262.64220411648074,2.0177960301163584,2.0150581793292264
hysets_09400000,hysets,United States of America,35.0027994,-110.6506887,36749.19981161538,2.0177960301163584,47.93429158110883
hysets_06315480,hysets,United States of America,44.09135876,-106.8636647,49.42869174936928,2.020533880903491,2.0177960301163584
hysets_04085813,hysets,United States of America,43.63832977,-87.898424,98.26029048458926,2.020533880903491,2.0177960301163584
hysets_01196150,hysets,United States of America,41.56982007,-72.8734346,14.039923138426948,2.023271731690623,2.020533880903491
hysets_09367689,hysets,United States of America,35.97918225,-108.1381235,1076.4518138489368,2.023271731690623,2.020533880903491
hysets_01195500,hysets,United States of America,41.60093137,-72.8839904,47.696696393832106,2.023271731690623,2.020533880903491
hysets_01196100,hysets,United States of America,41.56565329,-72.889824,52.14916476678184,2.023271731690623,2.020533880903491
hysets_02394612,hysets,United States of America,34.16527778,-84.81638889,101.16399613906422,2.026009582477755,2.023271731690623
hysets_01576772,hysets,United States of America,39.99315555,-76.1880118,1.495908214625727,2.026009582477755,2.023271731690623
hysets_05FE005,hysets,Canada,52.95556,-110.0097,686.3916219134638,2.028747433264887,2.6666666666666665
hysets_03538845,hysets,United States of America,36.04645806,-84.9332864,19.20269268036105,2.028747433264887,2.026009582477755
hysets_03538865,hysets,United States of America,36.0928475,-84.9174523,20.24332863646328,2.028747433264887,2.026009582477755
hysets_09306420,hysets,United States of America,39.88274659,-109.1573358,674.0163684873361,2.0314852840520192,2.028747433264887
hysets_05BH016,hysets,Canada,51.19012,-114.1412,269.44520888518593,2.0314852840520192,5.672826830937714
hysets_02383180,hysets,United States of America,34.51675408,-84.79716019,565.5470194317807,2.0314852840520192,2.028747433264887
hysets_02394958,hysets,United States of America,34.108709,-84.9504992,409.4992641415892,2.0314852840520192,2.0314852840520192
hysets_08235270,hysets,United States of America,37.42917306,-106.5847609,11.210727904500304,2.0342231348391513,4.268309377138946
hysets_02124471,hysets,United States of America,35.4270854,-80.4108952,113.862681891879,2.0396988364134154,2.0369609856262834
hysets_05595226,hysets,United States of America,38.2608821,-89.8203788,40.93858899889332,2.0396988364134154,2.0369609856262834
hysets_02108566,hysets,United States of America,34.5983333,-77.8752778,2616.896024290202,2.0396988364134154,2.078028747433265
GRDC_4208860,grdc,Canada,55.0062,-111.7188,636.26018816757,2.0424366872005475,2.6803559206023273
hysets_05358190,hysets,United States of America,45.93884408,-90.5384983,118.48075111971384,2.0451745379876796,2.0424366872005475
hysets_01101344,hysets,United States of America,42.5611111,-71.1111111,45.00841828935255,2.0479123887748116,2.0451745379876796
hysets_01137940,hysets,United States of America,44.2125,-71.9141667,744.7259271403584,2.0479123887748116,2.0451745379876796
hysets_06197500,hysets,United States of America,45.5545333,-110.2005417,581.6486427835673,2.0479123887748116,2.0451745379876796
hysets_03558000,hysets,United States of America,34.7900852,-84.239916,456.6845564869549,2.0506502395619437,2.0479123887748116
hysets_06722900,hysets,United States of America,40.1297078,-105.51861,46.551800291975766,2.0533880903490758,2.0506502395619437
hysets_05392083,hysets,United States of America,45.87384176,-89.6643125,61.30989200777066,2.0533880903490758,2.0561259411362083
hysets_01460800,hysets,United States of America,40.38816075,-75.0615593,16.41502427770159,2.0561259411362083,2.0533880903490758
hysets_04087170,hysets,United States of America,43.02444444,-87.8983333,2246.1346313335016,2.0616016427104724,2.220396988364134
hysets_01111225,hysets,United States of America,42.04454195,-71.6220098,19.134229582871026,2.0725530458590007,2.0698151950718686
hysets_11167700,hysets,United States of America,37.2632766,-121.8866208,21.325523979112543,2.0725530458590007,2.0752908966461328
hysets_10287780,hysets,United States of America,37.94464754,-119.2126518,65.2933003019981,2.0725530458590007,2.42299794661191
hysets_12361950,hysets,United States of America,48.34738889,-113.9040722,59.862655667817954,2.078028747433265,3.4140999315537304
hysets_11119900,hysets,United States of America,34.43221936,-119.784305,9.434888316376878,2.078028747433265,2.0752908966461328
hysets_09407800,hysets,United States of America,37.20553826,-113.2868928,556.2953891916206,2.078028747433265,2.0752908966461328
hysets_09407600,hysets,United States of America,37.23248254,-113.284115,551.2437702412492,2.078028747433265,2.0752908966461328
camelscl_5411002,camelscl,Chile,-32.7673611111111,-70.7295833333333,489.5248423058495,2.078028747433265,2.5790554414784395
hysets_07099080,hysets,United States of America,38.4997222,-104.9133333,68.93584585080235,2.078028747433265,3.263518138261465
hysets_04245250,hysets,United States of America,43.0458333,-76.0516667,161.34281104164967,2.080766598220397,2.078028747433265
hysets_01101400,hysets,United States of America,42.57138889,-71.10138889,35.78882711540094,2.080766598220397,2.078028747433265
hysets_02338280,hysets,United States of America,33.46122456,-84.9968858,68.4665374245536,2.080766598220397,2.078028747433265
hysets_05392102,hysets,United States of America,45.8832862,-89.7423709,194.9481672823384,2.080766598220397,2.078028747433265
hysets_01499470,hysets,United States of America,42.3408333,-75.1522222,23.728143384772,2.080766598220397,2.078028747433265
hysets_02338400,hysets,United States of America,33.3112284,-85.1049422,146.5232743202953,2.080766598220397,2.078028747433265
hysets_10321860,hysets,United States of America,40.95102336,-116.2403625,27.69439827403816,2.083504449007529,2.080766598220397
hysets_05357182,hysets,United States of America,46.14027778,-89.7480556,68.34465585045756,2.083504449007529,2.080766598220397
hysets_040860041,hysets,United States of America,43.74721738,-87.7092522,1121.4050818586272,2.083504449007529,2.080766598220397
hysets_13293000,hysets,United States of America,43.9486111,-114.8330556,91.77587603499222,2.083504449007529,2.080766598220397
hysets_12437505,hysets,United States of America,48.16515585,-118.980581,326.9200493485332,2.083504449007529,2.080766598220397
hysets_03572900,hysets,United States of America,34.3784235,-85.9902524,366.1472023167794,2.083504449007529,2.080766598220397
hysets_03283370,hysets,United States of America,37.83202665,-83.8113065,21.47594507463296,2.086242299794661,2.083504449007529
hysets_06619420,hysets,United States of America,40.73831094,-106.1141858,8.538501628138048,2.086242299794661,3.994524298425736
hysets_02423190,hysets,United States of America,33.5959365,-86.5316512,101.79139591636782,2.086242299794661,2.083504449007529
hysets_01573095,hysets,United States of America,40.3162028,-76.5158,18.900147210837243,2.086242299794661,2.4969199178644765
hysets_12327100,hysets,United States of America,46.2990222,-113.3296167,40.38471551189391,2.086242299794661,2.4996577686516086
hysets_13292500,hysets,United States of America,43.96574038,-114.8011819,237.41582267259912,2.086242299794661,2.083504449007529
hysets_01457790,hysets,United States of America,40.5822222,-75.2055556,75.64905567765886,2.086242299794661,2.083504449007529
hysets_10123000,hysets,United States of America,42.2508333,-112.2202778,88.52650914784661,2.086242299794661,2.083504449007529
hysets_01458900,hysets,United States of America,40.4706587,-75.1365616,38.07549040189532,2.088980150581793,2.086242299794661
hysets_03207845,hysets,United States of America,37.38177426,-82.2581969,10.612681308305657,2.088980150581793,2.086242299794661
hysets_04293430,hysets,United States of America,45.0019444,-72.6755556,166.96719729818773,2.088980150581793,2.086242299794661
hysets_01361200,hysets,United States of America,42.21625,-73.73027778,156.20075612252592,2.088980150581793,2.086242299794661
hysets_04213492,hysets,United States of America,42.3408333,-78.8491667,179.9585916002717,2.0917180013689256,2.088980150581793
hysets_02479950,hysets,United States of America,30.81129837,-88.3158423,21.646286019142167,2.0917180013689256,2.088980150581793
hysets_06478514,hysets,United States of America,42.95888556,-97.3614468,370.6882485347284,2.0944558521560577,2.0917180013689256
hysets_03382045,hysets,United States of America,37.63838349,-88.8603435,3.753767498876827,2.0944558521560577,2.0917180013689256
hysets_03282100,hysets,United States of America,37.6892502,-83.8574199,25.582943103173392,2.0971937029431897,2.0944558521560577
hysets_05412041,hysets,United States of America,43.011093,-91.5484791,2.6553676590183075,2.099931553730322,2.8802190280629705
hysets_07FB010,hysets,Canada,55.50833,-122.5747,644.0988070551431,2.102669404517454,3.583846680355921
hysets_04293200,hysets,United States of America,44.9983333,-72.3591667,95.40251526365114,2.102669404517454,2.099931553730322
hysets_03015795,hysets,United States of America,41.64200548,-79.3381018,52.394359480683065,2.102669404517454,2.099931553730322
hysets_09306610,hysets,United States of America,39.94718919,-109.235673,21.558398568693875,2.108145106091718,2.5872689938398357
hysets_06720780,hysets,United States of America,39.89915274,-105.1847094,2.76143154487153,2.108145106091718,2.431211498973306
hysets_03202310,hysets,United States of America,37.58789077,-81.5198273,16.15937081102908,2.11088295687885,2.108145106091718
hysets_02337197,hysets,United States of America,33.70121985,-84.686601,60.3179003437325,2.1190965092402463,2.116358658453114
GRDC_5708120,grdc,Australia,-14.8688,130.2312,4894.290161661161,2.1245722108145104,2.8856947296372346
hysets_01411800,hysets,United States of America,39.44777778,-75.0725,496.1355135543379,2.1245722108145104,2.1218343600273784
hysets_12464780,hysets,United States of America,47.3087596,-118.4994292,1409.9574106144669,2.127310061601643,2.1245722108145104
hysets_02086000,hysets,United States of America,36.17680984,-78.85639558,12.235554843152803,2.127310061601643,2.2833675564681726
hysets_08104310,hysets,United States of America,30.9521278,-97.5241757,357.4456442045532,2.127310061601643,2.4996577686516086
GRDC_4208896,grdc,Canada,57.3521,-111.7438,294.554680016904,2.135523613963039,2.3545516769336072
hysets_13129800,hysets,United States of America,43.8272222,-113.6,71.26983229272125,2.138261464750171,2.135523613963039
hysets_05545300,hysets,United States of America,42.6658501,-88.3175929,281.4878979289594,2.138261464750171,2.2039698836413417
hysets_07010044,hysets,United States of America,38.63735556,-90.3958,22.08816654425719,2.1409993155373033,10.669404517453799
hysets_09331850,hysets,United States of America,38.906361,-111.411847,56.05112389261463,2.1409993155373033,4.010951403148528
hysets_03212558,hysets,United States of America,37.34372656,-81.4114921,3.4607216960831297,2.1437371663244353,2.1437371663244353
hysets_11376038,hysets,United States of America,40.53543657,-121.5777609,31.127221898195067,2.1437371663244353,2.1409993155373033
hysets_03075670,hysets,United States of America,39.52481175,-79.48143369,13.646197742634726,2.1437371663244353,2.1409993155373033
hysets_03202695,hysets,United States of America,37.6801128,-81.4739935,17.172151306708535,2.1574264202600957,2.1546885694729636
hysets_03066730,hysets,United States of America,39.1153849,-79.579502,2.585738258899831,2.1574264202600957,2.1546885694729636
hysets_03066720,hysets,United States of America,39.11232947,-79.5725572,3.191365199230072,2.1601642710472277,2.1574264202600957
hysets_03202240,hysets,United States of America,37.5926144,-81.346491,21.66168876251604,2.1601642710472277,2.1574264202600957
hysets_03202255,hysets,United States of America,37.58094716,-81.4281588,18.23464779280503,2.16290212183436,2.1601642710472277
hysets_02479948,hysets,United States of America,30.82157589,-88.3147311,23.13752607840124,2.16290212183436,2.1601642710472277
hysets_06888300,hysets,United States of America,39.26471849,-96.3799995,363.1274285752023,2.16290212183436,2.217659137577002
hysets_07158150,hysets,United States of America,36.01559404,-98.370352,106.00989023353468,2.16290212183436,2.1601642710472277
hysets_07244500,hysets,United States of America,35.31676527,-95.5724838,46340.58528278202,2.16290212183436,2.1601642710472277
hysets_09311700,hysets,United States of America,39.8277383,-111.0090537,429.9116492349536,2.16290212183436,2.1601642710472277
hysets_03599407,hysets,United States of America,35.63090335,-86.8619455,2626.5104458548094,2.16290212183436,2.1601642710472277
hysets_02RH068,hysets,Canada,48.32815,-70.90721,649.7170160250206,2.16290212183436,2.861054072553046
hysets_03353660,hysets,United States of America,39.56726935,-86.2549898,5227.063412351213,2.1656399726214923,2.1738535249828885
hysets_03212585,hysets,United States of America,37.3476142,-81.5667734,3.08129660614632,2.1656399726214923,2.16290212183436
hysets_05399431,hysets,United States of America,44.9163551,-90.107077,28.36038641567014,2.1656399726214923,2.8254620123203287
hysets_02299737,hysets,United States of America,27.1964404,-82.4625963,41.23588129530312,2.1656399726214923,2.16290212183436
hysets_01119820,hysets,United States of America,41.79232075,-72.3550817,63.35255985126801,2.1656399726214923,2.16290212183436
hysets_03540100,hysets,United States of America,36.01109394,-84.6119916,86.65530051566373,2.1656399726214923,2.16290212183436
hysets_03539750,hysets,United States of America,36.12168739,-84.7457227,397.9458460016727,2.1656399726214923,2.16290212183436
hysets_03539860,hysets,United States of America,36.08469288,-84.5550297,128.62149178427168,2.1656399726214923,2.16290212183436
hysets_01526495,hysets,United States of America,42.11666667,-77.1222222,12.864872209329803,2.1656399726214923,2.16290212183436
hysets_01499050,hysets,United States of America,42.4,-75.20388889,10.797297214918952,2.1656399726214923,2.16290212183436
hysets_01525750,hysets,United States of America,42.1036111,-77.4416667,24.15056356345056,2.1656399726214923,2.16290212183436
hysets_09170800,hysets,United States of America,38.3316562,-108.900381,134.03252860316084,2.1656399726214923,2.16290212183436
hysets_03560110,hysets,United States of America,34.99341344,-84.3818677,1098.7119443283768,2.1656399726214923,2.16290212183436
hysets_06654510,hysets,United States of America,42.31469165,-105.2263691,139.13702352385317,2.1656399726214923,2.16290212183436
hysets_06667200,hysets,United States of America,42.2047222,-105.7141667,117.00991400821113,2.1656399726214923,2.16290212183436
hysets_06654520,hysets,United States of America,42.30746946,-105.2194245,148.30707470245363,2.1656399726214923,2.16290212183436
hysets_01526980,hysets,United States of America,42.53194444,-77.4622222,11.837894616113603,2.1656399726214923,2.16290212183436
hysets_01513840,hysets,United States of America,42.08916667,-76.26638889,22.48128318028325,2.1656399726214923,2.16290212183436
hysets_01507470,hysets,United States of America,42.40527778,-75.8111111,19.539387888498776,2.1656399726214923,2.16290212183436
hysets_01507975,hysets,United States of America,42.72555556,-75.9791667,6.998091488850439,2.1656399726214923,2.16290212183436
hysets_02368990,hysets,United States of America,30.7015791,-86.491062,161.1952831971622,2.1683778234086244,2.1656399726214923
hysets_06286350,hysets,United States of America,45.2193111,-108.1609583,196.33117599743903,2.1683778234086244,2.1656399726214923
hysets_02299681,hysets,United States of America,26.98505987,-82.3523173,4.841494070871272,2.1683778234086244,2.1656399726214923
hysets_04290580,hysets,United States of America,44.5481039,-73.1654069,28.106570592679127,2.1683778234086244,2.1656399726214923
hysets_04280800,hysets,United States of America,43.80561679,-73.320672,34.492289178500535,2.1683778234086244,2.1656399726214923
hysets_03202262,hysets,United States of America,37.62511335,-81.45315949,6.824022381282771,2.1683778234086244,2.1656399726214923
hysets_03202260,hysets,United States of America,37.6190023,-81.4489927,6.804341243596106,2.1683778234086244,2.1656399726214923
hysets_03236800,hysets,United States of America,39.20006779,-82.8110057,1423.2873271799035,2.1683778234086244,2.1656399726214923
hysets_02412177,hysets,United States of America,33.63760608,-85.60801439,24.14513727611936,2.1711156741957565,2.1683778234086244
hysets_06286395,hysets,United States of America,45.2289611,-107.9507222,170.80044064161316,2.1711156741957565,2.1683778234086244
hysets_11196400,hysets,United States of America,35.31134824,-118.5703669,424.7525329627404,2.1738535249828885,2.1711156741957565
hysets_05570330,hysets,United States of America,40.5814278,-90.0742845,9.8301749745837,2.1738535249828885,2.1711156741957565
hysets_05569968,hysets,United States of America,40.5894842,-90.2306783,29.72250559518417,2.1765913757700206,2.1738535249828885
GRDC_4208529,grdc,Canada,55.3604,-123.0979,23.308749610459103,2.1765913757700206,2.1738535249828885
hysets_01411495,hysets,United States of America,39.50555556,-75.0725,35.13372661551752,2.1820670773442847,2.1793292265571527
hysets_04293795,hysets,United States of America,44.88055556,-72.94277778,292.0967687421297,2.1820670773442847,2.1793292265571527
hysets_06024000,hysets,United States of America,45.3370972,-113.5523944,47.99359265506376,2.1820670773442847,2.830937713894593
hysets_13079600,hysets,United States of America,42.3265819,-113.0044345,64.09763946388624,2.190280629705681,2.187542778918549
hysets_01117471,hysets,United States of America,41.4642672,-71.62784109,31.826304785607853,2.190280629705681,2.187542778918549
hysets_06026400,hysets,United States of America,45.54830278,-112.3653139,7208.200764094558,2.190280629705681,2.187542778918549
hysets_04293700,hysets,United States of America,44.8908333,-72.8219444,145.26398267196376,2.190280629705681,2.187542778918549
hysets_04293600,hysets,United States of America,44.92027778,-72.6725,211.4871792496508,2.195756331279945,2.193018480492813
hysets_08044140,hysets,United States of America,33.09845327,-97.6500279,136.99557769413153,2.2012320328542097,3.156741957563313
hysets_03260502,hysets,United States of America,40.46449479,-83.8768823,264.9795047740419,2.2012320328542097,30.50513347022587
hysets_01052500,hysets,United States of America,44.8775,-71.0575,394.4682999679979,2.206707734428474,2.220396988364134
hysets_10102200,hysets,United States of America,41.92631619,-111.8535584,556.4817630525478,2.209445585215606,2.206707734428474
hysets_06413200,hysets,United States of America,44.05915448,-103.2843498,1004.875382297533,2.21492128678987,2.212183436002738
GRDC_4208528,grdc,Canada,55.3188,-123.0979,71.0168912904223,2.217659137577002,2.6611909650924024
hysets_05564400,hysets,United States of America,40.60531299,-88.8989601,123.16735475577846,2.220396988364134,2.223134839151266
hysets_04249910,hysets,United States of America,43.5086111,-75.99277778,39.29215217667693,2.220396988364134,2.217659137577002
hysets_01117424,hysets,United States of America,41.48037868,-71.5733949,13.19889931416586,2.220396988364134,2.217659137577002
hysets_01105700,hysets,United States of America,42.0870458,-70.8567086,11.439875769118988,2.223134839151266,2.220396988364134
hysets_01106900,hysets,United States of America,42.0423235,-70.8983753,37.4628419601488,2.223134839151266,2.220396988364134
hysets_02388350,hysets,United States of America,34.36092389,-85.1402274,580.5260429754202,2.223134839151266,2.220396988364134
hysets_021563931,hysets,United States of America,34.8131912,-81.3692576,212.1633658810113,2.2286105407255303,2.647501711156742
hysets_02162700,hysets,United States of America,34.7878947,-82.5342963,17.144909977353535,2.2313483915126624,2.2833675564681726
hysets_02295435,hysets,United States of America,27.59253537,-81.8220272,13.81945892441448,2.2340862422997945,6.078028747433265
GRDC_4208899,grdc,Canada,57.5354,-111.6688,152.50032882706,2.2340862422997945,2.4777549623545516
hysets_12199600,hysets,United States of America,48.42871668,-122.2590446,66.72009592449737,2.2340862422997945,2.2313483915126624
GRDC_4208898,grdc,Canada,57.4604,-111.6438,151.239435492181,2.2340862422997945,2.455852156057495
camelscl_4556001,camelscl,Chile,-30.7484722222222,-71.4168055555556,839.1347922931643,2.2340862422997945,2.242299794661191
hysets_01558098,hysets,United States of America,40.6181219,-78.126953,273.923746954234,2.236824093086927,2.2340862422997945
hysets_03065200,hysets,United States of America,39.06427539,-79.4133822,48.1813452156443,2.239561943874059,9.995893223819301
hysets_06645161,hysets,United States of America,42.6566314,-106.1616843,27.93214570051544,2.242299794661191,4.0629705681040384
camelscl_4314001,camelscl,Chile,-30.08875,-70.49125,1250.9327362262177,2.242299794661191,2.242299794661191
hysets_03426460,hysets,United States of America,36.2942187,-86.6958301,2.67615986078853,2.242299794661191,2.833675564681725
hysets_09424470,hysets,United States of America,34.393914,-112.7226777,290.0997757269977,2.245037645448323,2.242299794661191
hysets_02301988,hysets,United States of America,28.19334443,-82.16508419,208.797753116256,2.245037645448323,2.242299794661191
camelscl_4531001,camelscl,Chile,-31.0854166666667,-70.9579166666667,531.3162911944108,2.245037645448323,2.242299794661191
hysets_01074500,hysets,United States of America,44.06145576,-71.616191,273.6948248914413,2.2477754962354553,2.245037645448323
hysets_03208100,hysets,United States of America,37.16399764,-82.2554193,227.089598726288,2.2477754962354553,2.245037645448323
hysets_12065000,hysets,United States of America,47.48870465,-122.8637576,11.117045226372298,2.2477754962354553,2.245037645448323
hysets_13318050,hysets,United States of America,45.2912411,-118.6044106,95.961685514315,2.2477754962354553,2.245037645448323
hysets_13318060,hysets,United States of America,45.2676288,-118.5246829,127.37187185861426,2.2477754962354553,2.245037645448323
hysets_10107600,hysets,United States of America,41.64743195,-111.9235562,640.7662213781254,2.2505133470225873,2.2477754962354553
hysets_09244464,hysets,United States of America,40.39108697,-107.2714464,21.02867497391645,2.2505133470225873,2.2477754962354553
hysets_03207875,hysets,United States of America,37.4020518,-82.2437516,30.14857892819605,2.2505133470225873,2.2477754962354553
hysets_03361109,hysets,United States of America,39.78865474,-85.6852545,20.490570837386866,2.2505133470225873,2.2477754962354553
hysets_14203750,hysets,United States of America,45.64344428,-123.3703935,18.43936294381034,2.2505133470225873,2.2477754962354553
hysets_09094400,hysets,United States of America,39.48331087,-108.3267531,287.99625722034125,2.2505133470225873,2.2477754962354553
hysets_04233700,hysets,United States of America,42.505,-76.35,104.68146785712806,2.2505133470225873,2.2477754962354553
hysets_06050200,hysets,United States of America,45.78326367,-111.0202246,12.732268249837691,2.2532511978097194,2.2505133470225873
hysets_06051200,hysets,United States of America,45.8499291,-111.1493965,11.119507166675117,2.2532511978097194,2.2505133470225873
hysets_02300056,hysets,United States of America,27.44531935,-82.5156519,19.848735515488634,2.2532511978097194,2.2505133470225873
hysets_01658550,hysets,United States of America,38.57734285,-77.4097064,24.74712186557635,2.2614647501711156,2.2587268993839835
hysets_0214253830,hysets,United States of America,35.68055556,-80.9452778,18.939380389865725,2.2614647501711156,2.3107460643394937
hysets_03208034,hysets,United States of America,37.07872129,-82.0401293,7.222075635178836,2.2642026009582477,2.2614647501711156
hysets_04087019,hysets,United States of America,43.21055556,-88.1211111,5.171069429541398,2.2751540041067764,2.272416153319644
hysets_03208040,hysets,United States of America,37.07816537,-82.0654084,26.5247449295588,2.2833675564681726,2.2806297056810405
hysets_09472050,hysets,United States of America,32.44618273,-110.4884183,7904.394848969599,2.2833675564681726,2.2833675564681726
hysets_02153680,hysets,United States of America,34.939021,-81.4831479,4315.617187074949,2.2861054072553046,2.327173169062286
hysets_02337160,hysets,United States of America,33.66455397,-84.64048859,76.35921596906738,2.2861054072553046,2.2833675564681726
hysets_09303340,hysets,United States of America,39.8180369,-107.3917227,28.67023576317255,2.2861054072553046,2.2833675564681726
hysets_02220500,hysets,United States of America,33.3348601,-83.1437652,4746.235935130876,2.2888432580424367,2.2861054072553046
hysets_02077660,hysets,United States of America,36.53014054,-78.87806418,135.5645236737409,2.2888432580424367,2.2888432580424367
hysets_01093875,hysets,United States of America,42.846197,-71.6786836,303.237506409849,2.291581108829569,2.2888432580424367
hysets_03033225,hysets,United States of America,40.96367429,-78.8491986,77.15955550027809,2.294318959616701,2.291581108829569
hysets_07EE011,hysets,Canada,54.81111,-123.3208,519.2788680701958,2.294318959616701,4.558521560574949
hysets_05378230,hysets,United States of America,44.0155183,-91.7601506,50.12651062804769,2.297056810403833,3.4086242299794662
hysets_08105200,hysets,United States of America,30.67602639,-97.614452,319.59837002208565,2.299794661190965,2.4969199178644765
hysets_03452001,hysets,United States of America,35.73205138,-82.6726342,205.47649311755976,2.302532511978097,2.299794661190965
hysets_05437632,hysets,United States of America,42.3097222,-88.9894444,7.056565959908406,2.308008213552361,2.305270362765229
hysets_05437630,hysets,United States of America,42.31335264,-88.979827,6.021640893158661,2.3107460643394937,2.308008213552361
hysets_04026450,hysets,United States of America,46.27055556,-90.7072222,209.15247028522475,2.3107460643394937,4.303901437371663
hysets_02312632,hysets,United States of America,28.66804887,-82.01786,33.35772853872467,2.316221765913758,2.3134839151266258
hysets_07049563,hysets,United States of America,36.34035274,-94.0977028,5.956061692181615,2.324435318275154,2.4996577686516086
camelscl_9111001,camelscl,Chile,-38.4685057454021,-72.4287634074028,147.96859091136443,2.327173169062286,2.324435318275154
hysets_07186050,hysets,United States of America,37.3089433,-94.7055136,75.06963877244911,2.327173169062286,3.0718685831622174
hysets_04087010,hysets,United States of America,43.0589019,-87.89480689,1795.6215711665122,2.327173169062286,2.324435318275154
GRDC_4208421,grdc,Canada,61.6646,-109.9604,25598.8323245715,2.329911019849418,2.5598904859685145
hysets_09404020,hysets,United States of America,35.28612175,-112.1437787,40.207647250153705,2.329911019849418,2.327173169062286
hysets_09403990,hysets,United States of America,35.20834626,-112.1396119,11.960654077752292,2.329911019849418,2.327173169062286
hysets_10336684,hysets,United States of America,39.19851798,-120.0982471,2.8204388490070684,2.329911019849418,2.327173169062286
hysets_02367500,hysets,United States of America,31.2707251,-86.3135636,296.33571135010425,2.329911019849418,2.327173169062286
GRDC_4203505,grdc,Canada,62.3396,-133.4062,211.38167639777305,2.329911019849418,3.3127994524298425
hysets_07249080,hysets,United States of America,35.02259814,-94.944401,178.950323884387,2.3326488706365502,4.741957563312799
hysets_03159534,hysets,United States of America,39.17063134,-82.0509753,57.40049165117327,2.3326488706365502,2.329911019849418
hysets_02303200,hysets,United States of America,28.0264089,-82.2364787,54.44420696479124,2.3326488706365502,2.329911019849418
hysets_04044563,hysets,United States of America,46.4343823,-87.3179189,42.88789967473936,2.3326488706365502,2.329911019849418
hysets_04044573,hysets,United States of America,46.45549246,-87.3618069,25.51579239992114,2.3326488706365502,2.329911019849418
hysets_04086360,hysets,United States of America,43.4727772,-87.989814,1108.4382778729198,2.3326488706365502,23.912388774811774
hysets_11460160,hysets,United States of America,37.9190922,-122.6702614,1.7107315811595878,2.3326488706365502,2.329911019849418
hysets_01118360,hysets,United States of America,41.42343288,-71.7917351,70.01639212643126,2.3353867214236823,2.3326488706365502
hysets_02367250,hysets,United States of America,30.5354738,-86.3818917,176.93579932051597,2.3353867214236823,2.3326488706365502
hysets_10VC001,hysets,Canada,74.84667,-95.05861,467.0721831698119,2.3353867214236823,3.912388774811773
hysets_04087140,hysets,United States of America,43.0264027,-87.9539747,354.30706697814554,2.3353867214236823,2.3326488706365502
hysets_09265500,hysets,United States of America,40.58884697,-109.6229194,259.8138430753797,2.3408624229979464,2.3381245722108144
hysets_02PJ027,hysets,Canada,45.94667,-70.45972,372.6269403568608,2.3408624229979464,5.253935660506502
hysets_06701700,hysets,United States of America,39.14304667,-105.161379,145.56565515171252,2.3408624229979464,15.416837782340862
hysets_08067900,hysets,United States of America,30.25377778,-95.579,755.9625576757692,2.3436002737850785,2.346338124572211
hysets_05284305,hysets,United States of America,46.2519038,-93.8274771,41.3844192850034,2.346338124572211,2.3436002737850785
hysets_08235250,hysets,United States of America,37.40250568,-106.5219821,98.1605182305471,2.346338124572211,4.268309377138946
hysets_04071795,hysets,United States of America,44.7524948,-88.276491,82.74242700177348,2.349075975359343,2.346338124572211
hysets_08235290,hysets,United States of America,37.40389457,-106.5217044,41.488514501856216,2.349075975359343,4.268309377138946
hysets_06051000,hysets,United States of America,45.85965169,-111.0813382,56.4413457302496,2.351813826146475,2.349075975359343
hysets_02094412,hysets,United States of America,36.17957949,-79.64725,330.4911284350821,2.3545516769336072,2.351813826146475
hysets_01537524,hysets,United States of America,41.18313786,-75.9513103,2.96005830936016,2.3572895277207393,3.19233401779603
hysets_06049000,hysets,United States of America,45.7638195,-110.9980015,11.082340339270033,2.3600273785078714,2.3572895277207393
hysets_06050500,hysets,United States of America,45.8415968,-110.9910569,3.475942918913516,2.3600273785078714,2.3572895277207393
hysets_02398250,hysets,United States of America,34.32759068,-85.5032935,170.9145189590896,2.3627652292950034,2.3600273785078714
hysets_01118010,hysets,United States of America,41.4162111,-71.7289551,533.3805744577829,2.3627652292950034,2.3600273785078714
hysets_01021230,hysets,United States of America,44.8869444,-67.2669444,85.65801847826931,2.3627652292950034,2.3600273785078714
hysets_09403000,hysets,United States of America,36.10303836,-112.0962798,260.60923407371416,2.3655030800821355,2.455852156057495
hysets_06044500,hysets,United States of America,45.53881895,-111.0882816,58.04043794811594,2.3655030800821355,2.3901437371663246
hysets_12461500,hysets,United States of America,47.42984618,-120.5081339,48.305675268793095,2.3655030800821355,2.3627652292950034
hysets_07052050,hysets,United States of America,37.20489167,-93.3484778,11.698905247914468,2.3682409308692676,4.26009582477755
hysets_01658480,hysets,United States of America,38.57289796,-77.3472053,17.830810648196547,2.3682409308692676,2.3655030800821355
hysets_01658705,hysets,United States of America,38.5281766,-77.29581489,8.755820170951155,2.3682409308692676,2.3655030800821355
hysets_05200445,hysets,United States of America,47.45106367,-94.9066681,929.9702083815486,2.3682409308692676,3.167693360711841
hysets_01658698,hysets,United States of America,38.5331767,-77.32164869,4.806735419727716,2.3709787816563996,2.3682409308692676
hysets_03193778,hysets,United States of America,38.18260318,-81.5123388,3.563999906102425,2.3709787816563996,2.3682409308692676
hysets_01658650,hysets,United States of America,38.5717869,-77.348872,43.11792979128201,2.3709787816563996,2.3682409308692676
hysets_11372700,hysets,United States of America,40.69293258,-121.976108,48.95166601887579,2.3709787816563996,2.3682409308692676
hysets_07299514,hysets,United States of America,34.5592259,-100.3395628,171.44917825356768,2.3764544832306638,2.3737166324435317
hysets_08235350,hysets,United States of America,37.4175054,-106.4922599,151.35722730999623,2.3764544832306638,4.287474332648871
hysets_06731800,hysets,United States of America,40.31581767,-105.615836,9.99273062415408,2.3764544832306638,2.3737166324435317
hysets_01198200,hysets,United States of America,42.0531476,-73.32594909,158.12987148559432,2.379192334017796,2.516084873374401
hysets_10317430,hysets,United States of America,41.2974122,-115.7878538,61.35204248207069,2.3846680355920604,2.3819301848049284
hysets_01411485,hysets,United States of America,39.52194444,-75.0733333,228.0822156221693,2.3846680355920604,2.3819301848049284
hysets_02153800,hysets,United States of America,34.95374457,-81.38258499,218.0409235689099,2.3874058863791925,2.8856947296372346
hysets_03599430,hysets,United States of America,35.4716742,-86.9563457,69.55758668102698,2.3928815879534566,2.3901437371663246
hysets_06694700,hysets,United States of America,39.1844355,-106.0636293,30.95184033615873,2.3983572895277208,2.3956194387405887
hysets_11416670,hysets,United States of America,39.4160116,-120.632991,1.0271818475412589,2.403832991101985,18.989733059548254
hysets_08235700,hysets,United States of America,37.40278317,-106.450592,197.45305643763888,2.409308692676249,4.290212183436003
hysets_12046500,hysets,United States of America,48.11508937,-123.5540787,821.2793466012608,2.409308692676249,3.1813826146475015
hysets_02297272,hysets,United States of America,27.26088118,-81.98119669,40.1422242672954,2.412046543463381,2.409308692676249
hysets_02297290,hysets,United States of America,27.23643776,-81.9964749,69.38663873586003,2.412046543463381,2.409308692676249
hysets_07110400,hysets,United States of America,38.36111156,-104.3880234,1698.537288348762,2.412046543463381,2.409308692676249
hysets_04069530,hysets,United States of America,44.9730452,-87.6551035,2921.3460520132894,2.414784394250513,2.412046543463381
hysets_04062100,hysets,United States of America,46.58187798,-87.9976332,177.690999735017,2.414784394250513,2.412046543463381
hysets_05BK003,hysets,Canada,50.90694,-114.0156,446.0208140141103,2.414784394250513,4.344969199178645
hysets_07303420,hysets,United States of America,34.961167,-99.6948182,1516.6233630823276,2.414784394250513,2.412046543463381
hysets_04168530,hysets,United States of America,42.30087127,-83.19937079,1031.1824841257055,2.414784394250513,2.412046543463381
hysets_10172955,hysets,United States of America,41.82825338,-113.2030484,41.19818950782825,2.4175222450376452,2.414784394250513
hysets_03583330,hysets,United States of America,35.36535538,-87.1447324,100.12016342604672,2.4175222450376452,2.414784394250513
hysets_03597600,hysets,United States of America,35.51978729,-86.334332,94.0235103112935,2.4175222450376452,2.414784394250513
hysets_0213875850,hysets,United States of America,35.59929207,-81.9051027,6.213636574698409,2.4175222450376452,2.414784394250513
hysets_08088200,hysets,United States of America,33.21677844,-98.6489482,312.3510267700576,2.4175222450376452,2.414784394250513
hysets_06047500,hysets,United States of America,45.5777084,-111.0216125,72.82925105144379,2.4175222450376452,2.414784394250513
camelscl_5427003,camelscl,Chile,-32.9334722222222,-71.4409722222222,564.8774193844368,2.4202600958247777,2.513347022587269
hysets_01581658,hysets,United States of America,39.4784433,-76.2018987,13.28175848775498,2.42299794661191,2.4202600958247777
hysets_03NE013,hysets,Canada,56.15714,-61.77606,5116.60445970462,2.42299794661191,2.4202600958247777
hysets_01530380,hysets,United States of America,42.1722222,-76.7333333,53.30015818604324,2.42299794661191,3.162217659137577
hysets_13337100,hysets,United States of America,46.1319444,-115.9494444,263.2113103969051,2.428473648186174,10.524298425735797
hysets_0214042720,hysets,United States of America,36.00873949,-81.8534438,3.472186226395843,2.428473648186174,2.425735797399042
hysets_02465080,hysets,United States of America,33.24789545,-87.6069525,29.809867173124747,2.431211498973306,2.428473648186174
hysets_09035840,hysets,United States of America,39.70359767,-105.982238,14.138695463563703,2.431211498973306,2.9924709103353866
hysets_13306375,hysets,United States of America,45.2060304,-114.1334094,56.1198778339255,2.433949349760438,2.431211498973306
GRDC_3650450,grdc,Brazil,-8.5896,-44.0021,3922.9288458961,2.433949349760438,2.707734428473648
hysets_09244415,hysets,United States of America,40.3835877,-107.193389,10.60458745830094,2.439425051334702,2.43668720054757
hysets_06277950,hysets,United States of America,44.496623,-108.2098289,1064.0001760136374,2.4476386036960984,2.4449007529089664
hysets_03NE007,hysets,Canada,55.94294,-63.09381,1435.255338341732,2.4476386036960984,2.4449007529089664
hysets_07010155,hysets,United States of America,38.5342197,-90.3423389,31.595859173717542,2.4503764544832305,3.028062970568104
GRDC_4208897,grdc,Canada,57.4021,-111.6813,162.966149112265,2.4503764544832305,2.4476386036960984
hysets_06818498,hysets,United States of America,39.3358329,-94.9171858,4.745651690082708,2.455852156057495,2.4531143052703626
hysets_12126900,hysets,United States of America,47.79926406,-122.2587393,15.259138855941586,2.455852156057495,2.4750171115674195
GRDC_4208923,grdc,Canada,53.2021,-117.8438,238.27140065207297,2.458590006844627,3.7152635181382614
hysets_01642438,hysets,United States of America,39.441,-77.26963889,146.65255804526427,2.458590006844627,2.455852156057495
hysets_13349200,hysets,United States of America,46.8765542,-117.3635161,762.8783146841405,2.461327857631759,2.458590006844627
hysets_07186475,hysets,United States of America,37.16115556,-94.5810917,762.9473215881076,2.4640657084188913,2.461327857631759
hysets_05299800,hysets,United States of America,44.9291272,-96.052814,1227.677816716148,2.4722792607802875,2.4695414099931554
hysets_10321970,hysets,United States of America,40.75936127,-116.1292455,930.897641680536,2.4722792607802875,2.4695414099931554
hysets_01184205,hysets,United States of America,41.9914851,-72.6695357,29.506423609493805,2.4750171115674195,2.4722792607802875
hysets_01190057,hysets,United States of America,41.8156544,-72.5975895,32.62299059246209,2.4750171115674195,2.4722792607802875
hysets_12126100,hysets,United States of America,47.7798203,-122.1881818,69.23734569329744,2.4777549623545516,2.4750171115674195
hysets_02299455,hysets,United States of America,27.1086657,-82.2053687,200.3013355695257,2.4777549623545516,2.4750171115674195
hysets_03488450,hysets,United States of America,36.79177655,-82.0192947,55.319116872397046,2.4804928131416837,2.4777549623545516
hysets_05299650,hysets,United States of America,44.8852384,-96.0522583,959.5779493992728,2.485968514715948,2.4832306639288158
hysets_06342900,hysets,United States of America,46.8400118,-103.0204553,340.7591688947247,2.4914442162902124,2.7405886379192332
hysets_01372051,hysets,United States of America,41.71,-73.9261111,51.713758973642086,2.4941820670773445,2.513347022587269
hysets_02300092,hysets,United States of America,27.6991985,-82.1206436,15.774052497823469,2.4941820670773445,3.490759753593429
GRDC_6233118,grdc,Sweden,63.8188,18.9396,1268.4418135127198,2.4941820670773445,2.4914442162902124
hysets_03341470,hysets,United States of America,39.547814,-87.4277979,5.195394140279337,2.4941820670773445,3.994524298425736
hysets_01470000,hysets,United States of America,40.6428691,-76.01354379,312.12401695360745,2.4941820670773445,14.743326488706366
hysets_01488600,hysets,United States of America,38.8312247,-75.6863185,165.0918762550114,2.4969199178644765,2.4941820670773445
hysets_02345000,hysets,United States of America,32.9892951,-84.5290906,2499.2187535441994,2.4969199178644765,2.4941820670773445
hysets_06270450,hysets,United States of America,44.00829388,-107.2950702,186.4562003540493,2.4969199178644765,2.4941820670773445
hysets_040863075,hysets,United States of America,43.5569417,-88.0528715,135.45374246578675,2.4996577686516086,2.4969199178644765
hysets_06405500,hysets,United States of America,43.77471198,-103.3288032,77.9950241579129,2.4996577686516086,2.4969199178644765
hysets_08111050,hysets,United States of America,30.6604756,-96.2996837,4.834155041537932,2.4996577686516086,2.4969199178644765
hysets_08067700,hysets,United States of America,30.35381805,-95.8099498,104.34903956986766,2.4996577686516086,2.4969199178644765
hysets_09189550,hysets,United States of America,42.90777778,-110.3338889,84.63714678718594,2.4996577686516086,2.9952087611225187
hysets_02367305,hysets,United States of America,30.5621399,-86.53606249,57.34713042116021,2.4996577686516086,2.4969199178644765
hysets_03197790,hysets,United States of America,38.4559302,-81.5001225,112.5009560518716,2.4996577686516086,2.4969199178644765
hysets_02300062,hysets,United States of America,27.47920677,-82.52981869,6.988541737248177,2.5023956194387407,2.4996577686516086
hysets_13018000,hysets,United States of America,43.5566004,-110.621591,103.93405799648356,2.5023956194387407,4.4955509924709105
hysets_01115900,hysets,United States of America,41.7145442,-71.6525656,26.735696044045337,2.5023956194387407,2.4996577686516086
hysets_03451510,hysets,United States of America,35.6145559,-82.5612379,5.579679235479723,2.5051334702258727,2.5023956194387407
hysets_07330700,hysets,United States of America,34.24037109,-97.0516798,841.8023325458129,2.507871321013005,2.5051334702258727
hysets_01667870,hysets,United States of America,38.35374076,-77.89360649,73.82733217731692,2.507871321013005,2.5051334702258727
hysets_06697200,hysets,United States of America,39.4149877,-105.8902912,11.827467652688274,2.513347022587269,4.498288843258043
hysets_05595270,hysets,United States of America,38.18699339,-89.7225989,1.428888497433245,2.516084873374401,2.513347022587269
camelscl_5420002,camelscl,Chile,-32.7976388888889,-70.9518055555556,105.83359348680324,2.516084873374401,2.513347022587269
hysets_12124500,hysets,United States of America,47.66926607,-122.1095673,123.40006204270702,2.518822724161533,2.516084873374401
hysets_08LB077,hysets,Canada,52.255,-119.1786,272.825978266656,2.5270362765229293,2.524298425735797
hysets_03428043,hysets,United States of America,35.82728826,-86.3911034,45.59030472337746,2.5270362765229293,2.524298425735797
hysets_06755800,hysets,United States of America,41.1583148,-104.8794139,603.7863724947878,2.529774127310062,2.5270362765229293
hysets_06755950,hysets,United States of America,41.1338705,-104.840802,658.7806377039318,2.529774127310062,2.5270362765229293
hysets_07359700,hysets,United States of America,34.32140556,-93.5528917,523.6966540127519,2.529774127310062,2.7898699520876113
hysets_11176100,hysets,United States of America,37.69437417,-121.714674,18.458496970556467,2.529774127310062,2.5270362765229293
hysets_06755840,hysets,United States of America,41.14387059,-104.8799694,27.380863853850308,2.532511978097194,2.529774127310062
hysets_07060892,hysets,United States of America,35.9039626,-91.634862,72.13275769882493,2.535249828884326,3.600273785078713
hysets_0345092550,hysets,United States of America,35.58761266,-82.5301247,6.312340575612303,2.535249828884326,2.535249828884326
hysets_06753400,hysets,United States of America,40.8983161,-104.8680253,437.69538306932094,2.535249828884326,2.532511978097194
hysets_06732300,hysets,United States of America,40.3744284,-105.6211137,3.657472576178802,2.543463381245722,2.54072553045859
hysets_02245922,hysets,United States of America,30.2182948,-81.8981596,23.739082015768098,2.543463381245722,2.54072553045859
hysets_04024093,hysets,United States of America,46.5154997,-92.4626936,23.38965506511435,2.546201232032854,2.543463381245722
hysets_04024090,hysets,United States of America,46.5174443,-92.482138,2.550707432731244,2.546201232032854,2.543463381245722
hysets_01400730,hysets,United States of America,40.32416667,-74.61388889,170.39341094253965,2.546201232032854,2.543463381245722
GRDC_4208584,grdc,Canada,55.7521,-120.2688,86.18871187609741,2.546201232032854,4.528405201916495
hysets_01329650,hysets,United States of America,43.09840888,-73.57317119,8946.482310622752,2.5571526351813825,2.5544147843942504
hysets_06426100,hysets,United States of America,44.2883137,-105.4769416,30.86414947928813,2.5571526351813825,4.210814510609172
hysets_02245927,hysets,United States of America,30.20829487,-81.897326,24.968534790253493,2.5626283367556466,2.5598904859685145
hysets_01010100,hysets,United States of America,46.941625,-69.649475,404.2958721528647,2.568104038329911,4.0191649555099245
hysets_02245913,hysets,United States of America,30.20773934,-81.8906591,34.88208663672982,2.568104038329911,2.565366187542779
GRDC_5709260,grdc,Australia,-12.3104,136.6188,53.896991649869896,2.568104038329911,2.973305954825462
GRDC_4208701,grdc,Canada,53.2229,-116.9688,119.567813818682,2.5708418891170433,4.514715947980835
hysets_06694400,hysets,United States of America,39.082493,-106.04835,130.5027986711885,2.5708418891170433,2.568104038329911
hysets_13349325,hysets,United States of America,47.4018363,-117.4976998,37.40561702099944,2.5708418891170433,2.861054072553046
lamahice_49,lamahice,Iceland,64.38382823258551,-18.659765220998583,1043.3131119002549,2.5763175906913074,5.308692676249144
hysets_12360600,hysets,United States of America,47.9915611,-113.5817556,13.30811061262146,2.5790554414784395,2.5763175906913074
hysets_12355150,hysets,United States of America,48.92358889,-114.5998667,25.819091635459884,2.5817932922655715,2.9952087611225187
hysets_02454995,hysets,United States of America,34.04509769,-86.571935,36.60514934882863,2.5817932922655715,2.5790554414784395
hysets_02430012,hysets,United States of America,34.51231996,-88.326157,176.84603045374746,2.5845311430527036,2.5845311430527036
hysets_03489850,hysets,United States of America,36.65232464,-82.3645881,45.39945233835032,2.5845311430527036,2.5817932922655715
hysets_14208300,hysets,United States of America,44.98873349,-122.0664686,367.3248123116068,2.5845311430527036,2.5817932922655715
hysets_02356980,hysets,United States of America,31.08657309,-84.7365862,273.4130819448992,2.5845311430527036,2.5817932922655715
hysets_01079600,hysets,United States of America,43.55507737,-71.3642376,12.660802588982676,2.5845311430527036,2.5817932922655715
hysets_03570650,hysets,United States of America,35.5022113,-85.2564264,356.3090748518701,2.5845311430527036,2.5817932922655715
hysets_0209782150,hysets,United States of America,35.76403714,-79.0519554,5.299827208566385,2.5872689938398357,2.5845311430527036
hysets_09317920,hysets,United States of America,39.45857719,-111.137115,30.96996542192165,2.5872689938398357,3.9644079397672827
hysets_02245918,hysets,United States of America,30.2432947,-81.8953821,16.869029115094293,2.5872689938398357,2.5845311430527036
hysets_03526000,hysets,United States of America,36.67398838,-82.5657099,273.6856496225346,2.598220396988364,2.595482546201232
hysets_02173351,hysets,United States of America,33.72388889,-81.0997222,87.37481311415354,2.6009582477754964,2.642026009582478
hysets_03423000,hysets,United States of America,36.0772849,-85.5213658,162.89388205007108,2.6009582477754964,2.598220396988364
hysets_01539210,hysets,United States of America,41.0320307,-76.4271665,4.56738808513851,2.6091718001368926,2.6064339493497606
hysets_06045000,hysets,United States of America,45.62354015,-111.2049531,2367.5394202683024,2.6091718001368926,2.6064339493497606
hysets_06045500,hysets,United States of America,45.7429844,-111.2257879,2471.992627610098,2.6119096509240247,2.6091718001368926
hysets_02295755,hysets,United States of America,27.48198348,-81.8803615,10.11766085456422,2.631074606433949,2.628336755646817
hysets_03110983,hysets,United States of America,40.32173485,-80.8134182,2.5709674097438984,2.631074606433949,2.869267624914442
hysets_04125450,hysets,United States of America,44.1791737,-85.7611745,626.8457369157787,2.631074606433949,2.8528405201916494
GRDC_4208451,grdc,Canada,58.6521,-114.0188,287971.366801625,2.6365503080082138,7.3730321697467485
GRDC_4208309,grdc,Canada,58.2396,-122.7938,71.2298170071871,2.639288158795346,3.5373032169746748
hysets_03360109,hysets,United States of America,39.3869842,-87.2314051,7.228885224651503,2.642026009582478,2.652977412731006
hysets_11414280,hysets,United States of America,39.35628936,-120.6585463,4.517845342758192,2.6557152635181382,18.986995208761122
hysets_03360125,hysets,United States of America,39.21226485,-87.0619558,5.207035190922436,2.6584531143052703,2.6557152635181382
hysets_02302280,hysets,United States of America,28.11946029,-82.1128623,137.3642514487825,2.6611909650924024,2.6584531143052703
hysets_07377700,hysets,United States of America,30.72907266,-91.1151063,109.8789207576852,2.6611909650924024,2.6584531143052703
GRDC_4208155,grdc,Canada,65.282,-126.868,110.985726179518,2.6611909650924024,6.275154004106776
hysets_02135520,hysets,United States of America,33.87432533,-80.334525,25.936946503036147,2.6639288158795345,2.6611909650924024
hysets_02479600,hysets,United States of America,30.62936024,-88.433347,1678.3603932815297,2.6666666666666665,2.6639288158795345
hysets_01539200,hysets,United States of America,41.0314751,-76.4199439,4.167229920211625,2.6666666666666665,2.6639288158795345
hysets_03247000,hysets,United States of America,39.0278419,-84.1332677,852.0980084351531,2.6666666666666665,2.6639288158795345
hysets_12059000,hysets,United States of America,47.4137026,-123.241548,3.488647640001763,2.6666666666666665,2.6639288158795345
hysets_14209600,hysets,United States of America,45.15956508,-122.1150808,110.0364128705518,2.6721423682409307,2.6694045174537986
hysets_05LL021,hysets,Canada,49.98861,-98.46417,291.2731156949469,2.6721423682409307,35.74537987679671
camelscl_5423006,camelscl,Chile,-32.8676388888889,-71.11875,124.35317444214829,2.6776180698151952,2.6803559206023273
GRDC_4208691,grdc,Canada,53.385,-117.451,2.56587954064064,2.6803559206023273,5.278576317590692
hysets_05CE012,hysets,Canada,51.89591,-113.2411,510.6759429388659,2.6858316221765914,5.66735112936345
hysets_0423205023,hysets,United States of America,43.1661111,-77.5319444,388.5344001045298,2.6913073237508556,2.6913073237508556
hysets_10311250,hysets,United States of America,39.1865759,-119.8157386,3.297656235058419,2.6940451745379876,2.6913073237508556
hysets_08331140,hysets,United States of America,35.00504855,-106.7358598,2.104402163966004,2.6940451745379876,4.39151266255989
hysets_06815555,hysets,United States of America,40.12965556,-95.2312111,58.75292514902578,2.6940451745379876,2.6913073237508556
GRDC_6220203,grdc,Belgium,50.7354,3.4021,5319.82373635204,2.6967830253251197,2.754277891854894
hysets_03212985,hysets,United States of America,37.4256673,-81.789558,582.601374176689,2.6995208761122518,2.6967830253251197
hysets_02OD011,hysets,Canada,46.13861,-71.80944,245.6439087154149,2.702258726899384,4.955509924709103
hysets_03212600,hysets,United States of America,37.41705797,-81.590107,227.45430028151063,2.704996577686516,2.702258726899384
hysets_06279790,hysets,United States of America,44.5585554,-109.9882415,64.40570752466782,2.707734428473648,4.558521560574949
hysets_02337320,hysets,United States of America,33.6048331,-84.7482685,71.7405069545517,2.7104722792607805,2.707734428473648
camelscl_5715001,camelscl,Chile,-33.8406944444444,-70.7518055555555,317.8796729214238,2.7132101300479126,2.9295003422313486
hysets_09479501,hysets,United States of America,33.2569917,-112.1670934,53712.964635607794,2.7132101300479126,2.7104722792607805
hysets_07178035,hysets,United States of America,36.20620625,-95.8591567,143.89124537709816,2.7159479808350446,3.7152635181382614
hysets_05409870,hysets,United States of America,43.35831077,-90.8970728,17.086699998892293,2.7159479808350446,2.8720054757015743
hysets_06893564,hysets,United States of America,39.03648318,-94.531346,77.29744923516,2.7214236824093088,3.0088980150581794
hysets_02336529,hysets,United States of America,33.7992725,-84.4868752,39.59257348228362,2.7214236824093088,2.7186858316221767
hysets_08KA011,hysets,Canada,52.96111,-119.4581,527.9706891497635,2.726899383983573,4.610540725530458
hysets_03207935,hysets,United States of America,37.39566215,-82.3020877,17.878299005353906,2.729637234770705,2.726899383983573
hysets_03256000,hysets,United States of America,39.24450186,-84.5471669,20.31456531109563,2.735112936344969,2.7433264887063653
camelscl_12288002,camelscl,Chile,-51.3006944444444,-73.2081944444444,470.9918248742241,2.737850787132101,5.037645448323066
hysets_06365300,hysets,United States of America,43.22246718,-105.6672173,330.328667193729,2.7405886379192332,6.740588637919234
hysets_02327017,hysets,United States of America,30.3874227,-84.3135114,157.5007142957661,2.7405886379192332,2.7405886379192332
hysets_03530500,hysets,United States of America,36.77397768,-83.032945,184.27450910347903,2.7433264887063653,14.740588637919233
hysets_11464400,hysets,United States of America,38.7890748,-123.1555604,145.1920647138632,2.7433264887063653,2.7405886379192332
hysets_11467600,hysets,United States of America,38.92629636,-123.6302925,253.769776762364,2.7433264887063653,2.7405886379192332
hysets_09306175,hysets,United States of America,39.8713615,-108.287587,266.62756023608625,2.7433264887063653,2.7405886379192332
hysets_09371700,hysets,United States of America,37.34054845,-108.8059348,733.3068386540336,2.7433264887063653,2.7405886379192332
hysets_02367240,hysets,United States of America,30.5732502,-86.3668914,111.96854211373974,2.7433264887063653,2.7405886379192332
hysets_11117500,hysets,United States of America,34.38027469,-119.3045578,132.51860359391782,2.7433264887063653,2.7405886379192332
hysets_06425780,hysets,United States of America,44.02497745,-105.3269334,1532.2481980598277,2.7433264887063653,2.7405886379192332
hysets_06425900,hysets,United States of America,44.07997827,-105.266931,675.4650111757221,2.7433264887063653,2.7405886379192332
hysets_11106400,hysets,United States of America,34.2366711,-118.964822,166.53256171374798,2.7433264887063653,2.7405886379192332
hysets_11105850,hysets,United States of America,34.2730584,-118.787871,180.3765056133526,2.7433264887063653,2.7405886379192332
hysets_04144000,hysets,United States of America,42.8236424,-83.94579169,940.0370456229545,2.7433264887063653,2.7405886379192332
hysets_04065397,hysets,United States of America,45.9652326,-87.6981875,232.03192995561977,2.7433264887063653,2.7405886379192332
hysets_03242150,hysets,United States of America,39.62367155,-83.9024292,180.560047082796,2.7433264887063653,2.7405886379192332
hysets_06425750,hysets,United States of America,43.9727543,-105.3319332,182.4778341988957,2.7433264887063653,2.7405886379192332
hysets_06349930,hysets,United States of America,46.4638955,-102.7393306,169.03634019348883,2.7433264887063653,2.7405886379192332
hysets_06217950,hysets,United States of America,46.13389167,-107.6309972,571.0886971255889,2.7433264887063653,2.7405886379192332
hysets_03242200,hysets,United States of America,39.56644965,-83.9027068,200.0511972998758,2.7433264887063653,2.7405886379192332
hysets_10255700,hysets,United States of America,33.11865416,-116.4352927,255.4669451301403,2.7433264887063653,2.7405886379192332
hysets_10255800,hysets,United States of America,33.3736453,-116.4275137,390.776373014524,2.7433264887063653,2.7405886379192332
hysets_07018000,hysets,United States of America,38.12253056,-90.6757389,1872.877903088644,2.7433264887063653,2.7405886379192332
hysets_03242050,hysets,United States of America,39.58339358,-84.030211,953.9520521147952,2.7433264887063653,2.7405886379192332
hysets_11275000,hysets,United States of America,37.97075376,-119.7643429,114.43225141857434,2.7433264887063653,2.7405886379192332
hysets_02466500,hysets,United States of America,32.5412458,-87.6811194,443.76861511280566,2.7433264887063653,40.7419575633128
hysets_09153400,hysets,United States of America,39.3085902,-108.9837197,434.6405531547049,2.7433264887063653,2.7405886379192332
hysets_11387200,hysets,United States of America,39.7321012,-122.4149926,1609.2017169387432,2.7433264887063653,2.7405886379192332
hysets_06819190,hysets,United States of America,40.6335988,-94.7485808,238.951925134164,2.7433264887063653,2.7405886379192332
hysets_10255850,hysets,United States of America,32.9861588,-116.4202931,102.50893087863722,2.7433264887063653,2.7405886379192332
hysets_02231250,hysets,United States of America,30.73217876,-81.8928886,47.07104856638608,2.7433264887063653,2.7405886379192332
hysets_09163490,hysets,United States of America,39.22164717,-108.8928833,1129.005606893912,2.7433264887063653,2.7405886379192332
hysets_09297000,hysets,United States of America,40.5355082,-110.0634884,422.3664031142314,2.7433264887063653,2.7405886379192332
hysets_11143500,hysets,United States of America,35.29858465,-120.4037709,181.73737548987967,2.7433264887063653,2.7405886379192332
hysets_09306625,hysets,United States of America,39.934689,-109.2673408,254.3014788041532,2.7433264887063653,2.7405886379192332
hysets_11337500,hysets,United States of America,37.87325835,-121.7271752,110.3318969724986,2.7433264887063653,2.7405886379192332
hysets_11176180,hysets,United States of America,37.6968743,-121.8494003,217.3492834469441,2.7433264887063653,2.7405886379192332
hysets_02371000,hysets,United States of America,31.8445999,-85.99467429,631.3259762930996,2.746064339493498,2.7433264887063653
hysets_02360000,hysets,United States of America,31.66377696,-85.5049396,225.4581202159261,2.746064339493498,2.7433264887063653
hysets_06272500,hysets,United States of America,44.279405,-107.4975782,413.8257410360792,2.746064339493498,2.7433264887063653
hysets_06213500,hysets,United States of America,45.47525556,-108.9973556,1392.469367519982,2.746064339493498,2.7433264887063653
hysets_06073000,hysets,United States of America,47.2940472,-112.4487889,297.2229713484088,2.746064339493498,2.7433264887063653
hysets_09020000,hysets,United States of America,40.180541,-106.0091853,283.6487884503694,2.746064339493498,2.7433264887063653
hysets_03257000,hysets,United States of America,39.26255766,-84.4929991,78.3829155337578,2.746064339493498,2.7433264887063653
hysets_06222000,hysets,United States of America,43.4305119,-109.34653,3214.084666969978,2.746064339493498,2.7433264887063653
hysets_12300500,hysets,United States of America,48.6440111,-114.9111889,281.7417858914312,2.746064339493498,2.7433264887063653
hysets_14128000,hysets,United States of America,45.7998384,-121.8678578,80.47985627423374,2.746064339493498,2.7433264887063653
hysets_04191000,hysets,United States of America,40.82504819,-84.5805116,55.60368887512611,2.746064339493498,2.7433264887063653
hysets_07276000,hysets,United States of America,34.84093038,-89.8256429,554.2203238102397,2.746064339493498,2.7433264887063653
hysets_07277000,hysets,United States of America,34.83031955,-89.8224206,579.7596639007419,2.746064339493498,2.7433264887063653
hysets_06098100,hysets,United States of America,48.3582444,-112.3383333,1261.7217913964137,2.746064339493498,2.7433264887063653
hysets_06230500,hysets,United States of America,42.98273707,-108.5990024,1598.5715081372853,2.746064339493498,2.7433264887063653
hysets_06235000,hysets,United States of America,42.95440445,-108.4281612,1051.9263504708915,2.746064339493498,2.7433264887063653
hysets_06267000,hysets,United States of America,43.9227337,-108.0639857,929.1917576455494,2.746064339493498,2.7433264887063653
hysets_06259500,hysets,United States of America,43.6460672,-108.2028763,20820.133440408423,2.746064339493498,2.7433264887063653
hysets_12169500,hysets,United States of America,48.1753767,-122.2243118,20.630271330941984,2.746064339493498,2.7433264887063653
hysets_13281500,hysets,United States of America,44.9415324,-117.9454952,1522.671283415836,2.746064339493498,2.7433264887063653
hysets_09130500,hysets,United States of America,39.0133221,-107.3583854,344.19988257418044,2.746064339493498,2.7433264887063653
hysets_09055000,hysets,United States of America,39.85276334,-106.2678047,19.280166776985155,2.746064339493498,2.7433264887063653
hysets_14359500,hysets,United States of America,42.5804006,-123.0233841,298.05111383990715,2.746064339493498,2.7433264887063653
hysets_01416500,hysets,United States of America,42.10555556,-74.9025,72.27816016785705,2.746064339493498,2.7433264887063653
hysets_02404500,hysets,United States of America,33.56066019,-86.1263617,1287.1742792708656,2.746064339493498,2.7433264887063653
hysets_13291000,hysets,United States of America,45.1815464,-116.8720975,257.77097468714885,2.746064339493498,2.7433264887063653
hysets_04241200,hysets,United States of America,43.27444444,-75.6505556,530.6549805159841,2.746064339493498,2.7433264887063653
hysets_09054500,hysets,United States of America,39.85581885,-106.2525266,47.49081186301847,2.746064339493498,2.7433264887063653
hysets_09181500,hysets,United States of America,38.72915,-109.3756725,85.80504886849346,2.746064339493498,2.7433264887063653
hysets_11330000,hysets,United States of America,38.66962737,-120.5335363,99.76535020016142,2.746064339493498,2.7433264887063653
hysets_06868500,hysets,United States of America,39.01501067,-98.4739532,693.0894906711595,2.746064339493498,2.7433264887063653
hysets_06741000,hysets,United States of America,40.3777619,-105.2358197,40.23156923484973,2.746064339493498,2.7433264887063653
hysets_06860500,hysets,United States of America,38.9535598,-100.4881514,1084.8866907800627,2.746064339493498,2.7433264887063653
hysets_01135000,hysets,United States of America,44.42283589,-72.00009448,333.59522086021866,2.746064339493498,2.7433264887063653
hysets_06782000,hysets,United States of America,41.0447222,-99.3922222,2861.762566892792,2.746064339493498,2.7433264887063653
hysets_12064500,hysets,United States of America,47.53314889,-122.8359808,4.606820494755368,2.746064339493498,2.7433264887063653
hysets_11168500,hysets,United States of America,37.23327749,-121.974124,112.70922216414849,2.746064339493498,2.7433264887063653
hysets_14363000,hysets,United States of America,42.1720694,-123.0483773,774.9063613464602,2.746064339493498,2.7433264887063653
hysets_02453390,hysets,United States of America,33.8248297,-87.275005,30.76819573422853,2.746064339493498,2.7433264887063653
hysets_05460500,hysets,United States of America,42.96524895,-92.8710277,3371.235631287342,2.746064339493498,2.7433264887063653
hysets_06022000,hysets,United States of America,45.4112944,-112.2057528,2166.4183864921365,2.746064339493498,2.7433264887063653
hysets_14373500,hysets,United States of America,42.09983838,-123.5261744,61.09524524289736,2.746064339493498,2.7433264887063653
hysets_12412000,hysets,United States of America,47.6346471,-115.9829452,1504.5389084346743,2.746064339493498,2.7433264887063653
hysets_04256460,hysets,United States of America,43.86444444,-74.9786111,1.2997438588701682,2.746064339493498,2.7433264887063653
hysets_06722000,hysets,United States of America,40.22192955,-105.3586038,265.5025409699512,2.746064339493498,2.7433264887063653
hysets_01BD004,hysets,Canada,48.53389,-67.54556,421.591372592054,2.746064339493498,2.7433264887063653
hysets_03412000,hysets,United States of America,37.1348006,-84.5874418,74.6832580031786,2.746064339493498,2.7433264887063653
hysets_04104500,hysets,United States of America,42.44364936,-85.0324914,456.3904142272736,2.746064339493498,2.7433264887063653
hysets_09176500,hysets,United States of America,38.3688775,-108.3456386,47.58759057619903,2.746064339493498,2.7433264887063653
hysets_04024314,hysets,United States of America,46.49521895,-92.2299169,11.679087202416556,2.746064339493498,2.7433264887063653
hysets_01453500,hysets,United States of America,40.5478764,-75.4240703,31.25852013757213,2.746064339493498,2.7433264887063653
hysets_03573000,hysets,United States of America,34.30148154,-86.1813668,235.2496110042115,2.746064339493498,2.7433264887063653
hysets_03487800,hysets,United States of America,36.962338,-81.4723343,66.41018509542569,2.746064339493498,2.7433264887063653
hysets_03509000,hysets,United States of America,35.38398906,-83.2140353,131.965347920865,2.746064339493498,2.7433264887063653
hysets_09340500,hysets,United States of America,37.48556247,-106.930321,103.17263909705454,2.746064339493498,2.7433264887063653
hysets_01454500,hysets,United States of America,40.55621018,-75.3846247,69.54394229631541,2.746064339493498,2.7433264887063653
hysets_01454000,hysets,United States of America,40.548988,-75.3885137,26.541745234731604,2.746064339493498,2.7433264887063653
hysets_12067000,hysets,United States of America,47.53037108,-122.8595929,2.430400946644124,2.746064339493498,2.7433264887063653
hysets_09368500,hysets,United States of America,37.38166257,-108.2581366,101.89857863943152,2.746064339493498,2.7433264887063653
hysets_14234000,hysets,United States of America,46.5081657,-122.1553767,44.8409770378693,2.746064339493498,2.7433264887063653
hysets_02053000,hysets,United States of America,36.63626085,-77.58581479,248.9946660915592,2.746064339493498,2.7433264887063653
hysets_07108500,hysets,United States of America,38.21083685,-104.533028,1206.37179746283,2.746064339493498,2.7433264887063653
hysets_09055500,hysets,United States of America,39.8499856,-106.2914164,40.16439799832563,2.746064339493498,2.7433264887063653
hysets_08071500,hysets,United States of America,29.99466384,-95.1335413,7291.717023100584,2.746064339493498,2.7433264887063653
hysets_07031500,hysets,United States of America,35.12897885,-89.7103606,34.27026608801526,2.74880219028063,2.746064339493498
hysets_06850000,hysets,United States of America,40.07612326,-99.1384218,380.3400975872585,2.74880219028063,2.746064339493498
hysets_12141100,hysets,United States of America,47.85204398,-121.9592909,1980.479719685828,2.74880219028063,2.746064339493498
hysets_04226000,hysets,United States of America,42.68194444,-77.82888889,176.30874600985598,2.74880219028063,2.746064339493498
hysets_14327300,hysets,United States of America,42.79566428,-124.490106,222.52082553623,2.74880219028063,2.746064339493498
hysets_03597898,hysets,United States of America,35.4598066,-86.4695273,127.05067304392462,2.74880219028063,2.746064339493498
camelscl_12288003,camelscl,Chile,-51.2595833333333,-73.1556944444444,119.49504269190278,2.74880219028063,3.693360711841205
hysets_14327150,hysets,United States of America,42.8178864,-124.4845512,301.6564814666578,2.74880219028063,2.746064339493498
hysets_02135517,hysets,United States of America,33.875714,-80.3517476,356.5104495212583,2.751540041067762,2.9924709103353866
hysets_02246202,hysets,United States of America,30.14913,-81.6284248,3.7252820008371232,2.751540041067762,3.1813826146475015
hysets_08284150,hysets,United States of America,36.80418019,-106.6589258,108.50986303491776,2.754277891854894,2.751540041067762
hysets_09307500,hysets,United States of America,39.5663541,-109.5873527,773.7365982320291,2.754277891854894,2.751540041067762
hysets_12338690,hysets,United States of America,47.04529167,-113.1901639,381.2451231111894,2.757015742642026,2.754277891854894
hysets_09040000,hysets,United States of America,40.15748477,-106.2833617,196.1573439859349,2.759753593429158,2.757015742642026
hysets_08030000,hysets,United States of America,30.4313169,-93.9079544,166.64732243621867,2.759753593429158,2.757015742642026
hysets_06090720,hysets,United States of America,47.6424583,-110.9335778,314.863861496109,2.759753593429158,2.757015742642026
hysets_08082100,hysets,United States of America,33.23342759,-100.2134389,228.41263801941471,2.7624914442162902,2.759753593429158
hysets_12353280,hysets,United States of America,47.0633972,-114.4137889,437.5328881084555,2.7624914442162902,2.759753593429158
hysets_12454000,hysets,United States of America,47.874008,-120.8703752,385.0484166950151,2.7652292950034223,2.7624914442162902
hysets_12345850,hysets,United States of America,46.1324222,-114.058161,168.70119498701808,2.7707049965776864,4.42984257357974
hysets_01572030,hysets,United States of America,40.52481166,-76.4563488,323.0579800944804,2.7734428473648185,2.7707049965776864
hysets_03246200,hysets,United States of America,39.11450825,-84.0246547,503.4757258184949,2.7789185489390826,2.7761806981519506
hysets_01127821,hysets,United States of America,41.3211111,-72.25777778,16.101671937132064,2.7789185489390826,2.7761806981519506
hysets_01109090,hysets,United States of America,41.7767686,-71.0892105,10.928529236143092,2.784394250513347,2.7816563997262147
hysets_14241200,hysets,United States of America,46.177054,-122.2914881,14.163982156851846,2.7898699520876113,2.7871321013004793
hysets_04195830,hysets,United States of America,41.5133837,-83.1835332,6.315508451950054,2.7926078028747434,4.788501026694045
hysets_01431620,hysets,United States of America,41.33786276,-75.4312947,1.7913356843236274,2.7953456536618755,2.8035592060232717
hysets_04085845,hysets,United States of America,43.6966622,-87.820922,247.33743065348847,2.7953456536618755,3.2361396303901437
hysets_06336500,hysets,United States of America,46.9899222,-104.1837667,977.2749496864018,2.7953456536618755,2.7926078028747434
hysets_07186010,hysets,United States of America,37.39699575,-94.7419054,158.43089197825776,2.7953456536618755,3.353867214236824
hysets_02297635,hysets,United States of America,26.975,-81.8875,236.6239514650996,2.7980835044490076,2.9979466119096507
camelscl_12288004,camelscl,Chile,-51.3139815092996,-73.2745523396484,157.7282019162974,2.7980835044490076,2.973305954825462
hysets_09306850,hysets,United States of America,39.9655212,-109.4170707,1025.0237755344433,2.7980835044490076,2.7953456536618755
hysets_07201420,hysets,United States of America,36.81446999,-104.233036,128.67156828195465,2.7980835044490076,2.7953456536618755
hysets_02298170,hysets,United States of America,26.99027778,-81.8947222,615.6067817397306,2.8035592060232717,2.8062970568104038
hysets_01373690,hysets,United States of America,41.36666667,-74.1044444,28.87102535371389,2.8035592060232717,2.8008213552361396
hysets_01016500,hysets,United States of America,46.6283111,-68.4347917,844.6274963308027,2.8035592060232717,2.8008213552361396
hysets_03403718,hysets,United States of America,36.45702424,-84.1582614,2.550743302121341,2.8062970568104038,2.8035592060232717
hysets_01571827,hysets,United States of America,40.56314518,-76.397734,120.5835705989098,2.8062970568104038,2.8035592060232717
hysets_07031685,hysets,United States of America,35.16867258,-89.8243827,8.108911330885368,2.8062970568104038,2.8035592060232717
hysets_02203655,hysets,United States of America,33.67899706,-84.3579807,59.48335808224287,2.811772758384668,2.861054072553046
hysets_09306878,hysets,United States of America,40.05413137,-109.4773528,606.7727330955087,2.8145106091718,2.811772758384668
hysets_09306410,hysets,United States of America,39.79774877,-109.074554,260.64946893340715,2.817248459958932,2.8145106091718
hysets_14222950,hysets,United States of America,46.12122089,-122.3273213,9.412901008386893,2.8281998631074607,2.8254620123203287
hysets_12072800,hysets,United States of America,47.38815196,-122.6262436,9.090865366099411,2.830937713894593,2.8281998631074607
hysets_06888925,hysets,United States of America,39.0566668,-95.7722064,9.218153663752425,2.830937713894593,2.8281998631074607
hysets_0426545290,hysets,United States of America,43.76777778,-74.6036111,43.10880490405794,2.830937713894593,2.8281998631074607
hysets_05430095,hysets,United States of America,42.893613,-89.2987286,114.92185445532816,2.830937713894593,2.8281998631074607
hysets_04087138,hysets,United States of America,43.0247222,-87.9594444,353.52163125711184,2.830937713894593,2.8281998631074607
hysets_05364850,hysets,United States of America,44.9888497,-91.447937,10.962121124082644,2.830937713894593,2.8281998631074607
hysets_12335000,hysets,United States of America,46.9387194,-112.940736,1246.0636630142649,2.833675564681725,2.830937713894593
hysets_14229500,hysets,United States of America,46.5415025,-121.6220305,110.26894396380663,2.833675564681725,2.830937713894593
hysets_11292680,hysets,United States of America,38.2790812,-119.9704612,12.86716511674878,2.833675564681725,2.830937713894593
hysets_01106500,hysets,United States of America,42.01537869,-70.96115378,104.21170931727936,2.833675564681725,2.830937713894593
hysets_05370500,hysets,United States of America,44.77746517,-92.1651811,236.77044576015084,2.833675564681725,2.830937713894593
hysets_10UH014,hysets,Canada,63.26194,-68.27689,559.9282387880072,2.836413415468857,2.844626967830253
camelscl_8530001,camelscl,Chile,-37.2538578800638,-73.247901084837,910.164201009684,2.836413415468857,2.833675564681725
hysets_13184870,hysets,United States of America,43.98684199,-115.547048,22.444982458916584,2.836413415468857,4.082135523613963
hysets_02244690,hysets,United States of America,29.80913209,-82.0331564,41.499384022013984,2.836413415468857,2.833675564681725
hysets_02244651,hysets,United States of America,29.81746526,-82.022323,40.00649972477812,2.836413415468857,2.833675564681725
hysets_11517950,hysets,United States of America,41.3393118,-122.7197485,127.80338511784154,2.847364818617385,2.844626967830253
hysets_07103985,hysets,United States of America,38.9291604,-104.7471974,7.231824234200544,2.847364818617385,4.487337440109514
hysets_07048000,hysets,United States of America,35.98290556,-94.1726222,213.87923287309124,2.8528405201916494,2.8501026694045173
hysets_11517900,hysets,United States of America,41.4015341,-122.6533582,50.99704465378073,2.8528405201916494,2.8501026694045173
hysets_03150250,hysets,United States of America,39.60007267,-81.71152,352.00633621314086,2.861054072553046,2.9979466119096507
hysets_11467500,hysets,United States of America,38.70491205,-123.4230642,416.78284889814125,2.8774811772758384,3.080082135523614
camelscl_5101002,camelscl,Chile,-32.1667,-70.8167,185.574446002176,2.8802190280629705,7.241615331964408
hysets_04024315,hysets,United States of America,46.50355229,-92.234917,12.112308284862449,2.8802190280629705,2.8774811772758384
camelscl_4535002,camelscl,Chile,-31.00625,-71.09125,1602.4379747085168,2.8829568788501025,3.3675564681724848
hysets_05276005,hysets,United States of America,45.3771864,-94.7836175,538.0750247871874,2.8939082819986313,2.948665297741273
hysets_08177860,hysets,United States of America,29.4513432,-98.478628,94.73532191048378,2.8993839835728954,4.993839835728953
hysets_01012525,hysets,United States of America,46.74517778,-68.7525694,2.580096290953564,2.9021218343600275,2.8993839835728954
hysets_05357302,hysets,United States of America,46.1361111,-89.9105556,612.1442952414676,2.9021218343600275,2.8993839835728954
hysets_06936500,hysets,United States of America,38.814575,-90.2297222,112.58698010148532,2.9075975359342916,4.993839835728953
hysets_03202245,hysets,United States of America,37.63872486,-81.3937143,12.370615412943804,2.9075975359342916,2.9048596851471595
hysets_05369985,hysets,United States of America,44.86163189,-92.2337959,6.388428812127305,2.9103353867214237,2.9075975359342916
hysets_05369970,hysets,United States of America,44.87246518,-92.2393518,15.216528163297196,2.9103353867214237,2.9075975359342916
GRDC_3650485,grdc,Brazil,-6.7604,-43.0187,140801.936222075,2.9103353867214237,2.9952087611225187
hysets_08260500,hysets,United States of America,36.9675223,-105.5172311,566.7692991332569,2.9103353867214237,5.49760438056126
hysets_05369955,hysets,United States of America,44.8680209,-92.2604635,15.38855056775897,2.9103353867214237,2.9075975359342916
hysets_02211375,hysets,United States of America,33.27166667,-84.23638889,11.137957559954376,2.9103353867214237,2.937713894592745
hysets_12324660,hysets,United States of America,46.57770777,-112.9147713,170.97314735837293,2.9130732375085557,2.9103353867214237
hysets_01359150,hysets,United States of America,42.6125,-73.69527778,25.38781744465807,2.9130732375085557,2.9103353867214237
camelscl_11532000,camelscl,Chile,-47.13875,-73.0876388888889,201.68284389477023,2.9130732375085557,6.102669404517454
hysets_14238800,hysets,United States of America,46.43844169,-122.8442829,3757.137335101816,2.915811088295688,5.327857631759069
hysets_06233500,hysets,United States of America,42.9010708,-108.5873343,1001.0859208920918,2.915811088295688,2.9130732375085557
hysets_05040000,hysets,United States of America,46.7238475,-95.9158843,325.03684627677615,2.915811088295688,2.9130732375085557
hysets_06076000,hysets,United States of America,46.73159167,-110.8387472,18.73021515099235,2.915811088295688,2.9130732375085557
hysets_13082320,hysets,United States of America,42.5247222,-113.6480556,301.8428608004866,2.915811088295688,2.9130732375085557
hysets_03342110,hysets,United States of America,39.2442075,-87.277794,7.02254317569716,2.915811088295688,2.926762491444216
hysets_14322900,hysets,United States of America,43.65400597,-123.8248236,10481.448864769249,2.915811088295688,2.9130732375085557
GRDC_4208943,grdc,Canada,53.5938,-116.3312,5398.27313792156,2.915811088295688,2.9130732375085557
hysets_06232500,hysets,United States of America,42.8830135,-108.788453,347.0456427229365,2.915811088295688,2.9130732375085557
hysets_09393400,hysets,United States of America,34.50559218,-110.0917827,695.7616713325558,2.91854893908282,2.915811088295688
GRDC_3635403,grdc,Brazil,-9.7438,-61.8812,48714.338576291,2.921286789869952,2.9952087611225187
hysets_03303205,hysets,United States of America,37.86839594,-86.3877537,357.37399875249554,2.924024640657084,2.921286789869952
hysets_06008000,hysets,United States of America,44.57740556,-111.7798639,45.740730039419454,2.926762491444216,5.078713210130048
hysets_01431685,hysets,United States of America,41.4281442,-75.2685113,22.73459741172952,2.9322381930184807,2.9295003422313486
hysets_05461390,hysets,United States of America,42.90719618,-92.7207472,325.58020597321536,2.9349760438056127,2.9322381930184807
hysets_05274750,hysets,United States of America,45.4713547,-93.6641328,358.2709732187786,2.9349760438056127,3.912388774811773
hysets_01571919,hysets,United States of America,40.54536785,-76.38051129,192.57054797183545,2.937713894592745,2.9349760438056127
hysets_06296000,hysets,United States of America,46.19809167,-106.4840278,3310.934688707761,2.937713894592745,2.937713894592745
hysets_01197015,hysets,United States of America,42.52008355,-73.22954859,27.810203417917865,2.940451745379877,2.937713894592745
hysets_02131110,hysets,United States of America,34.17793336,-79.8092301,111.38007104357062,2.943189596167009,3.077344284736482
hysets_03213800,hysets,United States of America,37.7870439,-82.2620845,242.1136860934307,2.945927446954141,2.943189596167009
hysets_05314510,hysets,United States of America,44.83995979,-95.2391751,313.8303266400884,2.945927446954141,2.943189596167009
hysets_03407804,hysets,United States of America,36.1603561,-84.38743229,11.093083827579656,2.945927446954141,3.5592060232717317
hysets_02344325,hysets,United States of America,33.56150088,-84.4896504,26.29392758529697,2.948665297741273,2.951403148528405
hysets_08053010,hysets,United States of America,33.0184554,-96.9244494,36.8435558793874,2.9596167008898013,2.9568788501026693
GRDC_3660201,grdc,Brazil,-22.3687,-46.9229,3786.9159256759694,2.9596167008898013,2.9952087611225187
GRDC_3660600,grdc,Brazil,-22.3729,-46.9021,3779.17290353498,2.9596167008898013,2.9952087611225187
hysets_01657020,hysets,United States of America,38.80344739,-77.44943289,381.5645799111985,2.965092402464066,2.9623545516769334
GRDC_1320160,grdc,Liberia,8.0021,-10.2104,1112.42248062071,2.967830253251198,2.965092402464066
hysets_02207500,hysets,United States of America,33.61455778,-83.91490748,976.651858068393,2.976043805612594,18.740588637919235
hysets_03201929,hysets,United States of America,39.12757386,-82.3520974,8.549129379239364,2.9787816563997263,3.997262149212868
hysets_03085217,hysets,United States of America,40.1220163,-80.2900623,10.454103491677076,2.9869952087611225,3.02258726899384
hysets_11466065,hysets,United States of America,38.45491127,-122.6802637,26.95791281569806,2.9897330595482545,4.577686516084873
hysets_13054805,hysets,United States of America,43.913802,-111.5760696,2205.176656183752,2.9897330595482545,2.9869952087611225
hysets_09035850,hysets,United States of America,39.70304209,-105.990294,16.83895756183304,2.9952087611225187,2.9924709103353866
hysets_11166575,hysets,United States of America,37.3332751,-122.0880176,10.205190663311262,2.9952087611225187,2.9924709103353866
hysets_06630480,hysets,United States of America,41.54857735,-106.3966859,46.1736442998668,2.9952087611225187,2.9924709103353866
hysets_10126400,hysets,United States of America,41.4827141,-111.9477217,40.00572668367511,2.9952087611225187,2.9924709103353866
hysets_04097060,hysets,United States of America,42.0886579,-85.3913789,73.3947912651843,2.9952087611225187,2.9924709103353866
hysets_03213630,hysets,United States of America,37.49621929,-82.0892955,1.9690242050529587,2.9952087611225187,2.9924709103353866
hysets_12447370,hysets,United States of America,48.65513985,-120.5062119,432.951007562216,2.9952087611225187,2.9924709103353866
hysets_12447382,hysets,United States of America,48.5984748,-120.4431528,206.7188282110929,2.9952087611225187,2.9924709103353866
hysets_13016100,hysets,United States of America,43.49909417,-110.838543,6008.92319048954,2.9952087611225187,2.9924709103353866
hysets_09341350,hysets,United States of America,37.43917388,-106.8800416,3.2930465517188163,2.9952087611225187,2.9924709103353866
hysets_11247200,hysets,United States of America,37.0313382,-119.448187,1.0219679336398635,2.9952087611225187,2.9924709103353866
hysets_12346500,hysets,United States of America,46.1607944,-113.9487194,225.6207929826535,2.9952087611225187,2.9924709103353866
hysets_06609600,hysets,United States of America,41.6316572,-95.8911211,336.1204366407377,2.9952087611225187,2.9924709103353866
hysets_10287071,hysets,United States of America,38.0327009,-119.215709,48.32194080399588,2.9952087611225187,2.9952087611225187
hysets_10287291,hysets,United States of America,37.7588199,-119.130701,60.16880517319261,2.9952087611225187,2.9952087611225187
hysets_14306200,hysets,United States of America,44.36512099,-123.5998274,127.17450841906869,2.9952087611225187,2.9924709103353866
hysets_09035820,hysets,United States of America,39.70831997,-105.9475144,7.046123207880459,2.9952087611225187,2.9924709103353866
hysets_09035870,hysets,United States of America,39.74915299,-106.0319623,52.15048887984047,2.9952087611225187,2.9924709103353866
hysets_01059500,hysets,United States of America,43.9546222,-69.9407194,95.90452095067243,2.9952087611225187,2.9924709103353866
hysets_07331250,hysets,United States of America,34.25981628,-96.8105619,232.67015193927568,2.9952087611225187,2.9924709103353866
hysets_01209785,hysets,United States of America,41.09426329,-73.51512248,21.39912151325242,2.9952087611225187,2.9924709103353866
hysets_11505600,hysets,United States of America,42.4540243,-122.1177975,258.5611904473164,2.9952087611225187,2.9924709103353866
hysets_01374420,hysets,United States of America,41.24055556,-74.0244444,27.41442256117539,2.9952087611225187,2.9924709103353866
hysets_01376600,hysets,United States of America,41.17166667,-73.9730556,33.978897301493376,2.9952087611225187,2.9924709103353866
hysets_12448990,hysets,United States of America,48.38069986,-120.2617534,540.7732931575879,2.9952087611225187,2.9924709103353866
hysets_12447600,hysets,United States of America,48.5645898,-120.177586,1201.3581262263851,2.9952087611225187,2.9924709103353866
hysets_11014850,hysets,United States of America,32.91782667,-116.5714074,6.079351012571407,2.9952087611225187,2.9924709103353866
hysets_01376850,hysets,United States of America,41.06166667,-73.9944444,15.083290449664108,2.9952087611225187,2.9924709103353866
hysets_01390200,hysets,United States of America,41.08166667,-74.0830556,5.126599873696257,2.9952087611225187,2.9924709103353866
hysets_01410225,hysets,United States of America,39.50638889,-74.5055556,20.03056376416753,2.9952087611225187,2.9924709103353866
hysets_01377300,hysets,United States of America,41.0597222,-74.0361111,26.14855712990009,2.9952087611225187,2.9924709103353866
hysets_02401450,hysets,United States of America,33.91815367,-86.2522003,25.38803417514763,2.9952087611225187,2.9924709103353866
hysets_11505700,hysets,United States of America,42.44985779,-122.1150196,19.80776535190905,2.9952087611225187,2.9924709103353866
hysets_11378860,hysets,United States of America,40.1393221,-122.2394403,281.37087861154515,2.9952087611225187,2.9924709103353866
hysets_11166578,hysets,United States of America,37.3329973,-122.100518,7.726914607954047,2.9952087611225187,2.9924709103353866
hysets_12464000,hysets,United States of America,47.41652026,-119.9344993,1893.7805300973505,2.9952087611225187,2.9924709103353866
hysets_12447387,hysets,United States of America,48.4832,-120.3078672,84.06339106569534,2.9952087611225187,2.9924709103353866
hysets_0109650657,hysets,United States of America,42.72342217,-71.5314563,5.544037781464967,2.9952087611225187,2.9924709103353866
hysets_11202750,hysets,United States of America,36.14994758,-118.749814,235.5064577746525,2.9952087611225187,12.993839835728952
hysets_04268390,hysets,United States of America,44.4336111,-74.30388889,55.43714866769184,2.9952087611225187,2.9924709103353866
hysets_01374480,hysets,United States of America,41.20944444,-74.0208333,39.394475711710406,2.9952087611225187,2.9924709103353866
hysets_021607224,hysets,United States of America,34.4251378,-81.6048272,164.3650660042783,2.9979466119096507,2.9952087611225187
hysets_06853100,hysets,United States of America,40.26306828,-98.3756098,1.9020167245844648,2.9979466119096507,2.9952087611225187
hysets_02155600,hysets,United States of America,35.1670633,-81.9498287,27.09383399326361,2.9979466119096507,2.9952087611225187
hysets_06604400,hysets,United States of America,43.3205196,-95.1449959,365.2627298116769,2.9979466119096507,2.9952087611225187
hysets_06653100,hysets,United States of America,42.4041355,-105.2880375,273.81564289133667,2.9979466119096507,2.9952087611225187
GRDC_4103540,grdc,United States of America,65.4771,-148.2688,376.29261928263,2.9979466119096507,2.9952087611225187
hysets_06828490,hysets,United States of America,40.14582948,-101.2390514,387.3535240845421,2.9979466119096507,2.9952087611225187
hysets_14216900,hysets,United States of America,46.0731686,-122.017032,61.68804562646536,2.9979466119096507,2.9952087611225187
hysets_06914960,hysets,United States of America,38.69834299,-95.0088557,41.02860230120698,2.9979466119096507,2.9952087611225187
hysets_06342970,hysets,United States of America,46.89556786,-102.9990673,104.90418139588093,2.9979466119096507,2.9952087611225187
hysets_02321800,hysets,United States of America,30.00412606,-82.572064,423.5961053289413,2.9979466119096507,2.9952087611225187
hysets_06342850,hysets,United States of America,46.8533457,-103.1479554,103.12247607854164,2.9979466119096507,2.9952087611225187
hysets_06340890,hysets,United States of America,47.2752727,-101.1973749,25.27007009238588,2.9979466119096507,2.9952087611225187
hysets_06301490,hysets,United States of America,44.6088552,-107.3164646,3.580431297149343,2.9979466119096507,2.9952087611225187
hysets_06301485,hysets,United States of America,44.60357725,-107.3242426,5.086562474958913,2.9979466119096507,2.9952087611225187
hysets_07248700,hysets,United States of America,35.00565484,-94.5227227,138.94362832738693,2.9979466119096507,2.9952087611225187
hysets_10155100,hysets,United States of America,40.5949525,-111.4287999,654.013320044678,2.9979466119096507,2.9952087611225187
hysets_07108100,hysets,United States of America,37.913064,-104.9258218,11.555041997709116,2.9979466119096507,2.9952087611225187
hysets_07245030,hysets,United States of America,35.29620795,-95.1324615,52.33922624996416,2.9979466119096507,2.9952087611225187
hysets_02043550,hysets,United States of America,36.63931754,-76.52633758,119.76921481294065,2.9979466119096507,2.9952087611225187
hysets_07248620,hysets,United States of America,34.95954406,-94.6293924,50.371999598213165,2.9979466119096507,2.9952087611225187
hysets_02245400,hysets,United States of America,29.94274126,-81.897599,90.11624747764716,2.9979466119096507,2.9952087611225187
hysets_10336630,hysets,United States of America,38.95129664,-120.1115747,17.349686749710106,2.9979466119096507,2.9952087611225187
hysets_02245800,hysets,United States of America,30.11357285,-81.9831613,128.4462411110849,2.9979466119096507,2.9952087611225187
hysets_06339180,hysets,United States of America,47.2130684,-102.6232399,85.5219179485555,2.9979466119096507,2.9952087611225187
hysets_10321500,hysets,United States of America,40.9333111,-115.9625667,213.11112641983888,2.9979466119096507,2.9952087611225187
hysets_02443710,hysets,United States of America,33.33956607,-88.4405959,28.600640399888388,2.9979466119096507,2.9952087611225187
hysets_02450215,hysets,United States of America,33.8945474,-86.9775007,67.33949784009948,2.9979466119096507,2.9952087611225187
hysets_11218499,hysets,United States of America,36.87466959,-119.1417828,3470.420545578037,2.9979466119096507,2.9952087611225187
hysets_11381990,hysets,United States of America,39.87071059,-122.557221,1.4607835450069382,2.9979466119096507,2.9952087611225187
hysets_09216578,hysets,United States of America,41.2171836,-108.916228,9.601056217088171,2.9979466119096507,2.9952087611225187
hysets_11377200,hysets,United States of America,40.26404377,-122.2230542,25376.47296750512,2.9979466119096507,2.9952087611225187
hysets_02381500,hysets,United States of America,34.6125858,-84.67076749,966.0392213892576,2.9979466119096507,2.9952087611225187
hysets_06191800,hysets,United States of America,45.3065611,-110.8779917,173.43965758798728,2.9979466119096507,2.9952087611225187
hysets_06187550,hysets,United States of America,44.92041667,-110.4044389,3505.4424574657746,2.9979466119096507,2.9952087611225187
hysets_06286260,hysets,United States of America,44.9644444,-108.2755556,305.3661398201314,2.9979466119096507,2.9952087611225187
hysets_03201660,hysets,United States of America,39.37007028,-82.3182069,2.0129458136978866,2.9979466119096507,2.9952087611225187
hysets_03146277,hysets,United States of America,40.0872222,-82.4108333,587.7347303616157,2.9979466119096507,2.9952087611225187
hysets_06349900,hysets,United States of America,46.5430642,-102.8882233,737.7745444645889,2.9979466119096507,2.9952087611225187
hysets_03146405,hysets,United States of America,40.05388889,-82.3922222,622.6944240738479,2.9979466119096507,2.9952087611225187
hysets_06344610,hysets,United States of America,47.0069578,-102.9904581,58.38581461505501,2.9979466119096507,2.9952087611225187
hysets_04148440,hysets,United States of America,42.9750275,-83.6357867,142.56751548572714,2.9979466119096507,2.9952087611225187
hysets_03298100,hysets,United States of America,38.21923637,-85.51857,7.420943009316755,2.9979466119096507,2.9952087611225187
hysets_03297980,hysets,United States of America,38.21951416,-85.448847,61.51994351401996,2.9979466119096507,2.9952087611225187
hysets_12422000,hysets,United States of America,47.67905905,-117.3646571,10991.801072794502,2.9979466119096507,67.99726214921287
hysets_09471300,hysets,United States of America,31.51120705,-110.3923037,8.407770590695193,2.9979466119096507,2.9952087611225187
hysets_07309000,hysets,United States of America,34.78201295,-98.3669979,645.9643092884968,2.9979466119096507,2.9952087611225187
hysets_08086015,hysets,United States of America,32.60178915,-99.2392428,331.3527048449177,2.9979466119096507,2.9952087611225187
hysets_01628150,hysets,United States of America,38.27318487,-78.7597459,2.95924932799095,2.9979466119096507,2.9952087611225187
hysets_08086210,hysets,United States of America,32.72095279,-99.175353,58.388333198342615,2.9979466119096507,2.9952087611225187
hysets_04121650,hysets,United States of America,43.693634,-85.4675442,4538.447341039248,2.9979466119096507,2.9952087611225187
hysets_06274810,hysets,United States of America,43.8757889,-109.2984784,29.343631786535795,2.9979466119096507,2.9952087611225187
hysets_06279850,hysets,United States of America,44.4893893,-110.0007419,84.86865193857906,2.9979466119096507,2.9952087611225187
hysets_02371470,hysets,United States of America,31.5948829,-86.22078879,11.213263380037125,2.9979466119096507,2.9952087611225187
hysets_11451950,hysets,United States of America,38.737403,-122.1244177,2691.376766656486,2.9979466119096507,2.9952087611225187
hysets_05420300,hysets,United States of America,42.01058136,-90.2009618,144.78296504274326,2.9979466119096507,2.9952087611225187
hysets_11474400,hysets,United States of America,39.91376406,-123.2497379,67.40533465117518,2.9979466119096507,2.9952087611225187
hysets_04085046,hysets,United States of America,44.35498916,-88.1912149,118.3605789900924,2.9979466119096507,2.9952087611225187
hysets_05420100,hysets,United States of America,42.09805556,-90.1266667,702.5715424980539,2.9979466119096507,2.9952087611225187
hysets_03061410,hysets,United States of America,39.52063986,-80.4386994,2.651727968031838,2.9979466119096507,2.9952087611225187
hysets_11473980,hysets,United States of America,39.71237785,-123.342514,9.700185981709012,2.9979466119096507,2.9952087611225187
hysets_12020500,hysets,United States of America,46.62815708,-123.3318135,120.51022158818648,2.9979466119096507,2.9952087611225187
hysets_02488100,hysets,United States of America,31.7007208,-90.14314139,390.8679070774508,2.9979466119096507,2.9952087611225187
hysets_02488850,hysets,United States of America,31.34573025,-89.879525,200.50002268446303,2.9979466119096507,2.9952087611225187
hysets_08LA013,hysets,Canada,52.42167,-120.3239,879.4712283025267,2.9979466119096507,2.9952087611225187
hysets_01379630,hysets,United States of America,41.01777778,-74.54138889,4.536434242084347,2.9979466119096507,2.9952087611225187
hysets_08LA004,hysets,Canada,51.97944,-120.1036,1350.3103700306965,2.9979466119096507,2.9952087611225187
hysets_13054300,hysets,United States of America,43.937972,-111.1793905,208.57338432434327,2.9979466119096507,2.9952087611225187
hysets_13054200,hysets,United States of America,43.91658037,-111.2813377,1414.4734178983745,2.9979466119096507,2.9952087611225187
hysets_13054600,hysets,United States of America,43.8454697,-111.4455092,208.6409959766329,2.9979466119096507,2.9952087611225187
hysets_12042500,hysets,United States of America,47.9511867,-124.4674325,559.1212597393949,2.9979466119096507,2.9952087611225187
hysets_05386500,hysets,United States of America,43.7046921,-91.0184642,200.9024054086091,2.9979466119096507,2.9952087611225187
hysets_02463200,hysets,United States of America,33.2209505,-87.3166669,75.88207761368942,2.9979466119096507,2.9952087611225187
hysets_03062215,hysets,United States of America,39.57674928,-80.0970166,30.112457474081875,2.9979466119096507,2.9952087611225187
hysets_01470729,hysets,United States of America,40.48287227,-75.7399152,16.024073592031186,2.9979466119096507,2.9952087611225187
hysets_13310570,hysets,United States of America,44.83240027,-115.7042846,520.521814190865,2.9979466119096507,2.9952087611225187
hysets_09259990,hysets,United States of America,40.6199668,-108.3689852,619.0766670099388,3.0006844626967832,2.9979466119096507
GRDC_6212830,grdc,Spain,40.4271,-6.6021,330.23647376879603,3.0006844626967832,2.9979466119096507
hysets_02YL012,hysets,Canada,48.95319,-57.82775,77.22278512146187,3.0006844626967832,2.9979466119096507
hysets_04085068,hysets,United States of America,44.4141571,-88.1270474,49.23856142277989,3.0006844626967832,2.9979466119096507
hysets_03319600,hysets,United States of America,37.45310356,-86.9108263,2326.3276647290136,3.0006844626967832,2.9979466119096507
hysets_03316275,hysets,United States of America,37.12337754,-86.9005506,693.921801298094,3.0006844626967832,2.9979466119096507
hysets_08220900,hysets,United States of America,37.57889289,-106.3703134,30.767021717652213,3.0006844626967832,2.9979466119096507
GRDC_3650880,grdc,Brazil,-7.4854,-36.1354,12417.8195767401,3.0006844626967832,2.9979466119096507
hysets_06187900,hysets,United States of America,45.02160719,-109.9265707,13.886811395931106,3.0006844626967832,2.9979466119096507
hysets_06319500,hysets,United States of America,44.44997159,-106.8839451,110.84137169679632,3.0006844626967832,2.9979466119096507
hysets_02421115,hysets,United States of America,32.15292215,-86.3535796,153.27677642900017,3.0006844626967832,2.9979466119096507
hysets_02397830,hysets,United States of America,34.6006384,-85.3891252,34.64975322114215,3.0006844626967832,2.9979466119096507
hysets_06464000,hysets,United States of America,43.208339,-100.3559629,925.6945189499048,3.0006844626967832,2.9979466119096507
hysets_06216500,hysets,United States of America,45.7148944,-108.3142833,1110.3966783437004,3.0006844626967832,2.9979466119096507
GRDC_3274080,grdc,Argentina,-27.5813,-66.9979,7821.57311578496,3.0006844626967832,2.9979466119096507
GRDC_3265700,grdc,Argentina,-32.9021,-64.7688,350.794758160288,3.0006844626967832,2.9979466119096507
hysets_13177985,hysets,United States of America,43.02404679,-116.8551295,89.4269501322066,3.0006844626967832,2.9979466119096507
GRDC_3274800,grdc,Argentina,-30.8938,-65.1854,2068.53818724258,3.0006844626967832,2.9979466119096507
lamah_320,lamah,Czech Republic,49.35007150852586,18.23415206443392,23.415390085387493,3.0006844626967832,2.9979466119096507
GRDC_3637950,grdc,Brazil,-13.0354,-58.2854,4420.09319283556,3.0034223134839153,3.7481177275838466
hysets_02202040,hysets,United States of America,32.6490563,-81.8406685,5066.252105049238,3.0034223134839153,3.0088980150581794
hysets_09238350,hysets,United States of America,40.42942425,-106.6767099,16.299206187884263,3.0034223134839153,3.0006844626967832
hysets_09313040,hysets,United States of America,39.68857466,-110.8865507,58.84554304294673,3.0061601642710474,3.0034223134839153
hysets_05052100,hysets,United States of America,46.09468069,-96.7839663,92.0637320250571,3.0088980150581794,4.829568788501026
hysets_05326189,hysets,United States of America,44.46524278,-94.1502491,208.73488763724487,3.0088980150581794,3.0061601642710474
hysets_11119700,hysets,United States of America,34.4291634,-119.6773558,9.2393517471656,3.0116358658453115,9.995893223819301
camelscl_8822001,camelscl,Chile,-37.8004910835822,-73.4042844393285,259.69887513172927,3.0143737166324436,16.577686516084874
hysets_05060570,hysets,United States of America,46.94163675,-96.9886967,84.86313924609425,3.0143737166324436,4.914442162902122
hysets_05060510,hysets,United States of America,46.9780294,-97.198143,39.72038355417281,3.0143737166324436,4.914442162902122
hysets_05OF022,hysets,Canada,49.28194,-97.87083,290.9197299695768,3.0171115674195756,4.331279945242985
hysets_08020960,hysets,United States of America,32.23404588,-94.7818795,52.93773861486888,3.0198494182067077,3.0171115674195756
hysets_05414800,hysets,United States of America,42.53389075,-90.481517,64.10461948128663,3.02258726899384,3.0198494182067077
hysets_07055893,hysets,United States of America,35.96701964,-92.775722,116.55741493887712,3.02258726899384,5.560574948665297
hysets_08020980,hysets,United States of America,32.3051549,-94.7282665,125.84357054243397,3.02258726899384,3.0198494182067077
hysets_07185100,hysets,United States of America,36.87479219,-94.8624548,134.3644987109224,3.025325119780972,3.02258726899384
hysets_13336800,hysets,United States of America,46.4722222,-114.886111,185.2521465870452,3.028062970568104,3.025325119780972
hysets_14222920,hysets,United States of America,46.12566527,-122.3337105,30.721051589897257,3.030800821355236,3.028062970568104
hysets_05406575,hysets,United States of America,43.0644401,-89.9529013,31.04277034152093,3.030800821355236,3.028062970568104
hysets_01431673,hysets,United States of America,41.382032,-75.3201802,39.35497790429408,3.0362765229295,3.033538672142368
hysets_10260470,hysets,United States of America,34.2486111,-117.2025,4.147358662734552,3.0362765229295,3.033538672142368
hysets_12122010,hysets,United States of America,47.65759945,-122.115956,259.67967543193794,3.047227926078029,3.0444900752908968
hysets_06207900,hysets,United States of America,45.3827252,-108.9015332,139.4534486156053,3.047227926078029,3.0444900752908968
hysets_03072818,hysets,United States of America,40.05173939,-80.093389,22.00265423086668,3.052703627652293,3.049965776865161
hysets_01434176,hysets,United States of America,41.95555556,-74.5497222,60.76486243102365,3.052703627652293,3.049965776865161
hysets_01096906,hysets,United States of America,42.4528702,-71.580622,3.3038231978332093,3.052703627652293,3.049965776865161
hysets_05414213,hysets,United States of America,42.7230489,-90.5281842,205.79884389637309,3.055441478439425,3.052703627652293
hysets_14181750,hysets,United States of America,44.7120665,-122.4275818,34.10289524852739,3.060917180013689,3.058179329226557
hysets_05386490,hysets,United States of America,43.6999702,-90.9445752,23.16665466238096,3.0636550308008212,3.060917180013689
hysets_09456700,hysets,United States of America,32.44590569,-109.507567,367.0717354577587,3.0636550308008212,3.060917180013689
hysets_01117100,hysets,United States of America,41.55704576,-71.4647801,14.579441263843073,3.0636550308008212,3.060917180013689
hysets_03073030,hysets,United States of America,39.9622965,-80.0531113,15.876614299114598,3.0663928815879533,3.0718685831622174
camelscl_7351001,camelscl,Chile,-36.0019900709901,-71.7260105000075,833.9614492587947,3.0691307323750854,3.5263518138261465
hysets_01187830,hysets,United States of America,41.7998199,-72.9651039,6.961186203575042,3.0718685831622174,3.080082135523614
hysets_05380806,hysets,United States of America,45.1358021,-90.3459736,120.456064738125,3.077344284736482,3.07460643394935
hysets_08329838,hysets,United States of America,35.1211111,-106.5677778,5.324769287676919,3.077344284736482,11.07460643394935
hysets_054322655,hysets,United States of America,42.8736111,-90.1336111,2.648434874440297,3.077344284736482,3.07460643394935
hysets_11468850,hysets,United States of America,39.7987639,-123.8208548,4.514412440549943,3.080082135523614,3.077344284736482
hysets_06892490,hysets,United States of America,38.9363943,-94.9085762,99.96325210273866,3.080082135523614,3.077344284736482
hysets_06286270,hysets,United States of America,44.99777778,-108.1105556,350.4464310088346,3.080082135523614,3.077344284736482
hysets_02321700,hysets,United States of America,30.05801556,-82.4192829,114.61387543479049,3.080082135523614,3.077344284736482
hysets_11518300,hysets,United States of America,41.32819846,-122.8411416,30.513795581529635,3.080082135523614,3.077344284736482
hysets_06326850,hysets,United States of America,46.67243056,-104.9676472,3602.3573673565934,3.080082135523614,3.077344284736482
hysets_09456600,hysets,United States of America,32.3764626,-109.5603442,255.9002821952692,3.082819986310746,3.080082135523614
hysets_08313300,hysets,United States of America,35.81468056,-106.35855,23.052855206440444,3.082819986310746,3.080082135523614
hysets_02223382,hysets,United States of America,32.69488308,-82.9387549,10812.65604005636,3.082819986310746,3.909650924024641
hysets_03488100,hysets,United States of America,36.8645574,-81.83789958,670.0367940253221,3.082819986310746,3.080082135523614
hysets_03423152,hysets,United States of America,36.0447849,-85.5947014,310.51835457068654,3.0855578370978782,3.0882956878850103
hysets_02090960,hysets,United States of America,35.51377148,-77.9810978,50.09825829638832,3.0855578370978782,3.082819986310746
hysets_11214500,hysets,United States of America,37.09716659,-118.9731682,90.82868871313477,3.0855578370978782,3.082819986310746
hysets_06286370,hysets,United States of America,45.2110693,-108.0728908,85.08865298055274,3.0882956878850103,3.0855578370978782
camelscl_10405001,camelscl,Chile,-41.1006944444444,-73.6459722222222,376.11723539421655,3.0882956878850103,5.248459958932238
hysets_09293700,hysets,United States of America,40.31051058,-110.294045,246.04022406702225,3.0937713894592744,3.0910335386721424
GRDC_3637210,grdc,Brazil,-7.0646,-55.4521,12504.5705557114,3.0937713894592744,3.0910335386721424
hysets_11382090,hysets,United States of America,39.97543425,-122.2255466,737.6510212366304,3.0965092402464065,3.0937713894592744
hysets_01455355,hysets,United States of America,40.98138889,-74.5686111,4.269281676644737,3.0965092402464065,3.0937713894592744
hysets_12214500,hysets,United States of America,48.9748433,-122.2512642,79.50241302644802,3.0965092402464065,58.38466803559206
hysets_08385620,hysets,United States of America,34.2278523,-104.2296942,18269.82153583701,3.0992470910335386,3.8822724161533197
hysets_06207507,hysets,United States of America,44.92494887,-109.0112525,252.1133665721272,3.0992470910335386,4.413415468856948
hysets_01670180,hysets,United States of America,38.19263476,-77.9688863,110.39718529396556,3.0992470910335386,3.0965092402464065
hysets_07027500,hysets,United States of America,35.593962,-88.8145023,1281.9235253484337,3.0992470910335386,3.0965092402464065
hysets_09299900,hysets,United States of America,40.37773645,-109.8215348,189.74004711281543,3.1047227926078027,3.1019849418206706
hysets_09510170,hysets,United States of America,33.75976554,-111.4962457,6.9216492950236645,3.1047227926078027,3.1019849418206706
hysets_09306700,hysets,United States of America,39.9255223,-109.2923418,10424.460060924586,3.1047227926078027,3.5236139630390144
hysets_05409860,hysets,United States of America,43.3599773,-90.9087394,10.392449790374243,3.1074606433949348,3.2553045859000687
hysets_10263630,hysets,United States of America,34.46027778,-117.8633333,87.9015176418342,3.1101984941820673,3.1074606433949348
hysets_02414525,hysets,United States of America,33.15873099,-85.40161619,56.39801916849736,3.1129363449691994,3.1101984941820673
hysets_01184280,hysets,United States of America,42.0331513,-72.4584179,67.92179383989031,3.1129363449691994,3.1101984941820673
hysets_09314374,hysets,United States of America,39.4571899,-110.3598773,32.54736161535196,3.1129363449691994,3.1184120465434635
hysets_01495800,hysets,United States of America,39.55427886,-75.78799139,11.344478414061232,3.1238877481177276,3.1211498973305956
hysets_01BH008,hysets,Canada,48.77167,-64.52139,1091.5357346152853,3.1266255989048597,7.857631759069131
hysets_09512190,hysets,United States of America,33.41560044,-112.0298688,33269.20612178701,3.1266255989048597,3.268993839835729
hysets_11044900,hysets,United States of America,33.3697528,-117.3225376,122.70295101779472,3.1293634496919918,15.277207392197125
hysets_12208500,hysets,United States of America,48.8331733,-122.135987,23.1674510054276,3.134839151266256,3.7426420260095825
hysets_03226885,hysets,United States of America,40.05173049,-83.0304623,1327.4182631718063,3.134839151266256,3.132101300479124
camelscl_8380006,camelscl,Chile,-37.2792,-71.9847,2765.5773767654005,3.137577002053388,4.183436002737851
hysets_03600258,hysets,United States of America,35.60451646,-87.0700062,109.07145414640836,3.1485284052019167,3.1457905544147846
camelsch_5007,camelsch,FR,46.76,6.25,14.82530548257105,3.1512662559890487,3.1485284052019167
hysets_03361632,hysets,United States of America,39.90059705,-85.7985897,135.75925606673405,3.162217659137577,3.159479808350445
hysets_12043150,hysets,United States of America,48.15339917,-124.6691213,203.40671573248068,3.162217659137577,3.159479808350445
hysets_07380000,hysets,United States of America,30.3751924,-91.0695482,103.25290250295096,3.162217659137577,3.159479808350445
hysets_13313800,hysets,United States of America,45.04277778,-115.6777778,6.338665917418149,3.164955509924709,3.162217659137577
hysets_06758100,hysets,United States of America,39.21054499,-104.5383027,91.78761041741932,3.164955509924709,3.162217659137577
hysets_01585105,hysets,United States of America,39.37816315,-76.429128,6.349281333934974,3.167693360711841,3.164955509924709
hysets_01467019,hysets,United States of America,40.03138889,-74.8536111,10.613051638931172,3.1813826146475015,3.186858316221766
hysets_02149702,hysets,United States of America,35.30567078,-82.27511539,273.37188048030123,3.1813826146475015,3.1786447638603694
hysets_08158800,hysets,United States of America,30.0860467,-97.8480606,431.40009961899904,3.1813826146475015,3.405886379192334
hysets_01482200,hysets,United States of America,39.64900127,-75.6213163,6.399076864722117,3.184120465434634,3.1978097193702943
hysets_03QC004,hysets,Canada,52.67314,-56.15389,595.6775474056002,3.19233401779603,3.189596167008898
hysets_07191297,hysets,United States of America,36.37647476,-95.0060705,15.439128393505918,3.19233401779603,3.189596167008898
hysets_09324200,hysets,United States of America,39.307188,-111.1846153,55.03592372803113,3.2005475701574264,4.016427104722792
hysets_05220600,hysets,United States of America,46.70939726,-93.4846798,12456.47294971631,3.2032854209445585,3.2005475701574264
GRDC_3664102,grdc,Brazil,-25.6812,-52.9813,7243.01226117601,3.2087611225188226,7.493497604380561
hysets_08385640,hysets,United States of America,33.91536137,-104.278303,21816.466318705785,3.2087611225188226,3.923340177960301
hysets_01572000,hysets,United States of America,40.5375902,-76.3774557,88.15486768016336,3.2087611225188226,3.2060232717316905
hysets_02159600,hysets,United States of America,34.79873975,-81.8792675,23.733012699489613,3.2087611225188226,3.2060232717316905
hysets_01434013,hysets,United States of America,41.9383333,-74.50527778,48.16334245531837,3.216974674880219,3.2142368240930868
hysets_11208625,hysets,United States of America,36.4582761,-118.6539834,61.424555356986346,3.216974674880219,3.2142368240930868
hysets_06090610,hysets,United States of America,47.58736389,-111.0317389,2060.5649943783064,3.216974674880219,3.2142368240930868
hysets_0143402265,hysets,United States of America,41.99027778,-74.4808333,20.29353892686672,3.2197125256673513,3.216974674880219
hysets_12214000,hysets,United States of America,48.9567791,-122.6596165,46.73371692444533,3.2197125256673513,3.8302532511978096
hysets_04087018,hysets,United States of America,43.2213952,-88.1328694,47.1915254870532,3.2197125256673513,3.3429158110882957
hysets_05426900,hysets,United States of America,42.8038994,-88.7028824,56.87876865357647,3.2224503764544834,3.247091033538672
hysets_03436420,hysets,United States of America,36.61643719,-87.51417869,129.29669838965876,3.2251882272416155,3.2224503764544834
hysets_11230600,hysets,United States of America,37.30883228,-119.0278953,5.426372860197326,3.2334017796030117,21.229295003422312
hysets_02343801,hysets,United States of America,31.2593438,-85.1102076,21242.072950413924,3.2361396303901437,3.997262149212868
hysets_11070375,hysets,United States of America,33.73613136,-117.2530929,1469.2671240120494,3.24435318275154,3.7426420260095825
hysets_09395700,hysets,United States of America,35.2597485,-108.9214754,198.65908818204096,3.247091033538672,3.24435318275154
hysets_07301100,hysets,United States of America,34.59423756,-99.4367556,754.8159462052411,3.247091033538672,3.24435318275154
GRDC_4101250,grdc,United States of America,68.0812,-163.1896,497.399663716193,3.247091033538672,3.24435318275154
hysets_14185880,hysets,United States of America,44.5998453,-122.395081,19.05735660401081,3.249828884325804,3.247091033538672
hysets_05567510,hysets,United States of America,40.58670427,-89.2784203,1997.7386234271287,3.249828884325804,3.247091033538672
hysets_02309445,hysets,United States of America,28.0725164,-82.7598237,2.752435099288202,3.249828884325804,3.247091033538672
hysets_07249422,hysets,United States of America,35.2128745,-94.6727237,11.21495490477517,3.249828884325804,3.247091033538672
hysets_07247450,hysets,United States of America,34.92371015,-95.2530249,136.10006415800746,3.249828884325804,3.247091033538672
hysets_08033900,hysets,United States of America,31.86017169,-94.8232697,407.9731716267296,3.252566735112936,3.249828884325804
hysets_02215400,hysets,United States of America,31.8521267,-82.82681,391.04565491753885,3.252566735112936,3.249828884325804
hysets_06139900,hysets,United States of America,48.22160278,-109.6507639,41.62175556774767,3.252566735112936,3.249828884325804
hysets_02121493,hysets,United States of America,35.88735954,-80.2081041,13.085793815510762,3.252566735112936,3.249828884325804
hysets_06109750,hysets,United States of America,46.8377194,-110.3778,279.2267921846553,3.252566735112936,3.249828884325804
hysets_11160200,hysets,United States of America,37.09494746,-122.07413,23.48117463944727,3.252566735112936,3.249828884325804
hysets_02076000,hysets,United States of America,36.6932222,-78.9004167,7155.960684744948,3.252566735112936,3.249828884325804
hysets_05545133,hysets,United States of America,42.5600171,-88.4875986,5.137526679895675,3.2553045859000687,3.252566735112936
hysets_09331900,hysets,United States of America,38.8591422,-111.2621149,267.309736052179,3.2553045859000687,3.252566735112936
GRDC_4213577,grdc,Canada,50.7604,-101.4396,19033.5013360094,3.2580424366872007,3.326488706365503
hysets_03361630,hysets,United States of America,39.90698634,-85.7666445,128.30033800873386,3.2580424366872007,3.2553045859000687
hysets_12508480,hysets,United States of America,46.2536861,-120.4078639,397.21950171628447,3.260780287474333,3.2580424366872007
hysets_06349590,hysets,United States of America,46.82277098,-100.737349,81.9967677436866,3.260780287474333,5.327857631759069
hysets_06349580,hysets,United States of America,46.85249286,-100.7587392,58.83586090208218,3.260780287474333,5.327857631759069
hysets_0425040001,hysets,United States of America,43.5469722,-76.0426944,49.74305678271582,3.263518138261465,3.260780287474333
hysets_03072670,hysets,United States of America,39.79424405,-80.1358985,15.049513236929537,3.263518138261465,3.260780287474333
hysets_06090570,hysets,United States of America,47.3454861,-110.8894278,508.97418871055487,3.266255989048597,4.993839835728953
hysets_05062200,hysets,United States of America,47.29164638,-97.114253,457.7225425961081,3.266255989048597,5.661875427789186
hysets_10133900,hysets,United States of America,40.7899472,-111.5971484,166.08405793130734,3.268993839835729,3.266255989048597
hysets_07327050,hysets,United States of America,35.18922707,-98.1764397,88.54226954866753,3.268993839835729,3.266255989048597
hysets_03485500,hysets,United States of America,36.34455309,-82.210132,355.47215078377565,3.271731690622861,37.9958932238193
hysets_02342070,hysets,United States of America,32.37431279,-84.9579857,1162.6200641122186,3.274469541409993,3.271731690622861
hysets_05382240,hysets,United States of America,43.92666667,-91.2719444,85.45254702695956,3.2799452429842573,3.277207392197125
hysets_11AC073,hysets,Canada,49.26167,-107.6819,142.46224642146638,3.2854209445585214,4.678986995208761
hysets_01097380,hysets,United States of America,42.45888889,-71.3972222,118.94283608322048,3.2854209445585214,3.2826830937713893
hysets_03085049,hysets,United States of America,40.42591667,-79.9064167,15.528329590628012,3.29637234770705,3.293634496919918
hysets_04276920,hysets,United States of America,43.43166667,-73.7066667,22.93886956801549,3.29637234770705,3.293634496919918
hysets_03436426,hysets,United States of America,36.6103258,-87.4697331,329.38394140908025,3.299110198494182,3.353867214236824
hysets_01656120,hysets,United States of America,38.64150829,-77.5124873,451.2232913126635,3.299110198494182,3.29637234770705
hysets_08076700,hysets,United States of America,29.8371695,-95.2332671,442.766180434247,3.299110198494182,37.883641341546884
hysets_05548110,hysets,United States of America,42.4141866,-88.3431467,252.31865385480864,3.3018480492813143,3.299110198494182
hysets_08044135,hysets,United States of America,33.10511968,-97.6550282,138.455395655847,3.3100616016427105,3.3073237508555784
camelscl_8117008,camelscl,Chile,-36.6702824935841,-72.1543286751868,128.67457772625465,3.3155373032169746,14.288843258042437
hysets_07142015,hysets,United States of America,38.4197345,-98.8473103,4353.0396221515775,3.3155373032169746,3.3127994524298425
GRDC_4101800,grdc,United States of America,67.5729,-162.9396,27714.4280231032,3.3182751540041067,6.132785763175907
hysets_12043190,hysets,United States of America,48.35729218,-124.5619002,13.694492201146817,3.3292265571526354,3.326488706365503
hysets_02077230,hysets,United States of America,36.351806,-79.1411259,82.35380236256098,3.3292265571526354,3.326488706365503
hysets_02463000,hysets,United States of America,33.3056719,-87.4777819,62.91462146344976,3.3292265571526354,3.326488706365503
hysets_11460170,hysets,United States of America,37.9185367,-122.6930404,20.08696543445049,3.3319644079397674,3.3292265571526354
hysets_12015200,hysets,United States of America,46.7567649,-123.7748855,148.67704733485857,3.3319644079397674,3.3292265571526354
hysets_04221820,hysets,United States of America,42.3436111,-78.10388889,1664.96771380019,3.3319644079397674,3.3292265571526354
hysets_12150500,hysets,United States of America,47.74426658,-121.944288,51.36196289481995,3.3319644079397674,3.3292265571526354
hysets_11120700,hysets,United States of America,34.6013726,-120.5426667,7.750129987685595,3.3319644079397674,3.3292265571526354
hysets_040851378,hysets,United States of America,44.5172147,-88.0067706,382.3716704691899,3.3319644079397674,3.786447638603696
hysets_07031660,hysets,United States of America,35.1328705,-89.8550004,1834.1107177881315,3.3347022587268995,4.246406570841889
hysets_10336640,hysets,United States of America,39.0357409,-120.1257429,21.341620472482752,3.3347022587268995,3.8302532511978096
hysets_09134200,hysets,United States of America,38.8060966,-107.6872806,108.77076305381983,3.3347022587268995,3.3648186173853527
hysets_02GG007,hysets,Canada,42.59389,-82.10861,1216.0392832555412,3.3347022587268995,3.3319644079397674
hysets_02GG004,hysets,Canada,42.76444,-82.34167,545.2695140776469,3.3347022587268995,3.3319644079397674
camelscl_7355001,camelscl,Chile,-35.9086624508772,-71.492963191982,374.71323852031776,3.351129363449692,39.27446954140999
hysets_05434240,hysets,United States of America,42.6255626,-89.7442881,90.44469614754976,3.353867214236824,3.351129363449692
hysets_05434235,hysets,United States of America,42.639729,-89.7298437,84.55772683595991,3.353867214236824,3.351129363449692
hysets_02243609,hysets,United States of America,29.57024708,-81.8778663,16.754049285213547,3.356605065023956,3.353867214236824
hysets_09267100,hysets,United States of America,40.53773628,-109.6098627,285.4149438241364,3.359342915811088,3.356605065023956
hysets_03297970,hysets,United States of America,38.2367371,-85.4357918,38.95836965607225,3.3675564681724848,3.3648186173853527
hysets_07143310,hysets,United States of America,38.14417747,-98.0078315,2176.015460605328,3.3675564681724848,3.561943874058864
hysets_12503000,hysets,United States of America,46.53040485,-120.4706189,9441.53071121135,3.370294318959617,3.3675564681724848
hysets_05FC003,hysets,Canada,52.55278,-112.4111,1599.5525967745718,3.370294318959617,4.6680355920602326
hysets_01445430,hysets,United States of America,40.85166667,-74.9336111,238.5192088295155,3.373032169746749,3.370294318959617
hysets_10VK001,hysets,Canada,81.79417,-70.44028,6414.668588948326,3.375770020533881,16.060232717316907
hysets_0214678230,hysets,United States of America,35.09681138,-80.9725755,12.15582716800776,3.375770020533881,3.994524298425736
hysets_11176090,hysets,United States of America,37.67687486,-121.8143992,129.82252306838583,3.383983572895277,34.57905544147844
hysets_03423400,hysets,United States of America,35.9973355,-85.615769,91.03505226577452,3.3867214236824092,3.4168377823408624
hysets_01625900,hysets,United States of America,38.02902586,-78.9325239,105.36805261972714,3.3894592744695413,3.3867214236824092
hysets_01117472,hysets,United States of America,41.45232287,-71.6281187,33.24294937365066,3.3921971252566734,3.3894592744695413
hysets_01195117,hysets,United States of America,41.3853762,-72.6125926,47.35516817253023,3.3949349760438055,3.3921971252566734
hysets_01464741,hysets,United States of America,40.29677295,-75.1779507,8.195893157496933,3.3949349760438055,3.3921971252566734
hysets_02LC025,hysets,Canada,45.91333,-74.15194,170.33821647632342,3.4113620807665983,5.44558521560575
hysets_06604100,hysets,United States of America,43.445795,-95.0961058,172.48682298751814,3.4140999315537304,3.4140999315537304
hysets_12043173,hysets,United States of America,48.357011,-124.626349,25.25741819781839,3.4140999315537304,3.4113620807665983
hysets_06647810,hysets,United States of America,42.7696888,-105.7730554,357.3247460586315,3.4168377823408624,3.4140999315537304
hysets_13076000,hysets,United States of America,42.69435786,-112.5952609,597.545506000017,3.4168377823408624,3.4140999315537304
hysets_13051500,hysets,United States of America,43.75825739,-110.9674405,83.93928206614007,3.4168377823408624,65.49486652977413
hysets_01056400,hysets,United States of America,44.17694167,-70.2765056,19.71582422807547,3.4195756331279945,3.4168377823408624
GRDC_4103751,grdc,United States of America,63.3104,-142.6646,16302.4108164075,3.4195756331279945,3.4168377823408624
hysets_12355700,hysets,United States of America,48.172675,-113.5452806,1053.698098452825,3.430527036276523,4.919917864476386
hysets_05423100,hysets,United States of America,43.64748877,-88.6806627,119.33333833410632,3.430527036276523,3.542778918548939
hysets_05MA022,hysets,Canada,51.65833,-103.6033,569.8198730589701,3.433264887063655,4.744695414099931
hysets_0209173200,hysets,United States of America,35.5315503,-77.55858148,78.40154598654635,3.436002737850787,3.542778918548939
hysets_07133050,hysets,United States of America,38.03778627,-102.6146386,104.76770411600266,3.436002737850787,3.433264887063655
hysets_04268200,hysets,United States of America,44.8794444,-74.9147222,110.88182538511056,3.4387405886379194,5.075975359342916
hysets_05390680,hysets,United States of America,45.95166667,-89.39,10.365732248647594,3.4414784394250515,12.0766598220397
hysets_06647800,hysets,United States of America,42.73163316,-105.7877784,351.36519342408303,3.455167693360712,3.4524298425735798
GRDC_4209402,grdc,Canada,67.7396,-115.3604,30733.4624852989,3.455167693360712,3.4524298425735798
hysets_09316100,hysets,United States of America,38.92330555,-109.9423497,146.21216687160742,3.463381245722108,3.460643394934976
hysets_04072220,hysets,United States of America,44.5277694,-88.0776036,7.824805429703731,3.463381245722108,6.573579739904175
hysets_06023100,hysets,United States of America,45.54688889,-112.338111,12330.297493994389,3.46611909650924,10.269678302532512
hysets_02148071,hysets,United States of America,34.1937609,-80.67674909,22.18807593708513,3.468856947296372,3.46611909650924
hysets_09163675,hysets,United States of America,39.08165184,-109.2176153,443.4820771708407,3.468856947296372,3.46611909650924
hysets_10336765,hysets,United States of America,38.9679635,-119.9493475,15.181902168435188,3.468856947296372,3.46611909650924
hysets_02303250,hysets,United States of America,28.00696557,-82.2448128,0.9672892461405426,3.482546201232033,3.479808350444901
hysets_03371650,hysets,United States of America,39.20141667,-86.2471111,196.30216894362133,3.482546201232033,3.482546201232033
hysets_11352900,hysets,United States of America,40.82960908,-121.2494164,63.77825443105012,3.490759753593429,3.488021902806297
hysets_09121800,hysets,United States of America,38.22749466,-107.0733833,634.5203320165695,3.4962354551676933,3.4934976043805612
hysets_02195000,hysets,United States of America,33.644577,-82.2012321,15879.907125384285,3.4962354551676933,3.4934976043805612
hysets_01329000,hysets,United States of America,43.07618845,-73.15677339,388.4653454802794,3.4962354551676933,3.4934976043805612
hysets_09250400,hysets,United States of America,40.29025077,-107.7900712,103.2783336255462,3.4989733059548254,3.4962354551676933
hysets_03531680,hysets,United States of America,36.55647506,-83.3796257,1385.4072396895904,3.4989733059548254,3.4962354551676933
hysets_08268200,hysets,United States of America,36.53530297,-105.6025099,108.05315667832616,3.4989733059548254,3.4962354551676933
hysets_10245040,hysets,United States of America,40.049775,-114.8010083,24.6866364187793,3.4989733059548254,3.6632443531827517
hysets_10247200,hysets,United States of America,38.18688086,-115.755869,31.196350700650893,3.4989733059548254,3.4962354551676933
hysets_05427952,hysets,United States of America,43.10607834,-89.4837316,58.23153310778314,3.4989733059548254,3.4962354551676933
hysets_06120000,hysets,United States of America,46.41661958,-110.0674084,201.13885691163927,3.4989733059548254,3.4962354551676933
hysets_02089216,hysets,United States of America,35.20849674,-77.80859,9.587967537194045,3.4989733059548254,3.4962354551676933
hysets_11120800,hysets,United States of America,34.59665054,-120.579057,21.67066052841531,3.4989733059548254,3.4962354551676933
hysets_06307717,hysets,United States of America,45.4029972,-106.1424556,1166.133963773925,3.5017111567419574,3.4989733059548254
hysets_12331100,hysets,United States of America,46.55011389,-113.2147528,877.4318532099713,3.5017111567419574,3.4989733059548254
hysets_03427690,hysets,United States of America,35.88594274,-86.34582809,25.20451573808784,3.509924709103354,3.5071868583162216
hysets_09367900,hysets,United States of America,35.75916667,-108.8163889,18.61230734762153,3.5236139630390144,3.5208761122518824
hysets_12399600,hysets,United States of America,48.92963378,-117.7508158,493.7067984357258,3.5236139630390144,3.5208761122518824
hysets_06919950,hysets,United States of America,37.87782778,-93.7199278,211.53942145244216,3.5263518138261465,3.5236139630390144
hysets_12184500,hysets,United States of America,48.48122789,-121.502074,110.65779584155888,3.5263518138261465,3.5236139630390144
hysets_08053090,hysets,United States of America,32.9567905,-96.91056,24.14385609144285,3.5290896646132786,32.06570841889117
hysets_09330210,hysets,United States of America,38.27220246,-111.0923876,298.1397346376349,3.5318275154004106,3.5290896646132786
hysets_11467295,hysets,United States of America,38.69407879,-123.4102865,125.63929261770828,3.5318275154004106,5.5277207392197125
hysets_10UH006,hysets,Canada,63.63086,-69.03862,73.24633902908953,3.5318275154004106,8.375085557837098
hysets_12025300,hysets,United States of America,46.69149199,-122.908183,32.818877561964946,3.5345653661875427,3.5318275154004106
hysets_01172680,hysets,United States of America,42.49564509,-72.022855,3.887869567633599,3.540041067761807,3.7234770704996576
hysets_08KH025,hysets,Canada,52.36556,-121.3553,426.6735610192744,3.5509924709103355,6.510609171800137
hysets_09306230,hysets,United States of America,39.92691676,-108.4212033,67.08656709403579,3.5509924709103355,3.5482546201232035
hysets_09240020,hysets,United States of America,40.4892222,-106.8415278,1536.8029136541215,3.5537303216974676,10.182067077344286
GRDC_4212350,grdc,Canada,72.99600000000001,-84.98700000000001,126.924351591139,3.5537303216974676,5.8288843258042435
hysets_02341910,hysets,United States of America,32.39388889,-84.8425,165.92561082481473,3.561943874058864,3.5592060232717317
hysets_03382350,hysets,United States of America,37.79115776,-88.313653,1094.992229957022,3.564681724845996,4.117727583846681
hysets_0208721290,hysets,United States of America,35.8965394,-78.5791687,2.557255219399236,3.564681724845996,3.561943874058864
hysets_02091737,hysets,United States of America,35.52516178,-77.5205243,397.112575656301,3.567419575633128,3.564681724845996
hysets_06935000,hysets,United States of America,38.9166972,-91.534425,3.155635883602845,3.578370978781656,5.160848733744011
hysets_04083423,hysets,United States of America,43.69637928,-88.4748275,12.90371704426081,3.578370978781656,3.578370978781656
hysets_12099400,hysets,United States of America,47.19565786,-121.9309429,22.254731545709667,3.5811088295687883,3.578370978781656
hysets_12099300,hysets,United States of America,47.1914916,-121.8984418,12.293209723111584,3.5811088295687883,3.578370978781656
hysets_04083420,hysets,United States of America,43.6933238,-88.4720495,12.031320162578254,3.5811088295687883,3.578370978781656
hysets_04083425,hysets,United States of America,43.69721258,-88.475383,12.90371704426081,3.5811088295687883,3.578370978781656
hysets_09467100,hysets,United States of America,33.2042245,-110.3145377,30118.07729810829,3.5811088295687883,5.993155373032169
hysets_05435934,hysets,United States of America,43.00110855,-89.4990104,27.48525855564767,3.583846680355921,3.5811088295687883
hysets_06177400,hysets,United States of America,47.3498083,-105.5860278,77.65146547616625,3.583846680355921,3.5811088295687883
hysets_07191200,hysets,United States of America,36.33063538,-94.6243881,325.54474050469605,3.583846680355921,3.5811088295687883
hysets_07299710,hysets,United States of America,34.4792389,-99.6787044,812.5360957238531,3.583846680355921,3.5811088295687883
hysets_14092110,hysets,United States of America,44.6228964,-121.2828251,20008.427186191544,3.583846680355921,5.900068446269678
hysets_09168500,hysets,United States of America,37.9127689,-108.6500961,435.2486156413812,3.583846680355921,3.5811088295687883
hysets_06328200,hysets,United States of America,47.3277333,-104.9172806,67.6264018270314,3.583846680355921,3.5811088295687883
hysets_01208999,hysets,United States of America,41.2931512,-73.36761938,14.233822608986449,3.583846680355921,3.5811088295687883
hysets_06637800,hysets,United States of America,42.5482889,-108.763725,25.201261800618514,3.583846680355921,3.5811088295687883
hysets_0208732810,hysets,United States of America,35.8537618,-78.6030582,3.679567564492789,3.586584531143053,3.583846680355921
hysets_06177650,hysets,United States of America,47.63086667,-105.3281389,2783.731693124496,3.586584531143053,3.583846680355921
hysets_0208721055,hysets,United States of America,35.87515054,-78.5963913,5.728999220781416,3.586584531143053,3.583846680355921
GRDC_4208885,grdc,Canada,56.7021,-111.3938,2176.60744486018,3.6057494866529773,3.9315537303216974
hysets_13267050,hysets,United States of America,44.39055556,-116.8902778,145.26742994538694,3.6057494866529773,3.6030116358658453
hysets_02ZM024,hysets,Canada,47.61686,-52.73047,3.607256625498466,3.6303901437371664,3.6276522929500343
hysets_02148300,hysets,United States of America,34.00709738,-80.73258678,104.07611325700704,3.6358658453114305,3.6550308008213555
hysets_11107745,hysets,United States of America,34.42971779,-118.3553578,405.7146842804035,3.6386036960985626,3.6358658453114305
hysets_08157700,hysets,United States of America,30.24743158,-97.7438939,3.5605618206316256,3.6413415468856947,3.79192334017796
hysets_02ZM023,hysets,Canada,47.62681,-52.70883,4.526132453640376,3.646817248459959,3.6440793976728267
lamahice_52,lamahice,Iceland,64.42986258390987,-18.58930241793268,864.5518492796857,3.646817248459959,6.926762491444216
hysets_02115900,hysets,United States of America,36.00624815,-80.3017182,109.8869965349772,3.6605065023956196,3.6577686516084875
hysets_12422950,hysets,United States of America,47.18989805,-117.017951,312.2432861156947,3.6632443531827517,9.664613278576317
hysets_11375815,hysets,United States of America,40.37181955,-122.3391709,1234.3384992801823,3.6632443531827517,3.994524298425736
hysets_07333000,hysets,United States of America,34.5189822,-96.0608265,342.14900186077455,3.6659822039698837,3.6632443531827517
hysets_04234200,hysets,United States of America,42.97444444,-77.3825,166.46020234480795,3.6659822039698837,3.994524298425736
camelscl_7104001,camelscl,Chile,-34.9656944444444,-70.9423611111111,133.66799596601015,3.676933607118412,3.8275154004106775
hysets_10264000,hysets,United States of America,34.46388375,-118.0189578,127.14203459578124,3.679671457905544,3.676933607118412
hysets_01467470,hysets,United States of America,40.6945344,-76.1635523,70.22780391352568,3.6878850102669403,27.49349760438056
GRDC_4208467,grdc,Canada,55.4229,-117.3604,131.40993196815398,3.6906228610540723,5.259411362080766
hysets_01172800,hysets,United States of America,42.4517566,-72.02952147,14.052784433423238,3.693360711841205,3.909650924024641
hysets_10264100,hysets,United States of America,34.46721695,-118.0222913,29.219331370183443,3.696098562628337,3.693360711841205
hysets_02082731,hysets,United States of America,36.2009825,-78.2383267,34.92371978242857,3.698836413415469,3.696098562628337
GRDC_3638219,grdc,Brazil,-8.7646,-54.9521,1112.84612576826,3.7152635181382614,4.544832306639288
hysets_03098700,hysets,United States of America,41.11172469,-80.6353523,32.535101680865395,3.7152635181382614,19.750855578370977
hysets_01104850,hysets,United States of America,42.1539873,-71.2639436,15.2006586743472,3.7180013689253935,41.68377823408624
hysets_09473400,hysets,United States of America,32.94312166,-110.7492713,11422.69588315432,3.7234770704996576,3.7207392197125255
hysets_14245000,hysets,United States of America,46.1281687,-122.8384425,304.8252922412949,3.7426420260095825,3.7453798767967146
hysets_06889700,hysets,United States of America,39.05333347,-95.6247021,160.06415534428547,3.7426420260095825,15.742642026009582
GRDC_4208453,grdc,Canada,57.7396,-117.0271,215591.724219008,3.7426420260095825,7.4195756331279945
hysets_04157500,hysets,United States of America,43.7119618,-83.42773749,162.54220910095646,3.7453798767967146,3.7426420260095825
hysets_08069500,hysets,United States of America,30.02716385,-95.2579888,4585.102219225706,3.7453798767967146,3.7426420260095825
hysets_02359350,hysets,United States of America,30.5557492,-85.434649,102.50547776078034,3.7453798767967146,3.7426420260095825
hysets_14118000,hysets,United States of America,45.5887285,-121.6595195,51.81452029358476,3.7453798767967146,3.7426420260095825
hysets_03350000,hysets,United States of America,40.09059228,-86.0402635,492.81500604320354,3.7453798767967146,3.7426420260095825
hysets_06294940,hysets,United States of America,46.23858056,-107.1371472,1170.9128988952482,3.7453798767967146,3.7426420260095825
hysets_14077500,hysets,United States of America,44.1701426,-119.7288635,167.5433798177408,3.7453798767967146,3.7426420260095825
hysets_14078500,hysets,United States of America,44.33319298,-120.0844386,417.08389370246346,3.7453798767967146,3.7426420260095825
hysets_06313950,hysets,United States of America,44.18635946,-106.853942,104.67768993683848,3.7453798767967146,3.7426420260095825
hysets_02359550,hysets,United States of America,30.31964139,-85.4554786,161.10114575032188,3.7453798767967146,3.7426420260095825
hysets_02427500,hysets,United States of America,32.11458938,-87.39944009,53510.67760692421,3.7453798767967146,3.7426420260095825
hysets_08229500,hysets,United States of America,37.933333,-105.6455666,17.26102820163507,3.7453798767967146,3.7426420260095825
hysets_08224200,hysets,United States of America,38.3402762,-105.9436234,4.530357792850577,3.7453798767967146,3.7426420260095825
hysets_01476500,hysets,United States of America,39.90288946,-75.3926932,81.17645135047853,3.7453798767967146,3.7426420260095825
hysets_09121500,hysets,United States of America,37.9811084,-107.1686631,60.07690599766888,3.7453798767967146,3.7426420260095825
hysets_09307200,hysets,United States of America,40.08274069,-109.8734784,403.06864377346994,3.7453798767967146,3.7426420260095825
hysets_05361500,hysets,United States of America,45.3888591,-90.5084784,835.7644539087056,3.7453798767967146,3.7426420260095825
hysets_04028000,hysets,United States of America,46.4499476,-90.1779527,162.2545684386016,3.7453798767967146,3.7426420260095825
hysets_09302500,hysets,United States of America,40.0383118,-107.488115,154.59389305158146,3.7453798767967146,3.7426420260095825
hysets_09264000,hysets,United States of America,40.73329,-109.6784789,68.98953483945611,3.7453798767967146,3.7426420260095825
hysets_03199400,hysets,United States of America,38.15482058,-81.85234779,823.2459049639401,3.7453798767967146,3.7426420260095825
hysets_12058500,hysets,United States of America,47.41092539,-123.1887686,4.282994376707125,3.7453798767967146,3.7426420260095825
hysets_12113350,hysets,United States of America,47.46509966,-122.2484554,1218.3626010622515,3.7453798767967146,3.7426420260095825
hysets_08234200,hysets,United States of America,37.73472355,-105.5080672,9.925518167313069,3.7453798767967146,3.7426420260095825
hysets_06309075,hysets,United States of America,46.4727083,-105.8434667,1845.8365324058857,3.7453798767967146,3.7426420260095825
hysets_04178500,hysets,United States of America,41.24643866,-84.9730226,1807.224584638375,3.7453798767967146,3.7426420260095825
hysets_07068380,hysets,United States of America,36.74661667,-90.7358333,206.25871911264568,3.7453798767967146,3.7426420260095825
hysets_07068300,hysets,United States of America,36.78048056,-90.8003806,101.9043622183968,3.7453798767967146,3.7426420260095825
hysets_07155000,hysets,United States of America,36.91279869,-102.6193595,5346.768587891143,3.7453798767967146,3.7426420260095825
hysets_02090500,hysets,United States of America,35.6862693,-77.94692968,609.3104796212652,3.7453798767967146,3.7426420260095825
hysets_02423647,hysets,United States of America,33.09817509,-87.054716,1538.8836435509409,3.7453798767967146,3.7426420260095825
hysets_13297597,hysets,United States of America,44.14694444,-114.291111,299.4430898372915,3.7453798767967146,3.7426420260095825
hysets_07078000,hysets,United States of America,34.53204204,-91.3556799,462.9733802547504,3.7453798767967146,3.7426420260095825
hysets_07112500,hysets,United States of America,37.7272317,-105.012494,1332.3310271116825,3.7453798767967146,3.7426420260095825
hysets_01657415,hysets,United States of America,38.76650359,-77.41415419,478.5252028220864,3.7453798767967146,3.7426420260095825
hysets_04162400,hysets,United States of America,42.525591,-83.029368,96.62944117243646,3.7453798767967146,3.7426420260095825
hysets_06858500,hysets,United States of America,39.01787498,-101.3479109,1801.1541014591594,3.7453798767967146,3.7426420260095825
hysets_06331500,hysets,United States of America,48.1975,-103.5972222,2538.9809312317952,3.7453798767967146,3.7426420260095825
hysets_12099500,hysets,United States of America,47.188713,-121.973444,31.81684462835147,3.7453798767967146,3.7426420260095825
hysets_09053000,hysets,United States of America,39.78165247,-106.1678011,42.80680578735458,3.7453798767967146,3.7426420260095825
hysets_04083500,hysets,United States of America,43.75415609,-88.4528839,194.98297082806383,3.7453798767967146,3.7426420260095825
hysets_08016400,hysets,United States of America,30.471033,-93.3598842,388.97136986609496,3.7453798767967146,3.7426420260095825
hysets_14376500,hysets,United States of America,42.06372377,-123.7178477,119.14427016927756,3.7453798767967146,3.7426420260095825
hysets_06314000,hysets,United States of America,44.18774887,-106.8306078,108.85243929233044,3.7453798767967146,3.7426420260095825
hysets_14247000,hysets,United States of America,46.048445,-123.1234489,141.81891286443476,3.7453798767967146,3.7426420260095825
hysets_06317340,hysets,United States of America,44.26469187,-106.9186665,11.554071574041776,3.7453798767967146,3.7426420260095825
hysets_01153500,hysets,United States of America,43.20868736,-72.5175895,262.52387973746835,3.7481177275838466,3.7453798767967146
hysets_09512100,hysets,United States of America,33.53865414,-111.9165334,363.65158213523904,3.7481177275838466,3.7453798767967146
hysets_03213000,hysets,United States of America,37.4856665,-81.84372729,1303.7970946841886,3.7481177275838466,3.7453798767967146
hysets_02433000,hysets,United States of America,34.08844049,-88.3905988,869.5487453240609,3.7508555783709787,8.035592060232718
hysets_08249400,hysets,United States of America,37.1814051,-105.3211227,192.1824125834532,3.7508555783709787,3.7481177275838466
hysets_08016800,hysets,United States of America,30.33325975,-93.6290536,457.1008611572689,3.753593429158111,3.7508555783709787
hysets_04200430,hysets,United States of America,41.3706019,-82.1129266,448.8181665620275,3.756331279945243,3.753593429158111
hysets_04166750,hysets,United States of America,42.37170308,-83.4454903,155.7702642064818,3.756331279945243,9.08145106091718
hysets_05391226,hysets,United States of America,45.58579119,-89.285958,267.9843377131533,3.759069130732375,3.756331279945243
hysets_08226700,hysets,United States of America,38.13194324,-105.7886216,35.23566061097331,3.761806981519507,3.759069130732375
GRDC_4208930,grdc,Canada,57.3771,-112.5646,1377.16870626909,3.7672826830937716,3.7645448323066395
hysets_04096312,hysets,United States of America,42.02921269,-84.7796866,52.853863829374106,3.7700205338809036,3.969883641341547
hysets_03OB006,hysets,Canada,54.91753,-67.124,4.740310340629393,3.7700205338809036,5.908281998631074
hysets_02142651,hysets,United States of America,35.46388889,-80.87638889,5.676805989490894,3.7700205338809036,3.8767967145790556
hysets_07AF907,hysets,Canada,53.23556,-116.5653,571.9777585230976,3.7700205338809036,6.5188227241615335
hysets_05SB002,hysets,Canada,50.58056,-97.04444,215.21300348235653,3.7727583846680357,10.329911019849419
hysets_10UH003,hysets,Canada,63.79628,-67.91536,620.0476495278646,3.786447638603696,6.852840520191649
hysets_12138150,hysets,United States of America,47.91426807,-121.8112328,241.4071899843981,3.79192334017796,3.789185489390828
hysets_02367355,hysets,United States of America,30.54325177,-86.5207843,159.3613263291496,3.79192334017796,3.789185489390828
hysets_01555539,hysets,United States of America,40.57943056,-76.69966389,11.582011051151628,3.7946611909650922,3.79192334017796
hysets_05243721,hysets,United States of America,46.90412658,-95.2044702,101.71525035627394,3.802874743326489,5.089664613278576
hysets_11070240,hysets,United States of America,33.91723957,-117.2436504,33.96093543580017,3.805612594113621,23.184120465434635
hysets_02145642,hysets,United States of America,35.1373616,-81.13563159,229.8745993533805,3.8193018480492813,3.991786447638604
hysets_02471013,hysets,United States of America,30.70630067,-88.1511131,25.730665967138275,3.8247775496235454,3.8220396988364134
hysets_03601000,hysets,United States of America,35.50340909,-87.2316771,67.13705128455481,3.8302532511978096,3.8275154004106775
hysets_04125200,hysets,United States of America,44.1127869,-85.68339299,500.89801997869824,3.8302532511978096,3.8275154004106775
hysets_07144730,hysets,United States of America,37.9013932,-98.0139696,120.2019465552649,3.8302532511978096,3.8275154004106775
hysets_06889580,hysets,United States of America,39.01416754,-95.7488725,36.16965427945618,3.8302532511978096,16.996577686516083
hysets_02232413,hysets,United States of America,28.34000764,-80.9347819,146.88485090870438,3.8302532511978096,3.8302532511978096
hysets_05406497,hysets,United States of America,43.125,-89.7097222,102.21993723133905,3.8329911019849416,3.8302532511978096
hysets_05276000,hysets,United States of America,45.3846865,-94.7941736,500.6830219430388,3.8329911019849416,3.8302532511978096
camelscl_5421001,camelscl,Chile,-32.7770833333333,-70.9773611111111,279.8601709655084,3.8329911019849416,3.997262149212868
hysets_11070262,hysets,United States of America,33.8586293,-117.2264265,27.983956059237403,3.8329911019849416,23.184120465434635
hysets_09336500,hysets,United States of America,37.76665536,-111.6840664,269.693219633834,3.8329911019849416,3.8302532511978096
hysets_04083000,hysets,United States of America,43.7624888,-88.4834405,228.60222647292943,3.8329911019849416,3.8302532511978096
hysets_02375000,hysets,United States of America,31.01073709,-87.2627518,860.0008299597288,3.8357289527720737,3.898699520876112
hysets_03082190,hysets,United States of America,40.0192408,-79.4272578,22.57126741920545,3.8412046543463383,4.763860369609857
hysets_04201404,hysets,United States of America,41.35088339,-81.9001376,15.1902976886771,3.8412046543463383,17.415468856947296
hysets_11480780,hysets,United States of America,40.84624116,-123.9828363,1019.324263145918,3.8439425051334704,3.8439425051334704
hysets_04096340,hysets,United States of America,42.1308777,-84.865527,400.5468866797988,3.8466803559206024,4.216290212183436
hysets_03457000,hysets,United States of America,35.525106,-82.8409668,344.03278429477655,3.8521560574948666,3.871321013004791
hysets_02246030,hysets,United States of America,30.1171845,-81.8078765,91.73094945691102,3.8576317590691307,3.8548939082819986
hysets_02246215,hysets,United States of America,30.1332957,-81.7559301,2.8394842535557507,3.8603696098562628,3.8576317590691307
hysets_04125510,hysets,United States of America,44.21306177,-85.8964604,683.6580977460349,3.865845311430527,3.994524298425736
hysets_06890400,hysets,United States of America,39.4061094,-95.5060878,1937.545424227192,3.871321013004791,3.868583162217659
hysets_08048800,hysets,United States of America,32.80735146,-97.2486256,136.88644110247375,3.871321013004791,3.9069130732375084
hysets_02246895,hysets,United States of America,29.892191,-81.3225729,43.63141103898937,3.8740588637919235,4.407939767282683
hysets_12413180,hysets,United States of America,47.4847222,-116.063611,52.24003479626584,3.8740588637919235,3.871321013004791
camelscl_7340001,camelscl,Chile,-35.8711647463676,-72.0054450552801,158.32268718925823,3.8795345653661877,3.997262149212868
hysets_03159555,hysets,United States of America,39.1414659,-81.8773581,96.63543191122773,3.8822724161533197,5.494866529774128
hysets_03066630,hysets,United States of America,39.1148297,-79.54977829,2.897381942266436,3.887748117727584,3.885010266940452
GRDC_4103621,grdc,United States of America,63.8521,-148.9479,5128.06614179841,3.887748117727584,17.44832306639288
hysets_01190055,hysets,United States of America,41.8214876,-72.58814468,30.55136101790737,3.893223819301848,3.890485968514716
hysets_07287160,hysets,United States of America,33.34166667,-90.2372222,252.18718609880327,3.89596167008898,3.980835044490075
hysets_03204215,hysets,United States of America,38.06888889,-81.9422222,5.330853785041551,3.898699520876112,3.89596167008898
hysets_10263665,hysets,United States of America,34.46055174,-117.8647863,40.22470916672236,3.9014373716632442,3.898699520876112
hysets_11107770,hysets,United States of America,34.43110674,-118.4428606,73.93542353575785,3.9014373716632442,3.898699520876112
GRDC_1159600,grdc,South Africa,-31.0312,26.3271,2163.42467911029,3.9041752224503763,3.997262149212868
camelscl_8220010,camelscl,Chile,-36.7966636458203,-72.9656888500886,651.0865833647339,3.9041752224503763,4.243668720054757
hysets_07144660,hysets,United States of America,37.84279255,-98.196453,496.0269476848703,3.912388774811773,3.909650924024641
lamahice_57,lamahice,Iceland,65.00014404779324,-14.979099523541606,439.6554930825624,3.912388774811773,4.550308008213553
hysets_05426070,hysets,United States of America,43.0627864,-88.4025968,116.99796504412024,3.912388774811773,3.909650924024641
hysets_07144680,hysets,United States of America,37.82383718,-98.1947032,132.11456687321322,3.912388774811773,3.909650924024641
hysets_04067651,hysets,United States of America,45.09388889,-87.5936111,10494.15539961092,3.915126625598905,7.41409993155373
hysets_01548408,hysets,United States of America,41.64757194,-77.3069208,31.579049956183184,3.915126625598905,3.912388774811773
hysets_03360600,hysets,United States of America,38.812,-87.1300833,86.37330430202765,3.917864476386037,3.915126625598905
hysets_08LB083,hysets,Canada,50.88472,-120.2878,214.2987843057089,3.917864476386037,3.915126625598905
hysets_01467492,hysets,United States of America,40.69381944,-76.1649556,65.9926903585769,3.917864476386037,4.035592060232717
hysets_10167450,hysets,United States of America,40.56994975,-111.7007608,41.004461572273705,3.920602327173169,3.917864476386037
hysets_06701970,hysets,United States of America,39.39360037,-105.1841572,24.687603043782257,3.923340177960301,6.433949349760438
hysets_02115860,hysets,United States of America,36.00027778,-80.3402778,472.1772186856044,3.923340177960301,22.64476386036961
hysets_06206000,hysets,United States of America,44.86661224,-109.5673902,1159.1522922412669,3.9315537303216974,6.496919917864476
hysets_02341725,hysets,United States of America,32.4393099,-84.7332603,170.14612430379984,3.9397672826830936,3.9370294318959616
hysets_12510618,hysets,United States of America,46.58596577,-119.8753192,73.85080411787308,3.9534565366187544,4.950034223134839
hysets_10264682,hysets,United States of America,34.4255538,-117.7128363,14.364748404985516,3.9534565366187544,3.9507186858316223
hysets_07026500,hysets,United States of America,36.4422863,-89.2964594,285.47499435231674,3.9589322381930185,3.9589322381930185
hysets_02367390,hysets,United States of America,30.5088079,-86.6702322,56.86191544254285,3.969883641341547,4.525667351129363
hysets_04201495,hysets,United States of America,41.34949577,-81.8256901,23.05491536982109,3.969883641341547,17.582477754962355
camelscl_7331001,camelscl,Chile,-36.2509722222222,-71.5643055555555,128.4565845378596,3.978097193702943,4.0191649555099245
hysets_04083545,hysets,United States of America,43.78638889,-88.4589444,439.2080137633452,3.980835044490075,3.994524298425736
hysets_03QC003,hysets,Canada,52.44686,-56.29758,2385.898398542241,3.980835044490075,3.980835044490075
hysets_06413800,hysets,United States of America,44.0827655,-103.2565712,5.362446327082823,3.9835728952772076,9.442847364818617
hysets_02336658,hysets,United States of America,33.73899626,-84.4790968,15.823824740636102,3.9863107460643397,3.9835728952772076
GRDC_4208425,grdc,Canada,61.882,-107.682,1930.6190532542605,3.9890485968514717,4.520191649555099
hysets_102512533,hysets,United States of America,36.8608333,-116.4380556,2.106240301937048,3.994524298425736,5.993155373032169
hysets_09339000,hysets,United States of America,37.78193297,-111.360167,448.62767322833656,3.994524298425736,4.870636550308008
GRDC_4208592,grdc,Canada,54.8521,-122.6104,3923.12496104718,3.994524298425736,5.672826830937714
hysets_06627600,hysets,United States of America,41.4230152,-106.9969939,263.41207882827456,3.994524298425736,11.994524298425736
hysets_06669850,hysets,United States of America,42.11996935,-104.8519132,1683.133051641699,3.994524298425736,8.993839835728952
hysets_02403200,hysets,United States of America,33.66343806,-85.68773909,313.2730590567712,3.997262149212868,3.994524298425736
hysets_06058502,hysets,United States of America,46.64938088,-111.7283134,41117.26314640893,3.997262149212868,3.994524298425736
hysets_09077400,hysets,United States of America,39.2960982,-106.6036435,83.3297774231882,3.997262149212868,3.994524298425736
hysets_03085550,hysets,United States of America,40.43979117,-80.0806108,696.9108767661933,3.997262149212868,3.994524298425736
hysets_09077900,hysets,United States of America,39.3019314,-106.6191995,44.93504781239014,3.997262149212868,3.994524298425736
hysets_01487698,hysets,United States of America,38.5875,-75.5164167,8.450328672893413,3.997262149212868,3.994524298425736
hysets_09235100,hysets,United States of America,40.7952383,-109.0912348,79.17019270368229,3.997262149212868,3.994524298425736
hysets_09132000,hysets,United States of America,38.8630483,-107.1639388,54.47177927573083,3.997262149212868,3.994524298425736
hysets_03207915,hysets,United States of America,37.3978846,-82.28403129,1.6865927554128857,3.997262149212868,3.994524298425736
hysets_09313975,hysets,United States of America,39.69524168,-110.6151575,45.54002830380882,3.997262149212868,6.102669404517454
hysets_09367400,hysets,United States of America,36.7861111,-108.226,2.66243680634205,3.997262149212868,3.994524298425736
hysets_09273200,hysets,United States of America,40.62216766,-110.8923904,106.59632894757527,3.997262149212868,3.994524298425736
hysets_12343400,hysets,United States of America,45.88301667,-114.0663139,982.100026625636,3.997262149212868,3.994524298425736
hysets_06340536,hysets,United States of America,47.3291723,-101.785447,73.49227956482692,3.997262149212868,3.994524298425736
hysets_01408140,hysets,United States of America,40.08666667,-74.2122222,67.85900481838237,3.997262149212868,3.994524298425736
hysets_09473100,hysets,United States of America,32.85089994,-110.7248258,11194.453079426465,3.997262149212868,3.994524298425736
hysets_02453835,hysets,United States of America,33.90149585,-87.5539027,7.019798281597152,3.997262149212868,3.994524298425736
hysets_06209010,hysets,United States of America,45.0041112,-109.5271096,8.949472496720249,3.997262149212868,3.994524298425736
hysets_09016000,hysets,United States of America,40.13081927,-105.7675084,15.502445521194238,3.997262149212868,3.994524298425736
hysets_04234055,hysets,United States of America,42.8622222,-76.7494444,8.078113793970994,3.997262149212868,3.994524298425736
hysets_01196626,hysets,United States of America,41.3359304,-72.91037969,94.1031267305242,3.997262149212868,3.994524298425736
hysets_01198851,hysets,United States of America,41.9434273,-73.2851164,13.207848565414192,3.997262149212868,3.994524298425736
hysets_01198800,hysets,United States of America,41.94870478,-73.3212287,48.770541507341406,3.997262149212868,3.994524298425736
hysets_06339900,hysets,United States of America,47.36556497,-102.376846,727.5002889803383,3.997262149212868,3.994524298425736
hysets_04073970,hysets,United States of America,44.01894444,-88.7854444,216.67231945113053,3.997262149212868,3.994524298425736
hysets_05401510,hysets,United States of America,44.1708049,-89.5831772,23.447581061355503,3.997262149212868,3.994524298425736
hysets_08164370,hysets,United States of America,29.1355328,-96.7444227,1399.7407830284362,3.997262149212868,3.994524298425736
hysets_06718500,hysets,United States of America,39.76359894,-105.4269389,133.13237925072693,3.997262149212868,3.994524298425736
hysets_06718000,hysets,United States of America,39.74235,-105.5075,668.1182596206087,3.997262149212868,3.994524298425736
hysets_06725100,hysets,United States of America,40.1519289,-105.0533146,961.6333616277497,3.997262149212868,3.994524298425736
hysets_11474700,hysets,United States of America,40.03709319,-123.5539129,58.66161477461531,3.997262149212868,3.994524298425736
hysets_11474500,hysets,United States of America,39.9373742,-123.3469626,649.3781973952838,3.997262149212868,3.994524298425736
hysets_04232630,hysets,United States of America,42.84916667,-76.8922222,35.76027149371565,3.997262149212868,3.994524298425736
hysets_01198870,hysets,United States of America,41.96731579,-73.3067837,1.618593989311847,3.997262149212868,3.994524298425736
hysets_01198880,hysets,United States of America,41.96176025,-73.3140062,25.710528626026434,3.997262149212868,3.994524298425736
hysets_01549755,hysets,United States of America,41.16118479,-77.21719169,133.93592339515837,3.997262149212868,3.994524298425736
hysets_08313042,hysets,United States of America,35.86696938,-106.2230814,26.80559544979725,3.997262149212868,3.994524298425736
hysets_11353600,hysets,United States of America,41.13904988,-121.6411004,16.995750582757175,3.997262149212868,3.994524298425736
hysets_07229500,hysets,United States of America,35.2278462,-97.3058632,310.44367376850937,3.997262149212868,3.994524298425736
hysets_07239200,hysets,United States of America,35.84504365,-98.4653524,33590.76054469328,3.997262149212868,3.994524298425736
hysets_07332900,hysets,United States of America,34.4517584,-96.2324963,21.84211736678468,3.997262149212868,3.994524298425736
hysets_07173500,hysets,United States of America,37.1799407,-95.9920166,28.18789538528916,3.997262149212868,3.994524298425736
hysets_10215500,hysets,United States of America,39.62634886,-111.625754,54.56967058535002,3.997262149212868,3.994524298425736
hysets_04234018,hysets,United States of America,42.5536111,-76.53527778,230.66280699823,3.997262149212868,3.994524298425736
hysets_10359100,hysets,United States of America,40.39156694,-120.3074382,14.309486750980504,3.997262149212868,3.994524298425736
hysets_11374060,hysets,United States of America,40.4998775,-121.9733277,7.541299698185853,3.997262149212868,3.994524298425736
hysets_07246615,hysets,United States of America,35.25315236,-94.7552254,40.14071657130389,3.997262149212868,3.994524298425736
hysets_11375900,hysets,United States of America,40.36237519,-122.3394486,1024.8095816335983,3.997262149212868,3.994524298425736
hysets_11522260,hysets,United States of America,41.5248458,-123.527561,24.62461343181341,3.997262149212868,3.994524298425736
hysets_08028200,hysets,United States of America,30.8707523,-93.5107275,1108.8056147188945,3.997262149212868,3.994524298425736
hysets_08092600,hysets,United States of America,31.86682458,-97.3669576,70658.75852156735,3.997262149212868,3.994524298425736
hysets_10242430,hysets,United States of America,37.5041437,-113.8480274,6.551806443642664,3.997262149212868,3.994524298425736
hysets_11472800,hysets,United States of America,39.8290433,-123.070842,527.8712687070041,3.997262149212868,3.994524298425736
hysets_11519000,hysets,United States of America,41.58652456,-123.0044807,45.68361969454134,3.997262149212868,3.994524298425736
hysets_11472900,hysets,United States of America,39.82071008,-123.0816755,417.9089447582557,3.997262149212868,3.994524298425736
hysets_11473530,hysets,United States of America,39.84154269,-123.2775148,43.48142012608957,3.997262149212868,3.994524298425736
hysets_06916675,hysets,United States of America,38.21141446,-94.3780067,354.2021951997573,3.997262149212868,3.994524298425736
hysets_07068250,hysets,United States of America,36.8304472,-90.8227222,17.73812826675841,3.997262149212868,3.994524298425736
hysets_11475100,hysets,United States of America,40.2370885,-123.635864,160.74140074332365,3.997262149212868,3.994524298425736
hysets_0247100550,hysets,United States of America,30.73491097,-88.1608359,60.38400609667246,3.997262149212868,3.994524298425736
hysets_11453700,hysets,United States of America,38.4346322,-122.2052512,2.1512174832689053,3.997262149212868,3.994524298425736
hysets_11447300,hysets,United States of America,38.72879075,-121.3532853,0.8384348254450724,3.997262149212868,3.994524298425736
hysets_05483343,hysets,United States of America,42.1266512,-94.9758227,22.341041048180823,3.997262149212868,3.994524298425736
hysets_11396300,hysets,United States of America,39.5521097,-121.2813511,272.3199825494584,3.997262149212868,3.994524298425736
hysets_07073500,hysets,United States of America,36.08062574,-91.6109739,258.48693552678577,3.997262149212868,4.079397672826831
hysets_07159200,hysets,United States of America,35.83420965,-98.0661687,425.6360923849596,3.997262149212868,3.994524298425736
hysets_11257700,hysets,United States of America,37.22078058,-119.7079274,21.1260678397863,3.997262149212868,3.994524298425736
hysets_11367200,hysets,United States of America,41.2276582,-122.0469455,837.4608784374083,3.997262149212868,3.994524298425736
hysets_11159400,hysets,United States of America,36.97689577,-121.7763403,18.919150138544705,3.997262149212868,3.994524298425736
hysets_02377960,hysets,United States of America,30.51158404,-87.5816504,147.66176341431716,3.997262149212868,3.994524298425736
hysets_01012520,hysets,United States of America,46.7402,-68.7556833,4.623901838669047,3.997262149212868,3.994524298425736
hysets_11152570,hysets,United States of America,36.6924599,-121.568832,36.91698522549159,3.997262149212868,3.994524298425736
hysets_11153040,hysets,United States of America,36.95994927,-121.4179906,389.8718764951138,3.997262149212868,3.994524298425736
hysets_04175957,hysets,United States of America,41.9083801,-84.0282768,421.7808480783938,3.997262149212868,3.994524298425736
hysets_11184000,hysets,United States of America,37.96658905,-122.026073,20.425805972961523,3.997262149212868,3.994524298425736
hysets_14202850,hysets,United States of America,45.50150055,-123.2528884,41.50150178921103,3.997262149212868,3.994524298425736
hysets_02425300,hysets,United States of America,31.90070606,-86.6849765,1.3472871997340712,3.997262149212868,3.994524298425736
hysets_14202920,hysets,United States of America,45.4803898,-123.2456658,27.34508831599377,3.997262149212868,3.994524298425736
hysets_13340760,hysets,United States of America,46.90435145,-115.8473748,665.8082653667818,3.997262149212868,3.994524298425736
hysets_13340780,hysets,United States of America,46.8860171,-115.9462628,332.8190997096471,3.997262149212868,3.994524298425736
hysets_02401700,hysets,United States of America,33.87065509,-85.90024619,113.5285199839988,3.997262149212868,3.994524298425736
hysets_02401800,hysets,United States of America,33.8159335,-85.8727452,240.5420519896417,3.997262149212868,3.994524298425736
hysets_06127600,hysets,United States of America,46.9224833,-107.9192778,15291.869854965786,3.997262149212868,3.994524298425736
hysets_14127300,hysets,United States of America,45.82233728,-122.0164737,54.25722040075864,3.997262149212868,3.994524298425736
hysets_11044600,hysets,United States of America,33.4108627,-117.2800364,1.3351245470206177,3.997262149212868,3.994524298425736
hysets_11119660,hysets,United States of America,34.4499955,-119.6229084,7.609257792047875,3.997262149212868,3.994524298425736
hysets_11106000,hysets,United States of America,34.21611598,-119.0153793,429.1212754808954,3.997262149212868,3.994524298425736
hysets_11021300,hysets,United States of America,32.94138889,-116.8572222,26.55266946513168,3.997262149212868,3.994524298425736
hysets_11159940,hysets,United States of America,37.03383789,-121.9441257,82.74208684861948,3.997262149212868,3.994524298425736
hysets_02YS001,hysets,Canada,48.44167,-54.3725,1162.8983970711158,4.0,3.997262149212868
GRDC_6172043,grdc,Estonia,58.5562,24.9854,16.4621067096312,4.0,7.997262149212868
GRDC_6172035,grdc,Estonia,59.4479,26.7063,15.1730615057494,4.0,7.997262149212868
GRDC_6172290,grdc,Estonia,57.9562,27.2146,59.20679358149489,4.0,7.997262149212868
GRDC_6172292,grdc,Estonia,57.6854,26.8938,140.073264822819,4.0,7.997262149212868
GRDC_6172232,grdc,Estonia,58.8729,26.1729,79.36486449340491,4.0,7.997262149212868
hysets_02011480,hysets,United States of America,38.1348461,-79.8656107,229.6569079394981,4.0,3.997262149212868
GRDC_6172029,grdc,Estonia,59.4479,26.7063,15.1730615057494,4.0,7.997262149212868
GRDC_6172005,grdc,Estonia,59.0312,26.0896,116.033253454279,4.0,7.997262149212868
hysets_04206021,hysets,United States of America,41.20116719,-81.454279,15.470595395233332,4.0,3.997262149212868
GRDC_6212515,grdc,Spain,41.8729,-5.7646,14361.5718267824,4.0,3.997262149212868
GRDC_6212810,grdc,Spain,40.6979,-6.6604,1691.1125841412,4.0,3.997262149212868
GRDC_6213650,grdc,Spain,39.9396,-4.8438,33538.8867206481,4.0,3.997262149212868
GRDC_6212760,grdc,Spain,42.9646,-4.4896,139.09602904541902,4.0,3.997262149212868
GRDC_6212620,grdc,Spain,41.6229,-5.6312,3166.65108668003,4.0,3.997262149212868
hysets_04206029,hysets,United States of America,41.1864449,-81.4890029,44.65329512491598,4.0,3.997262149212868
hysets_04206038,hysets,United States of America,41.1720005,-81.4778914,8.318954383339682,4.0,3.997262149212868
hysets_04206014,hysets,United States of America,41.2075561,-81.4112214,3.3868150066715543,4.0,3.997262149212868
hysets_11211790,hysets,United States of America,36.5296713,-119.1267757,156.63072371922476,4.0,3.997262149212868
hysets_08051000,hysets,United States of America,33.4065031,-97.0127854,690.4457913657822,4.0,3.997262149212868
hysets_01119384,hysets,United States of America,41.81555556,-72.3169444,255.04557433658903,4.0,3.997262149212868
hysets_10336790,hysets,United States of America,38.93213,-119.9787926,104.22507945163647,4.0,3.997262149212868
hysets_03335678,hysets,United States of America,40.431424,-87.0377897,71.60828338577721,4.0,3.997262149212868
hysets_08NA012,hysets,Canada,50.51083,-116.0436,669.078653901377,4.0,3.997262149212868
hysets_04072845,hysets,United States of America,43.8211111,-89.3652778,336.1951780938693,4.0,3.997262149212868
hysets_12411935,hysets,United States of America,47.65659149,-115.968779,252.11990057841328,4.0,3.997262149212868
hysets_03201947,hysets,United States of America,39.0264647,-82.33765299,40.51529493817403,4.0,3.997262149212868
hysets_02370300,hysets,United States of America,30.88351869,-87.1083019,108.70947873118676,4.0,3.997262149212868
GRDC_4103620,grdc,United States of America,64.2146,-149.2896,6600.28268148323,4.0,3.997262149212868
hysets_02450500,hysets,United States of America,34.0520493,-87.2669554,931.3341980777864,4.0,3.997262149212868
hysets_03228560,hysets,United States of America,40.02173064,-82.865733,73.57316001944645,4.0,3.997262149212868
hysets_08LA018,hysets,Canada,52.675,-120.1028,162.8358411632321,4.0,3.997262149212868
hysets_08NG051,hysets,Canada,49.91167,-115.7675,650.1550655620159,4.0,3.997262149212868
hysets_02150000,hysets,United States of America,35.33622924,-82.0817762,456.56209992728975,4.0,3.997262149212868
GRDC_6172054,grdc,Estonia,58.1229,25.4479,41.87688118060829,4.0,7.997262149212868
GRDC_6172250,grdc,Estonia,57.7313,27.2896,94.6912771630106,4.0,7.997262149212868
GRDC_6220160,grdc,Belgium,50.7062,3.8354,517.425378951238,4.0,3.997262149212868
hysets_03335679,hysets,United States of America,40.40948037,-87.114734,110.80763509640045,4.0,3.997262149212868
hysets_03250000,hysets,United States of America,38.18452604,-83.4299062,122.91128412051538,4.0,3.997262149212868
hysets_14304850,hysets,United States of America,44.77789499,-123.6939984,16.955477228586638,4.0,3.997262149212868
lamah_323,lamah,Czech Republic,49.418438808227386,18.01898941114296,63.77131426372948,4.0,3.997262149212868
hysets_13340855,hysets,United States of America,46.62296239,-115.9448649,163.31445692382718,4.0,3.997262149212868
hysets_10AC003,hysets,Canada,58.81389,-130.0833,1531.9790695636725,4.0,3.997262149212868
hysets_14238500,hysets,United States of America,46.5137185,-122.6234464,49.2843550446624,4.0,3.997262149212868
GRDC_3268310,grdc,Argentina,-24.5646,-64.2771,55.657960312189104,4.0,3.997262149212868
hysets_02376700,hysets,United States of America,30.6371368,-87.386089,59.200557873200445,4.0,3.997262149212868
hysets_06294600,hysets,United States of America,45.79770556,-107.2616722,22.75211675272773,4.0,3.997262149212868
hysets_05304000,hysets,United States of America,45.2138486,-95.6364217,797.1171390543316,4.0,3.997262149212868
hysets_14179100,hysets,United States of America,44.76039965,-122.1684099,25.37227877264147,4.0,3.997262149212868
hysets_08GA054,hysets,Canada,49.72889,-123.1056,321.67982001328704,4.002737850787132,4.996577686516085
hysets_05406574,hysets,United States of America,43.06110689,-89.9504013,23.211904292072106,4.005475701574264,4.002737850787132
hysets_12202000,hysets,United States of America,48.71288859,-122.331274,19.729475056080528,4.008213552361396,4.700889801505818
hysets_09306760,hysets,United States of America,39.53497085,-109.2231698,57.99713755003828,4.01368925393566,4.010951403148528
hysets_09212500,hysets,United States of America,42.5713394,-109.2834615,242.4582210505529,4.01368925393566,6.579055441478439
hysets_09306780,hysets,United States of America,39.6585795,-109.3334519,322.14347952581926,4.01368925393566,4.010951403148528
hysets_12126500,hysets,United States of America,47.75537598,-122.2109588,547.7622511886988,4.016427104722792,4.01368925393566
hysets_13117030,hysets,United States of America,44.08027778,-112.8772222,951.2282745544004,4.0191649555099245,6.74880219028063
hysets_09356565,hysets,United States of America,36.6894833,-107.7569694,4402.507919703383,4.0191649555099245,4.0219028062970565
hysets_08255000,hysets,United States of America,36.9528015,-105.4102847,28.57773770150931,4.0191649555099245,8.49555099247091
hysets_05PC016,hysets,Canada,48.59028,-93.67278,265.84490375124585,4.024640657084189,5.66735112936345
hysets_06723400,hysets,United States of America,40.21109646,-105.2802673,228.54027153947,4.027378507871321,4.024640657084189
hysets_02336644,hysets,United States of America,33.77955088,-84.4993756,8.666074911942616,4.027378507871321,4.024640657084189
hysets_10PB002,hysets,Canada,65.63972,-112.8625,263.1915771236102,4.030116358658453,20.865160848733744
hysets_05406573,hysets,United States of America,43.04777397,-89.9467902,21.703034089181585,4.030116358658453,4.027378507871321
hysets_05406577,hysets,United States of America,43.06888447,-89.9659569,34.68642957367016,4.030116358658453,4.027378507871321
camelscl_12876004,camelscl,Chile,-54.0411,-68.7975,82.40343805325053,4.03832991101985,8.930869267624914
hysets_03590000,hysets,United States of America,34.8078655,-87.7005847,543.8488398694717,4.043805612594114,4.054757015742642
hysets_01371000,hysets,United States of America,41.61888889,-74.2933333,265.47255058914897,4.046543463381246,4.043805612594114
hysets_034325065,hysets,United States of America,35.8247222,-87.0216667,3.6467319125957216,4.046543463381246,4.0657084188911705
hysets_02321900,hysets,United States of America,29.90746195,-82.5351166,11.471364534749965,4.049281314168378,4.046543463381246
hysets_02139200,hysets,United States of America,35.71985085,-81.72481979,18.36013218483821,4.049281314168378,4.05201916495551
hysets_08LA022,hysets,Canada,51.85028,-121.0258,149.80439544138764,4.05201916495551,7.211498973305955
hysets_03365575,hysets,United States of America,38.94505348,-85.9149775,11.16198779869036,4.05201916495551,4.049281314168378
GRDC_4208625,grdc,Canada,55.1979,-118.8396,1598.0726529324402,4.057494866529774,4.054757015742642
hysets_11023318,hysets,United States of America,32.97365627,-117.0614209,6.2987524086068944,4.057494866529774,5.61533196440794
hysets_05LA006,hysets,Canada,52.54944,-103.6861,1328.920849200919,4.057494866529774,5.68104038329911
hysets_06364700,hysets,United States of America,43.4855256,-105.2280351,2484.5088070519487,4.060232717316906,4.057494866529774
hysets_03341315,hysets,United States of America,39.70892755,-87.3233498,1223.61620647895,4.060232717316906,4.057494866529774
hysets_06169600,hysets,United States of America,48.87604167,-106.6383194,5.04654657535193,4.0629705681040384,4.39151266255989
lamahice_990,lamahice,Iceland,64.47378434257102,-18.88675540903525,1610.0262101181002,4.0657084188911705,10.392881587953456
hysets_09442653,hysets,United States of America,33.89005215,-109.0111851,70.05177810450722,4.071184120465435,4.068446269678303
hysets_06342040,hysets,United States of America,47.13499899,-101.4257082,43.43678983421901,4.079397672826831,4.076659822039699
hysets_13184500,hysets,United States of America,43.7136111,-115.6313889,983.0738717392152,4.079397672826831,4.076659822039699
hysets_03538275,hysets,United States of America,35.947241,-84.3636045,18.688978200420035,4.079397672826831,4.076659822039699
hysets_05429580,hysets,United States of America,43.04833098,-89.2317826,40.872972162967606,4.084873374401095,4.082135523613963
camelscl_7102001,camelscl,Chile,-34.9981944444444,-70.8109722222222,849.1864796664383,4.084873374401095,4.082135523613963
hysets_01467043,hysets,United States of America,40.09094398,-75.0635053,2.849974739097216,4.084873374401095,4.082135523613963
hysets_08210300,hysets,United States of America,28.1419536,-98.1033377,209.9738771548988,4.084873374401095,4.082135523613963
hysets_03401450,hysets,United States of America,36.61424859,-83.7532502,42.84038664254012,4.084873374401095,5.259411362080766
hysets_05092200,hysets,United States of America,48.69693288,-97.3845237,209.7296409167676,4.087611225188227,5.7412731006160165
camelscl_8220009,camelscl,Chile,-36.7980524496911,-72.9484672373382,619.3167909910045,4.093086926762491,5.9986310746064335
hysets_05EE003,hysets,Canada,53.465,-112.0644,1480.3031424503088,4.095824777549623,5.675564681724846
GRDC_3637911,grdc,Brazil,-13.3812,-56.6104,14783.3906906665,4.095824777549623,4.093086926762491
hysets_03144270,hysets,United States of America,40.1695137,-82.0643055,3.291971116163272,4.095824777549623,4.128678986995209
hysets_05427950,hysets,United States of America,43.10443947,-89.493454,49.25049882878754,4.098562628336755,4.440793976728268
hysets_06437200,hysets,United States of America,44.3963735,-103.5826922,133.5019321297077,4.101300479123887,4.098562628336755
hysets_06426400,hysets,United States of America,44.28275907,-105.0638696,629.0425626852498,4.1067761806981515,4.1040383299110195
hysets_10251249,hysets,United States of America,37.06994925,-116.340605,177.39307660959724,4.1067761806981515,4.1040383299110195
hysets_10287262,hysets,United States of America,37.7510421,-119.1815348,38.63256763642287,4.1067761806981515,19.137577002053387
camelscl_11520002,camelscl,Chile,-46.58375,-71.6706944444444,1381.2673162505855,4.112251882272417,8.068446269678303
camelscl_8317004,camelscl,Chile,-37.7964,-71.6989,6709.307161318221,4.112251882272417,4.210814510609172
hysets_06885000,hysets,United States of America,39.78816398,-96.4174547,47.39729530849707,4.114989733059549,4.112251882272417
hysets_07068540,hysets,United States of America,36.59450274,-90.6951179,96.2140974047358,4.114989733059549,4.112251882272417
hysets_06118500,hysets,United States of America,46.45324167,-110.3822889,702.7852297360535,4.120465434633813,4.117727583846681
hysets_14211902,hysets,United States of America,45.66122778,-122.6689866,66.11587714302593,4.120465434633813,14.116358658453114
hysets_02KC014,hysets,Canada,45.78528,-77.13833,476.1941063230021,4.120465434633813,4.117727583846681
hysets_10336785,hysets,United States of America,38.92129659,-119.9712924,7.633968558828515,4.125941136208077,4.123203285420945
hysets_05060550,hysets,United States of America,46.96636038,-97.0514749,382.7075439756471,4.131416837782341,31.83025325119781
hysets_13088400,hysets,United States of America,42.37213588,-114.1872485,103.22270217477993,4.131416837782341,4.128678986995209
hysets_09317919,hysets,United States of America,39.4632993,-111.1490597,14.55922429563858,4.131416837782341,6.9431895961670085
hysets_03144289,hysets,United States of America,40.2270151,-81.9931914,3.22363375280605,4.136892539356605,4.2792607802874745
hysets_01608070,hysets,United States of America,39.10399579,-78.96002719,3150.3780384528945,4.139630390143737,4.303901437371663
camelscl_8821001,camelscl,Chile,-37.8160456869343,-73.252623139946,169.68886556827397,4.142368240930869,38.99520876112252
hysets_03596500,hysets,United States of America,35.45729834,-86.2569367,541.5867388791225,4.145106091718001,24.66803559206023
hysets_14202500,hysets,United States of America,45.43733616,-123.1692745,125.4139034899083,4.153319644079398,4.1505817932922655
hysets_14112300,hysets,United States of America,45.84012338,-120.9053448,6.705764769723474,4.164271047227926,4.161533196440794
hysets_05399580,hysets,United States of America,44.7861111,-89.8619444,68.0713406655292,4.164271047227926,4.161533196440794
hysets_02465400,hysets,United States of America,33.0576219,-87.4377807,144.81029135122742,4.164271047227926,4.161533196440794
hysets_11390210,hysets,United States of America,39.5815521,-121.699419,139.00227242278496,4.164271047227926,4.161533196440794
hysets_03348100,hysets,United States of America,40.1386529,-85.661087,254.4565786125493,4.167008898015058,4.164271047227926
hysets_04293900,hysets,United States of America,44.9183333,-73.0555556,47.83342829141367,4.167008898015058,5.06776180698152
hysets_10251243,hysets,United States of America,37.07036667,-116.3500056,33.10166238000024,4.167008898015058,4.164271047227926
hysets_05BH003,hysets,Canada,51.12222,-114.0458,882.2235143987721,4.167008898015058,5.702943189596167
hysets_12348200,hysets,United States of America,46.31301389,-114.145311,4381.251145662873,4.167008898015058,4.164271047227926
hysets_06336447,hysets,United States of America,46.8749194,-104.1556139,122.73641882526064,4.16974674880219,4.741957563312799
camelscl_9400000,camelscl,Chile,-38.8429272689502,-71.6601794964294,372.2296432139902,4.172484599589322,5.2648870636550305
hysets_02UC006,hysets,Canada,50.29333,-65.96333,678.0180312233665,4.172484599589322,5.4811772758384665
hysets_02441300,hysets,United States of America,33.48138889,-88.6286111,254.0854000651787,4.177960301163586,4.251882272416153
hysets_10382550,hysets,United States of America,42.4859875,-120.5738577,404.534794524714,4.191649555099247,4.188911704312115
hysets_10382600,hysets,United States of America,42.56848636,-120.5955265,558.4210820596178,4.1971252566735116,4.1943874058863795
hysets_09514300,hysets,United States of America,33.33420907,-112.6234998,118471.7067222467,4.199863107460644,13.418206707734429
hysets_09378490,hysets,United States of America,37.8113796,-109.0242759,251.865388606872,4.205338809034908,4.202600958247776
camelscl_8317005,camelscl,Chile,-37.7092,-71.8236,7115.788269680078,4.210814510609172,4.20807665982204
hysets_03342360,hysets,United States of America,39.06615389,-87.3589067,45.51802553897136,4.216290212183436,4.254620123203286
hysets_02487900,hysets,United States of America,31.89,-90.2863889,122.91971239806796,4.219028062970568,4.265571526351814
hysets_12040900,hysets,United States of America,47.80675128,-123.9965831,131.8413467457755,4.219028062970568,4.216290212183436
hysets_09396100,hysets,United States of America,35.18224625,-109.4470509,5600.206813662198,4.2217659137577,45.894592744695416
hysets_01105800,hysets,United States of America,42.08704659,-70.7572622,3.610403023737386,4.2217659137577,4.219028062970568
hysets_05311320,hysets,United States of America,44.60996306,-96.1653167,11.886746777371885,4.224503764544832,4.7967145790554415
lamahice_10,lamahice,Iceland,64.4111691765974,-19.281951487724893,66.94892581360381,4.224503764544832,5.716632443531828
hysets_06130650,hysets,United States of America,47.57884167,-106.9271083,181.895496242014,4.227241615331964,4.662559890485968
hysets_13201000,hysets,United States of America,43.58694444,-115.9852778,1097.0118339980208,4.243668720054757,4.240930869267625
GRDC_3635100,grdc,Brazil,-6.3562,-61.7687,26671.1147070795,4.246406570841889,4.243668720054757
hysets_03154000,hysets,United States of America,38.84425369,-81.2226168,530.0002746094592,4.246406570841889,4.249144421629021
GRDC_3635010,grdc,Brazil,-4.8979,-60.0271,1314810.97008825,4.246406570841889,4.243668720054757
hysets_07247550,hysets,United States of America,34.93982099,-95.0330155,32.289166712311804,4.249144421629021,4.246406570841889
hysets_02481570,hysets,United States of America,30.40713794,-89.5383893,444.2594522117776,4.249144421629021,4.246406570841889
hysets_06914500,hysets,United States of America,38.4439057,-95.084136,1290.3817653818046,4.249144421629021,4.249144421629021
hysets_05489190,hysets,United States of America,41.20111925,-92.6401926,189.44970038463245,4.249144421629021,4.246406570841889
hysets_11185100,hysets,United States of America,37.95686727,-122.0732967,11.567343153340246,4.249144421629021,4.246406570841889
hysets_06803450,hysets,United States of America,40.9661156,-96.8419644,216.5204153756801,4.249144421629021,4.246406570841889
hysets_12119500,hysets,United States of America,47.5234331,-122.1970663,32.80508436594243,4.249144421629021,9.248459958932239
hysets_05390685,hysets,United States of America,45.9336111,-89.4247222,18.119641769590302,4.249144421629021,6.165639972621492
hysets_09222300,hysets,United States of America,41.5816153,-110.5623905,1217.689992310908,4.249144421629021,4.246406570841889
hysets_11107500,hysets,United States of America,34.25472624,-119.0776041,33.408290611194666,4.249144421629021,4.246406570841889
hysets_03198020,hysets,United States of America,38.30731895,-81.7270693,7.1402762916485045,4.249144421629021,4.246406570841889
hysets_03198022,hysets,United States of America,38.31537429,-81.7281806,12.106039448534856,4.249144421629021,4.246406570841889
hysets_06743500,hysets,United States of America,40.33526026,-104.8652504,515.7390916770474,4.251882272416153,4.249144421629021
hysets_04253275,hysets,United States of America,43.685,-74.92,1.0735696532126804,4.251882272416153,4.249144421629021
hysets_0426545295,hysets,United States of America,43.76555556,-74.6286111,47.77634367933576,4.251882272416153,4.249144421629021
hysets_01538700,hysets,United States of America,40.9939757,-76.4399451,27274.19913832204,4.251882272416153,4.249144421629021
hysets_04234270,hysets,United States of America,43.11305556,-77.2536111,57.31103441483746,4.251882272416153,4.249144421629021
hysets_07GF002,hysets,Canada,54.91806,-117.8486,112.5012616603833,4.268309377138946,6.647501711156742
hysets_01590700,hysets,United States of America,38.88955828,-76.5582941,2.1486275719886776,4.268309377138946,4.265571526351814
hysets_06929315,hysets,United States of America,37.5574361,-92.0492806,77.87618930463331,4.27378507871321,4.271047227926078
hysets_01208012,hysets,United States of America,41.65731925,-73.1023318,52.842418621095206,4.276522929500342,4.27378507871321
hysets_05432055,hysets,United States of America,42.9002711,-90.3731813,41.63247521309837,4.2819986310746065,4.2792607802874745
hysets_14222980,hysets,United States of America,46.1067764,-122.3603775,96.28249910991175,4.290212183436003,13.749486652977414
hysets_06437400,hysets,United States of America,44.412207,-103.486578,190.53635685844367,4.290212183436003,4.287474332648871
hysets_07364300,hysets,United States of America,32.9820721,-91.8056818,698.6338849700755,4.301163586584531,4.303901437371663
GRDC_4209110,grdc,Canada,68.941,-133.41899999999998,408.425929926991,4.303901437371663,4.553045859000685
GRDC_4208157,grdc,Canada,65.2604,-126.7104,16.4263518152964,4.314852840520191,4.632443531827516
hysets_07031683,hysets,United States of America,35.1878666,-89.8359189,55.83437548444114,4.3203285420944555,4.317590691307323
hysets_03576810,hysets,United States of America,34.4159304,-87.2694629,17.300799711240913,4.331279945242985,4.328542094455853
hysets_04085746,hysets,United States of America,43.7775,-88.0852778,61.6801400176666,4.331279945242985,4.328542094455853
hysets_03410600,hysets,United States of America,36.7256326,-84.5438283,2803.0193347328886,4.331279945242985,6.329911019849418
hysets_12327090,hysets,United States of America,46.29527778,-113.33275,281.7456290184954,4.334017796030117,4.331279945242985
hysets_06664490,hysets,United States of America,41.84802764,-105.2174795,569.1982972540579,4.334017796030117,4.829568788501026
hysets_01576697,hysets,United States of America,40.07204125,-76.3569047,23.12651208671266,4.334017796030117,4.331279945242985
hysets_07371540,hysets,United States of America,32.23071276,-92.9201579,4.191837031428296,4.344969199178645,4.342231348391513
hysets_05407500,hysets,United States of America,43.71441508,-90.5870755,388.6271670652495,4.347707049965777,4.344969199178645
hysets_10309030,hysets,United States of America,38.77684935,-119.7598983,37.74037609610726,4.358658453114305,4.355920602327173
hysets_01111050,hysets,United States of America,42.07509705,-71.62478787,145.30857234890436,4.361396303901437,6.012320328542095
hysets_06867500,hysets,United States of America,39.0736584,-98.8537158,557.6461462492681,4.3641341546885695,4.361396303901437
hysets_05544371,hysets,United States of America,42.9269587,-88.14592279,21.77146593401062,4.3668720054757015,17.39630390143737
hysets_12462000,hysets,United States of America,47.51651307,-120.4761913,210.9928414876698,4.3668720054757015,4.3641341546885695
hysets_06755880,hysets,United States of America,41.14887045,-104.8688581,28.540676201079105,4.372347707049966,4.369609856262834
hysets_03486311,hysets,United States of America,36.3114955,-82.3298604,18.01454036044404,4.375085557837098,13.911019849418206
hysets_06599900,hysets,United States of America,42.6933333,-96.3703056,38.94398162869543,4.37782340862423,4.375085557837098
hysets_06755860,hysets,United States of America,41.1474816,-104.8733027,28.095903437548564,4.37782340862423,4.375085557837098
hysets_11404380,hysets,United States of America,39.82932878,-121.4241347,23.693402202184146,4.37782340862423,18.822724161533195
hysets_04265605,hysets,United States of America,44.1611111,-74.44138889,7.240622358334335,4.37782340862423,4.375085557837098
hysets_10245800,hysets,United States of America,39.4165977,-115.6319872,377.77901267522446,4.386036960985626,5.385352498288843
hysets_01198860,hysets,United States of America,41.96453808,-73.30150579,2.732568190599026,4.386036960985626,4.63791923340178
hysets_10VC002,hysets,Canada,74.69122,-94.80364,93.49536909058418,4.394250513347022,45.138945927446954
hysets_09306015,hysets,United States of America,39.7888628,-108.1736934,62.238909762347824,4.394250513347022,6.995208761122519
camelscl_5423002,camelscl,Chile,-32.8333,-71.0167,328.6120405928221,4.405201916495551,11.83025325119781
GRDC_6731562,grdc,Norway,61.1604,8.0062,109.077823834543,4.407939767282683,4.405201916495551
hysets_11451292,hysets,United States of America,39.07905977,-122.5355367,311.2858922471874,4.4106776180698155,4.407939767282683
hysets_07103977,hysets,United States of America,38.95110464,-104.7135857,15.73010166443441,4.4106776180698155,10.469541409993155
hysets_11401900,hysets,United States of America,39.94572459,-121.0066225,177.2141630103352,4.413415468856948,4.4106776180698155
hysets_01370600,hysets,United States of America,41.47,-74.33277778,21.21254398655599,4.41615331964408,4.413415468856948
hysets_12103020,hysets,United States of America,47.24398896,-122.3381772,43.36945176737237,4.41615331964408,4.413415468856948
hysets_12212900,hysets,United States of America,48.86372287,-122.4971114,59.44739625881401,4.41615331964408,4.413415468856948
hysets_06791750,hysets,United States of America,41.6215,-98.2531944,2348.284211314148,4.41615331964408,4.413415468856948
hysets_06170080,hysets,United States of America,48.8604694,-106.900025,11.422510571816696,4.41615331964408,4.413415468856948
hysets_06164630,hysets,United States of America,48.0146833,-108.4509556,22.24984788526476,4.41615331964408,4.413415468856948
hysets_06352300,hysets,United States of America,46.0666691,-102.1837656,2328.4819499517835,4.41615331964408,4.413415468856948
hysets_14144000,hysets,United States of America,45.614007,-122.358425,60.404248093248974,4.418891170431212,4.41615331964408
hysets_06746100,hysets,United States of America,40.54692659,-105.8758452,13.131747790668506,4.421629021218344,5.166324435318275
hysets_06131120,hysets,United States of America,47.40561667,-106.1734444,732.1522583332567,4.424366872005476,7.321013004791239
hysets_01591350,hysets,United States of America,39.31399337,-77.0538685,21.712644766036235,4.446269678302532,4.4435318275154
hysets_02135060,hysets,United States of America,33.9734987,-79.2406007,61.92007825212412,4.4490075290896645,4.898015058179329
hysets_02329542,hysets,United States of America,30.59241715,-84.5635226,56.78084594726694,4.4517453798767965,5.0978781656399725
hysets_03490350,hysets,United States of America,36.516765,-82.7232148,7296.564583478282,4.454483230663929,4.484599589322382
hysets_10309035,hysets,United States of America,38.87901944,-119.702711,65.49137219461954,4.465434633812457,4.462696783025325
hysets_13057150,hysets,United States of America,43.6263006,-112.066361,24614.98246727676,4.470910335386721,4.468172484599589
hysets_06923150,hysets,United States of America,37.5944,-92.9668194,104.92741217562708,4.479123887748118,4.476386036960986
camelscl_7200002,camelscl,Chile,-35.2395367459607,-72.1187743778956,555.8151666437955,4.479123887748118,6.584531143052704
hysets_01097480,hysets,United States of America,42.26009564,-71.4564509,90.10932358679273,4.492813141683778,15.422313483915127
hysets_03482000,hysets,United States of America,36.377065,-81.88706128,264.1472541966905,4.4955509924709105,4.492813141683778
hysets_09390000,hysets,United States of America,34.37503945,-110.0090008,458.62694050584287,4.4955509924709105,4.492813141683778
hysets_03479500,hysets,United States of America,36.29040036,-81.9256722,394.4968932121389,4.4955509924709105,4.492813141683778
hysets_06053000,hysets,United States of America,46.27219167,-110.8053889,207.08121751202376,4.4955509924709105,4.492813141683778
hysets_09261500,hysets,United States of America,40.7041243,-109.5965309,60.46279375235992,4.4955509924709105,4.492813141683778
hysets_11367700,hysets,United States of America,41.1359899,-122.0788907,1043.4736156139134,4.498288843258043,4.4955509924709105
hysets_07099990,hysets,United States of America,38.93887944,-105.0158153,42.99796652889835,4.498288843258043,4.4955509924709105
hysets_07147100,hysets,United States of America,37.73737236,-97.0053896,1173.512215053998,4.498288843258043,4.4955509924709105
hysets_12192600,hysets,United States of America,48.6195615,-121.7370856,34.638456744446245,4.498288843258043,4.4955509924709105
hysets_02213470,hysets,United States of America,32.86735989,-83.8399069,404.0574918273614,4.498288843258043,4.4955509924709105
hysets_07138065,hysets,United States of America,37.92446389,-101.2546145,66562.23209509802,4.501026694045175,4.498288843258043
hysets_02125557,hysets,United States of America,35.10070515,-80.3361745,22.019389341919847,4.509240246406571,4.506502395619439
hysets_02125696,hysets,United States of America,34.84431956,-80.48006589,10.260753134671145,4.509240246406571,4.506502395619439
hysets_06288975,hysets,United States of America,44.98357617,-107.6153725,11.69438005673583,4.522929500342231,5.018480492813142
hysets_12392660,hysets,United States of America,48.3096466,-116.5507484,92.25170148335,4.522929500342231,4.996577686516085
hysets_11176350,hysets,United States of America,37.66270908,-121.9063466,574.0292301899977,4.525667351129363,4.829568788501026
hysets_03175100,hysets,United States of America,37.15344945,-81.4139945,4.943299244802976,4.531143052703627,4.528405201916495
hysets_02104387,hysets,United States of America,35.02710814,-78.9519722,6.945663216020471,4.553045859000685,15.783709787816564
GRDC_4103810,grdc,United States of America,65.3979,-142.4354,2785.9251251279,4.555783709787817,6.275154004106776
hysets_08MB009,hysets,Canada,51.52306,-123.1167,280.1732769202384,4.561259411362081,7.613963039014374
hysets_02125699,hysets,United States of America,34.8815416,-80.4397875,14.715514316381304,4.563997262149213,4.561259411362081
hysets_03322100,hysets,United States of America,38.00393095,-87.538626,836.3010349911749,4.5804243668720055,4.577686516084873
hysets_06758300,hysets,United States of America,39.7483178,-104.4132943,644.2677270138199,4.583162217659138,4.5804243668720055
hysets_14200300,hysets,United States of America,45.0092878,-122.7887014,123.06869205971184,4.583162217659138,4.898015058179329
hysets_03296700,hysets,United States of America,38.0956204,-85.4113434,2.603935640109356,4.583162217659138,4.5804243668720055
hysets_02159800,hysets,United States of America,34.92679005,-81.9351034,45.68441002287686,4.583162217659138,4.5804243668720055
hysets_02097243,hysets,United States of America,35.9787553,-78.9130637,4.306850819456321,4.583162217659138,4.5804243668720055
hysets_10326800,hysets,United States of America,40.1714111,-117.2078583,167.4730343536856,4.583162217659138,4.741957563312799
hysets_07313600,hysets,United States of America,34.1820367,-98.0017028,499.8918647414626,4.583162217659138,4.5804243668720055
hysets_06307525,hysets,United States of America,45.3354444,-106.7743083,16.780183888520412,4.583162217659138,4.5804243668720055
hysets_10251218,hysets,United States of America,36.8810573,-116.7520037,1219.7710859825734,4.583162217659138,4.5804243668720055
hysets_06326952,hysets,United States of America,47.0786611,-105.102625,261.6104290261921,4.583162217659138,6.581793292265571
hysets_04221720,hysets,United States of America,42.29527778,-78.0575,222.8545881762316,4.583162217659138,4.5804243668720055
hysets_04220470,hysets,United States of America,42.14916667,-77.82,97.04746010504,4.583162217659138,4.5804243668720055
hysets_01639375,hysets,United States of America,39.70370818,-77.344431,100.5065231975092,4.58590006844627,4.583162217659138
hysets_06217700,hysets,United States of America,46.06635,-108.4999056,18.900055401384986,4.591375770020534,11.318275154004107
hysets_10KA008,hysets,Canada,65.44558,-127.3686,653.0293027262995,4.594113620807666,7.756331279945243
hysets_12472300,hysets,United States of America,46.9148605,-119.5428093,1.812427214974599,4.596851471594798,4.594113620807666
hysets_011173545,hysets,United States of America,41.5658333,-71.5475,9.291188921238865,4.59958932238193,5.204654346338125
hysets_01568750,hysets,United States of America,40.41425388,-76.7802479,58.02810865012616,4.607802874743326,12.498288843258042
lamah_214395,lamah,Austria,47.635930198752014,16.129616593680826,270.49178586698343,4.61327857631759,4.996577686516085
GRDC_4208226,grdc,Canada,61.9521,-128.2021,156.877096127893,4.621492128678987,4.698151950718686
hysets_01174575,hysets,United States of America,42.44397815,-72.3698069,2.8170898116703533,4.6242299794661195,4.621492128678987
hysets_05BH901,hysets,Canada,51.05,-114.0167,970.6541669794764,4.629705681040384,8.63791923340178
hysets_01174570,hysets,United States of America,42.42842289,-72.35119529,2.9208127048581622,4.632443531827516,4.629705681040384
hysets_07103960,hysets,United States of America,38.9761111,-104.7986111,41.87344597424014,4.643394934976044,18.581793292265573
hysets_05FC005,hysets,Canada,52.52167,-112.3869,628.1104580645772,4.646132785763176,6.847364818617385
hysets_02335078,hysets,United States of America,34.016211,-84.2110306,31.68743459607801,4.648870636550308,10.80082135523614
hysets_02317755,hysets,United States of America,30.89269959,-83.318765,1389.0188888768205,4.648870636550308,30.414784394250514
hysets_10KA009,hysets,Canada,65.23192,-126.5182,72.10178070630029,4.65160848733744,7.436002737850787
hysets_04221600,hysets,United States of America,42.20638889,-78.1286111,118.12114429066928,4.662559890485968,4.659822039698836
hysets_02088682,hysets,United States of America,35.37127319,-78.0038766,6.372175440443092,4.662559890485968,4.659822039698836
hysets_11440850,hysets,United States of America,38.8674061,-120.3726958,1.142984079603817,4.662559890485968,4.659822039698836
hysets_06115270,hysets,United States of America,47.6105583,-108.6956389,1053.601769128111,4.6652977412731005,4.662559890485968
hysets_12125500,hysets,United States of America,47.7567651,-122.165125,39.96049347679732,4.6652977412731005,4.662559890485968
hysets_14123000,hysets,United States of America,45.7981755,-121.4861856,763.1867999072995,4.6652977412731005,4.662559890485968
hysets_12021000,hysets,United States of America,46.545659,-123.1331892,124.13168769082618,4.6680355920602326,4.6652977412731005
hysets_0208423100,hysets,United States of America,35.78182585,-77.2569077,53.88763997659461,4.6680355920602326,6.168377823408624
hysets_08KH022,hysets,Canada,52.37389,-120.7222,142.0684470133647,4.6680355920602326,4.791238877481177
hysets_12353300,hysets,United States of America,46.99242035,-114.4467877,24471.73007979992,4.673511293634497,5.336071184120465
hysets_11367300,hysets,United States of America,41.19460208,-122.0580569,43.09677516747777,4.681724845995893,4.678986995208761
hysets_04026190,hysets,United States of America,46.89993138,-90.955744,71.2811424118562,4.684462696783025,5.546885694729637
hysets_11228500,hysets,United States of America,37.5266077,-119.2587389,123.91561288636856,4.687200547570157,5.486652977412731
hysets_0242340550,hysets,United States of America,33.44844026,-86.6444302,8.178617294296583,4.692676249144422,4.689938398357289
hysets_07FD020,hysets,Canada,55.74146,-118.8373,133.33227566661043,4.695414099931554,6.666666666666667
hysets_08NA053,hysets,Canada,51.43694,-116.3744,117.5335591513036,4.698151950718686,4.695414099931554
hysets_05514712,hysets,United States of America,38.78694444,-90.8275,109.0849404565075,4.698151950718686,4.695414099931554
hysets_05OC025,hysets,Canada,49.09111,-97.60972,480.1587379476404,4.698151950718686,6.677618069815195
hysets_04224650,hysets,United States of America,42.47166667,-77.75638889,150.6807300077444,4.700889801505818,4.698151950718686
hysets_09314340,hysets,United States of America,39.55552196,-110.3801549,103.25829472276033,4.7118412046543465,4.741957563312799
hysets_05JA006,hysets,Canada,49.49603,-106.7549,319.38783495800664,4.725530458590007,6.674880219028063
camelscl_5402015,camelscl,Chile,-32.9815277777778,-70.2579166666667,198.7744485233888,4.728268309377139,4.777549623545517
hysets_01577500,hysets,United States of America,39.77260378,-76.3157919,343.7501014616597,4.728268309377139,4.725530458590007
hysets_08200700,hysets,United States of America,29.39078876,-99.1514252,387.9270273294861,4.733744010951403,4.80766598220397
hysets_05EG008,hysets,Canada,52.94056,-108.0881,847.8161036854314,4.736481861738535,6.666666666666667
hysets_01548000,hysets,United States of America,41.06534338,-77.5672135,1444.315462583588,4.741957563312799,4.741957563312799
hysets_11433260,hysets,United States of America,39.0240671,-120.7185401,229.3766858622628,4.744695414099931,4.741957563312799
hysets_03439500,hysets,United States of America,35.14872275,-82.7995753,266.5536080845767,4.744695414099931,4.741957563312799
hysets_06175540,hysets,United States of America,47.998975,-105.8674111,877.3742088045099,4.744695414099931,4.741957563312799
hysets_06101560,hysets,United States of America,48.2704611,-111.1457667,1704.329858193678,4.744695414099931,4.741957563312799
hysets_07242500,hysets,United States of America,35.70228675,-96.8891917,113.66530882724398,4.744695414099931,4.741957563312799
hysets_14307500,hysets,United States of America,44.1609548,-123.5706583,136.3084223712851,4.744695414099931,4.741957563312799
hysets_11196420,hysets,United States of America,35.17385268,-118.4795308,138.617439035718,4.744695414099931,4.741957563312799
hysets_11197800,hysets,United States of America,35.51384437,-118.905651,593.4780046777813,4.744695414099931,4.741957563312799
hysets_01623500,hysets,United States of America,38.18346347,-79.1178088,9.685724729099755,4.744695414099931,4.741957563312799
hysets_04163000,hysets,United States of America,42.5328131,-83.0293683,69.62234100151622,4.744695414099931,4.741957563312799
hysets_08066100,hysets,United States of America,31.05185075,-95.3779964,573.3219593672296,4.744695414099931,4.741957563312799
hysets_08054000,hysets,United States of America,33.0401228,-97.2050145,1594.6115284771856,4.744695414099931,4.741957563312799
hysets_02372500,hysets,United States of America,31.25544969,-86.6002372,3449.5413411334425,4.744695414099931,17.744010951403148
hysets_04159488,hysets,United States of America,43.1444709,-82.6518703,51.35321607979828,4.744695414099931,4.741957563312799
hysets_14372000,hysets,United States of America,42.62761836,-123.34284,126.72932839211543,4.744695414099931,4.741957563312799
hysets_11312000,hysets,United States of America,38.1526967,-121.1388332,121.49097943853364,4.744695414099931,4.741957563312799
hysets_14017500,hysets,United States of America,46.12346868,-118.6510969,1878.2811362322504,4.744695414099931,4.741957563312799
hysets_14307645,hysets,United States of America,44.04706666,-124.0040045,105.39347232486465,4.744695414099931,4.741957563312799
hysets_11332500,hysets,United States of America,38.71379305,-120.570482,46.75539230804942,4.744695414099931,4.741957563312799
hysets_06024590,hysets,United States of America,45.70455556,-113.031611,569.2557478236706,4.744695414099931,4.741957563312799
hysets_09306058,hysets,United States of America,39.8371952,-108.2442518,124.93146711510194,4.744695414099931,4.741957563312799
hysets_09300000,hysets,United States of America,40.3332925,-109.8479239,216.61249205081967,4.744695414099931,4.741957563312799
hysets_09291500,hysets,United States of America,40.59716926,-110.3479376,255.013776001894,4.744695414099931,4.741957563312799
hysets_09264500,hysets,United States of America,40.7332898,-109.7034799,52.75946209017069,4.744695414099931,4.741957563312799
hysets_11066050,hysets,United States of America,34.06251316,-117.30921,1917.571439151322,4.744695414099931,4.741957563312799
hysets_09296500,hysets,United States of America,40.6249498,-110.1312672,23.99204834080852,4.744695414099931,4.741957563312799
hysets_09234000,hysets,United States of America,40.8930143,-109.5923652,287.1220909813029,4.744695414099931,4.741957563312799
hysets_09298500,hysets,United States of America,40.6360643,-109.967375,231.10332921225563,4.744695414099931,4.741957563312799
hysets_04026500,hysets,United States of America,46.3249504,-90.6599054,252.41187719634405,4.744695414099931,4.741957563312799
hysets_11046550,hysets,United States of America,33.49169349,-117.6631063,300.4985735927693,4.744695414099931,4.741957563312799
hysets_09122000,hysets,United States of America,38.291383,-107.1144958,880.2044886400312,4.744695414099931,4.741957563312799
hysets_11048500,hysets,United States of America,33.6816868,-117.8094992,104.72227606954966,4.744695414099931,4.741957563312799
hysets_11136000,hysets,United States of America,34.76248138,-120.4246068,249.4609104108145,4.744695414099931,4.741957563312799
hysets_01142000,hysets,United States of America,43.81145558,-72.65621269,614.3805177853731,4.744695414099931,4.741957563312799
hysets_10241800,hysets,United States of America,37.63747747,-112.9049444,34.071000995087424,4.744695414099931,4.741957563312799
hysets_09296000,hysets,United States of America,40.63050466,-110.1590454,345.8008543238691,4.744695414099931,4.741957563312799
hysets_08159170,hysets,United States of America,30.2652117,-97.3277714,162.90565076788616,4.744695414099931,4.741957563312799
hysets_03464500,hysets,United States of America,36.0745548,-82.3448559,1574.662786684194,4.744695414099931,4.741957563312799
hysets_08389500,hysets,United States of America,33.3889775,-105.27554,767.867282658167,4.744695414099931,4.741957563312799
hysets_05596500,hysets,United States of America,37.89444444,-88.8147222,9.752080590932238,4.744695414099931,4.741957563312799
hysets_08159165,hysets,United States of America,30.30521047,-97.2969376,99.98711783964228,4.744695414099931,4.741957563312799
hysets_02490105,hysets,United States of America,30.78240937,-89.8734086,188.9761185826899,4.744695414099931,4.741957563312799
hysets_01581000,hysets,United States of America,39.54597778,-76.3283694,19.031122943356824,4.744695414099931,4.741957563312799
hysets_03541500,hysets,United States of America,35.79701627,-84.7602202,319.5143842843235,4.744695414099931,4.741957563312799
hysets_08388000,hysets,United States of America,33.38342216,-105.27554,750.9315142513376,4.744695414099931,4.741957563312799
hysets_08268500,hysets,United States of America,36.53224505,-105.6855672,173.03145333340987,4.744695414099931,4.741957563312799
hysets_08241000,hysets,United States of America,37.39473208,-105.3691772,169.72487433498057,4.744695414099931,4.741957563312799
hysets_10165500,hysets,United States of America,40.4763388,-111.7577082,25.851194675522603,4.744695414099931,4.741957563312799
hysets_05397000,hysets,United States of America,45.1944104,-89.2209482,247.3443295825033,4.744695414099931,4.741957563312799
hysets_06644000,hysets,United States of America,42.77885306,-106.5300352,777.4480369319243,4.744695414099931,4.741957563312799
hysets_05340050,hysets,United States of America,45.44996297,-92.88632689,562.8669591374239,4.744695414099931,4.741957563312799
hysets_08283500,hysets,United States of America,36.73751404,-106.5783685,1025.3173569454284,4.744695414099931,4.741957563312799
hysets_06611000,hysets,United States of America,40.44192626,-106.5019794,66.50432228315904,4.744695414099931,4.741957563312799
hysets_03546000,hysets,United States of America,35.0248137,-83.7073906,97.6615645678584,4.744695414099931,4.741957563312799
hysets_09498870,hysets,United States of America,34.0333735,-111.292355,317.3621914446643,4.744695414099931,4.741957563312799
hysets_10136000,hysets,United States of America,41.06383314,-111.728546,3881.551646798996,4.744695414099931,4.741957563312799
hysets_09338500,hysets,United States of America,38.00137464,-111.3896157,4.150158795741159,4.744695414099931,4.741957563312799
hysets_09339500,hysets,United States of America,37.3141585,-110.9034837,5198.681023058404,4.744695414099931,4.741957563312799
hysets_10166000,hysets,United States of America,40.46522776,-111.779931,17.08066948548925,4.744695414099931,4.741957563312799
hysets_06479529,hysets,United States of America,44.73107569,-96.9567323,189.9398103637919,4.744695414099931,4.741957563312799
hysets_05095500,hysets,United States of America,48.7805388,-97.040618,1795.4987952658437,4.744695414099931,4.741957563312799
hysets_05575800,hysets,United States of America,39.58227417,-89.5723183,136.36605496581294,4.744695414099931,4.741957563312799
hysets_09335500,hysets,United States of America,37.76665536,-111.6840664,238.2694420149488,4.744695414099931,4.741957563312799
hysets_09309000,hysets,United States of America,39.81246388,-110.2507108,605.1334944876038,4.744695414099931,4.741957563312799
hysets_01389800,hysets,United States of America,40.9147222,-74.1819444,2038.533905282636,4.744695414099931,4.741957563312799
hysets_03224000,hysets,United States of America,40.4833938,-82.9568504,65.91663997597138,4.744695414099931,4.741957563312799
hysets_03223500,hysets,United States of America,40.47506055,-82.9443498,159.52488519491817,4.744695414099931,4.741957563312799
hysets_06739500,hysets,United States of America,40.43444444,-105.1844444,351.6393501865089,4.744695414099931,4.741957563312799
hysets_06736000,hysets,United States of America,40.43331689,-105.338879,220.393988075151,4.744695414099931,4.741957563312799
hysets_06734500,hysets,United States of America,40.36859486,-105.4938863,40.159994192766135,4.744695414099931,4.741957563312799
hysets_03101000,hysets,United States of America,41.49727565,-80.4650694,21.670635933610075,4.744695414099931,4.741957563312799
hysets_09181000,hysets,United States of America,38.72498404,-109.3451166,52.9832145812051,4.744695414099931,4.741957563312799
hysets_09011500,hysets,United States of America,40.2524851,-105.8341786,4.639109312752633,4.744695414099931,4.741957563312799
hysets_02169670,hysets,United States of America,33.83987664,-80.8603678,176.02787019878676,4.744695414099931,4.741957563312799
hysets_05366500,hysets,United States of America,44.80968307,-91.281821,1961.470557817276,4.744695414099931,4.741957563312799
hysets_05365000,hysets,United States of America,44.9471832,-91.4001573,306.01101590918074,4.744695414099931,4.741957563312799
hysets_12191500,hysets,United States of America,48.6637303,-121.674862,543.6265711476574,4.744695414099931,4.741957563312799
hysets_03447000,hysets,United States of America,35.3873383,-82.5037316,286.2354354275791,4.744695414099931,4.741957563312799
hysets_03442000,hysets,United States of America,35.2340049,-82.61067829,27.87682492237882,4.744695414099931,4.741957563312799
hysets_03444000,hysets,United States of America,35.3695594,-82.5637333,37.77146592156206,4.744695414099931,4.741957563312799
hysets_07332600,hysets,United States of America,33.47566345,-96.2147,185.5618283606332,4.744695414099931,4.741957563312799
hysets_09015500,hysets,United States of America,40.18644444,-105.8202778,18.750882664749845,4.744695414099931,4.741957563312799
hysets_14161000,hysets,United States of America,44.26651468,-122.2011796,30.753990726730297,4.744695414099931,4.741957563312799
hysets_03602000,hysets,United States of America,35.7879979,-87.4656671,5304.274194873115,4.744695414099931,4.741957563312799
hysets_03446500,hysets,United States of America,35.35400547,-82.44428569,110.57647565984291,4.744695414099931,4.741957563312799
hysets_12413700,hysets,United States of America,47.4693599,-116.439892,64.07314034724058,4.744695414099931,4.741957563312799
hysets_03481000,hysets,United States of America,36.1837352,-81.9623386,109.19553146758584,4.744695414099931,4.741957563312799
hysets_03452000,hysets,United States of America,35.7303848,-82.6695785,205.07610572395305,4.744695414099931,4.741957563312799
hysets_09013500,hysets,United States of America,40.23637409,-105.7983437,71.28404797117156,4.744695414099931,4.741957563312799
hysets_06891486,hysets,United States of America,38.9477801,-95.324974,4.490914467695126,4.747433264887063,4.744695414099931
hysets_09044500,hysets,United States of America,39.3738772,-106.048352,4.718922914289549,4.747433264887063,4.744695414099931
hysets_09045000,hysets,United States of America,39.40359907,-106.0519632,12.379666496003995,4.747433264887063,4.744695414099931
hysets_09488000,hysets,United States of America,32.55422498,-112.1506947,493.22417855920526,4.747433264887063,4.744695414099931
hysets_06479640,hysets,United States of America,44.63052099,-96.8908954,418.1324215062353,4.747433264887063,4.744695414099931
hysets_09340800,hysets,United States of America,37.45028475,-106.9117089,130.94664513075665,4.747433264887063,14.992470910335387
hysets_04228900,hysets,United States of America,42.6436111,-77.6025,24.59643038031105,4.747433264887063,4.744695414099931
hysets_08038000,hysets,United States of America,31.50434957,-94.3043677,1302.8679670739066,4.747433264887063,4.744695414099931
hysets_08039100,hysets,United States of America,31.39629597,-94.1510289,229.4674141109967,4.747433264887063,4.744695414099931
hysets_14375500,hysets,United States of America,42.0387233,-123.7484043,109.78548061991712,4.747433264887063,4.744695414099931
hysets_06321100,hysets,United States of America,44.5580269,-106.9311714,181.32613932040235,4.747433264887063,4.744695414099931
hysets_04222900,hysets,United States of America,42.5408333,-78.0980556,116.487971720441,4.747433264887063,4.744695414099931
hysets_11468990,hysets,United States of America,40.22291758,-124.1108743,38.40033527388359,4.747433264887063,4.744695414099931
hysets_13226500,hysets,United States of America,44.0193264,-117.460742,1391.3968424568156,4.747433264887063,4.744695414099931
hysets_12119700,hysets,United States of America,47.5664885,-122.1804,17.12262695243643,4.747433264887063,4.744695414099931
hysets_03136175,hysets,United States of America,40.46422768,-82.609891,152.59783533000098,4.747433264887063,4.744695414099931
hysets_054134435,hysets,United States of America,42.7908243,-90.9573495,24.56793926668305,4.7501711156741955,4.747433264887063
hysets_0209387778,hysets,United States of America,36.14027778,-79.91388889,19.168934911801177,4.7529089664613275,4.7501711156741955
GRDC_4208310,grdc,Canada,64.1813,-124.6688,15987.9574021895,4.75564681724846,10.872005475701574
hysets_09238300,hysets,United States of America,40.3955363,-106.649764,1.8640305592057844,4.75564681724846,12.985626283367557
hysets_02OG046,hysets,Canada,45.79028,-72.8625,169.00672230918636,4.780287474332649,9.552361396303901
hysets_02088315,hysets,United States of America,35.28571965,-78.2544418,12.824759725070113,4.791238877481177,6.568104038329911
hysets_02207435,hysets,United States of America,33.7111111,-83.9144444,66.62405917474624,4.7939767282683095,4.952772073921971
hysets_11230670,hysets,United States of America,37.31188785,-119.0406735,3.706400043100622,4.7967145790554415,19.802874743326488
hysets_08133500,hysets,United States of America,31.83013918,-100.9937215,1539.6066264702015,4.799452429842574,37.77138945927447
camelscl_11500002,camelscl,Chile,-46.08625,-72.5820833333333,550.4064336109652,4.80766598220397,6.412046543463381
hysets_09381500,hysets,United States of America,37.48109556,-112.0215756,519.569053578014,4.813141683778234,4.810403832991102
hysets_07138062,hysets,United States of America,37.90001627,-101.4479481,66230.44431404212,4.815879534565366,4.813141683778234
hysets_05540200,hysets,United States of America,41.80252988,-88.0778432,31.10617691418589,4.818617385352498,4.815879534565366
hysets_01117410,hysets,United States of America,41.50260047,-71.607841,85.94784224090658,4.82135523613963,5.426420260095825
hysets_02403395,hysets,United States of America,33.60038296,-85.8277423,575.2646677175085,4.824093086926762,4.82135523613963
camelsdk_211107,camelsdk,Denmark,55.85895,9.54743,116.05050064059289,4.824093086926762,4.82135523613963
hysets_04188100,hysets,United States of America,40.9903287,-84.2266132,910.4002464420812,4.826830937713894,4.824093086926762
hysets_12345000,hysets,United States of America,46.0675833,-114.2228722,142.2296501003219,4.829568788501026,8.7419575633128
hysets_11451540,hysets,United States of America,39.00906186,-122.4355324,7.22366649791989,4.832306639288158,4.829568788501026
hysets_06297480,hysets,United States of America,44.8458007,-107.3328596,527.7309322680804,4.832306639288158,4.829568788501026
hysets_05123750,hysets,United States of America,48.57472866,-100.7445825,1919.8143705475795,4.8350444900752905,14.584531143052704
hysets_04190000,hysets,United States of America,41.0414393,-84.2268905,1999.5389002277248,4.837782340862423,4.8350444900752905
hysets_07048890,hysets,United States of America,36.13388889,-93.9513889,55.1624455452141,4.843258042436688,4.8405201916495555
hysets_02207185,hysets,United States of America,33.7781631,-84.03796879,25.799920572445448,4.851471594798084,5.1416837782340865
hysets_03407881,hysets,United States of America,36.3097069,-84.3875068,1.6801728819972257,4.865160848733744,4.862422997946612
hysets_05DD008,hysets,Canada,52.86778,-116.5953,491.1176290963016,4.87337440109514,9.23750855578371
hysets_11516750,hysets,United States of America,41.4712593,-122.4408518,183.1491836141616,4.878850102669404,4.993839835728953
camelscl_12585002,camelscl,Chile,-53.2217,-70.9697,48.81388371017857,4.8815879534565365,9.675564681724847
hysets_02441000,hysets,United States of America,33.53777778,-88.6333333,2397.021718324923,4.887063655030801,4.996577686516085
hysets_06442000,hysets,United States of America,44.5627602,-99.9142868,1164.6468157337904,4.887063655030801,9.744010951403148
hysets_11105510,hysets,United States of America,34.0433333,-118.6841667,282.674043742666,4.898015058179329,4.895277207392197
GRDC_4208595,grdc,Canada,54.6979,-120.0687,2388.59781112573,4.903490759753593,5.295003422313484
hysets_06309280,hysets,United States of America,43.41885155,-107.1670105,53.66241583658935,4.91170431211499,4.908966461327857
hysets_06309270,hysets,United States of America,43.4363513,-107.1834,20.8858786389308,4.91170431211499,4.908966461327857
hysets_06309260,hysets,United States of America,43.42579575,-107.1889556,22.614256725279443,4.91170431211499,4.908966461327857
GRDC_3274050,grdc,Argentina,-28.9104,-67.5312,517.017361153854,4.914442162902122,4.996577686516085
hysets_06115350,hysets,United States of America,47.7046972,-108.5481028,194.24320134870305,4.914442162902122,4.91170431211499
hysets_04087040,hysets,United States of America,43.1144546,-88.0659228,153.0632788197077,4.917180013689254,4.914442162902122
hysets_02484630,hysets,United States of America,32.59041575,-89.78035559,6738.082722026737,4.917180013689254,9.32785763175907
hysets_02272500,hysets,United States of America,27.36476398,-81.0517323,7115.922267674586,4.919917864476386,60.63791923340178
hysets_11451690,hysets,United States of America,39.0385054,-122.4191439,25.75673005855768,4.922655715263518,4.919917864476386
GRDC_6216650,grdc,Spain,39.0438,-4.9771,208.07187590066505,4.9253935660506505,6.921286789869952
hysets_08331130,hysets,United States of America,35.0094928,-106.7478046,1.464644520439515,4.9253935660506505,7.392197125256674
lamah_16646400,lamah,Germany,48.07849050424956,11.11450576631729,127.55533924366998,4.9253935660506505,4.996577686516085
GRDC_4213760,grdc,Canada,52.8688,-113.9604,88.3562334863332,4.9281314168377826,8.536618754277892
hysets_08158045,hysets,United States of America,30.30055556,-97.6855556,3.8216874300211066,4.9281314168377826,5.059548254620124
hysets_01125415,hysets,United States of America,41.96565287,-71.9620179,51.66112604742023,4.930869267624915,4.9281314168377826
hysets_01104405,hysets,United States of America,42.436484,-71.2695014,4.851948859506543,4.936344969199179,18.017796030116358
hysets_11477475,hysets,United States of America,40.4829196,-123.6089257,7.810118755650645,4.939082819986311,4.993839835728953
hysets_03435970,hysets,United States of America,36.48777985,-87.0396012,53.49208769672197,4.944558521560575,4.941820670773443
hysets_12510625,hysets,United States of America,46.57041108,-119.7892044,102.77483656197565,4.952772073921971,4.950034223134839
hysets_12510655,hysets,United States of America,46.5076338,-119.6992002,289.8202439266798,4.952772073921971,4.950034223134839
hysets_02335350,hysets,United States of America,33.96510067,-84.2649225,22.875087978911555,4.952772073921971,5.6290212183436
hysets_07299530,hysets,United States of America,34.59061508,-100.2526163,369.21831097508215,4.97741273100616,4.974674880219028
hysets_02275625,hysets,United States of America,27.20560294,-80.7428363,60.53625179654442,4.980150581793292,5.073237508555784
GRDC_3258310,grdc,Argentina,-33.0187,-65.6813,274.415664078352,4.982888432580425,4.996577686516085
hysets_09078475,hysets,United States of America,39.34388889,-106.6565278,29.433318034529247,4.985626283367557,9.47296372347707
GRDC_3653400,grdc,Brazil,-29.9604,-51.4438,71655.1623155192,4.991101984941821,4.988364134154689
hysets_05369900,hysets,United States of America,44.9049651,-92.2643532,101.6324903436064,4.993839835728953,22.740588637919235
hysets_04164600,hysets,United States of America,42.70086528,-82.9954842,57.26490765910201,4.996577686516085,4.993839835728953
hysets_12175400,hysets,United States of America,48.63318416,-121.051228,239.1575524166253,4.996577686516085,4.993839835728953
hysets_02455500,hysets,United States of America,33.8303785,-86.7558273,1621.2254488360827,4.996577686516085,4.993839835728953
hysets_04164200,hysets,United States of America,42.79475258,-82.8827045,25.35828715260692,4.996577686516085,4.993839835728953
hysets_11260225,hysets,United States of America,37.49604827,-120.2396298,69.67365937007617,4.996577686516085,4.993839835728953
hysets_02454500,hysets,United States of America,34.13454047,-86.3866505,377.4416481487702,4.996577686516085,4.993839835728953
hysets_11169616,hysets,United States of America,37.300776,-122.0266263,10.95951342746299,4.996577686516085,4.993839835728953
hysets_04106906,hysets,United States of America,42.4486111,-85.6494444,3242.390799287953,4.996577686516085,4.993839835728953
hysets_11176300,hysets,United States of America,37.69909655,-121.8791234,69.25093559832168,4.996577686516085,4.993839835728953
hysets_04107850,hysets,United States of America,42.48225575,-85.798355,3941.606894997,4.996577686516085,4.993839835728953
hysets_01467085,hysets,United States of America,40.0792775,-75.1096184,2.89574028649388,4.996577686516085,4.993839835728953
hysets_04164050,hysets,United States of America,42.8197522,-82.97631969,128.13386589981525,4.996577686516085,4.993839835728953
hysets_11042490,hysets,United States of America,33.48669687,-116.9111352,319.86449699100405,4.996577686516085,4.993839835728953
hysets_13310565,hysets,United States of America,44.8218446,-115.70484,45.13428287890218,4.996577686516085,4.993839835728953
hysets_13310520,hysets,United States of America,44.7201774,-115.6956723,42.57791754850406,4.996577686516085,4.993839835728953
hysets_09185000,hysets,United States of America,38.5402606,-109.500672,160.2280889420413,4.996577686516085,4.993839835728953
hysets_09123400,hysets,United States of America,37.90638636,-107.3847788,148.5155603169082,4.996577686516085,4.993839835728953
hysets_11023320,hysets,United States of America,32.95199018,-117.0641985,11.094255145188864,4.996577686516085,4.993839835728953
hysets_04206043,hysets,United States of America,41.1528337,-81.5087264,66.62943111369405,4.996577686516085,12.996577686516085
hysets_11047700,hysets,United States of America,33.5119712,-117.747832,89.84835483307161,4.996577686516085,4.993839835728953
hysets_09184500,hysets,United States of America,38.43609688,-109.3548368,40.31685989017998,4.996577686516085,4.993839835728953
hysets_11251600,hysets,United States of America,36.9346718,-119.7301452,200.1706442098373,4.996577686516085,4.993839835728953
hysets_11413600,hysets,United States of America,39.3382257,-121.1171766,7.33757193704182,4.996577686516085,4.993839835728953
hysets_02399800,hysets,United States of America,33.91510148,-85.4657903,39.94648353627839,4.996577686516085,4.993839835728953
hysets_02421300,hysets,United States of America,32.4570798,-86.7791501,27.903531833984268,4.996577686516085,4.993839835728953
hysets_06307560,hysets,United States of America,45.0692444,-106.4102972,83.21076898305913,4.996577686516085,4.993839835728953
hysets_10347300,hysets,United States of America,39.5651863,-120.0246453,41.931524601550265,4.996577686516085,4.993839835728953
hysets_10349700,hysets,United States of America,39.38435455,-119.8401893,20.23284699498805,4.996577686516085,4.993839835728953
hysets_03567000,hysets,United States of America,34.99785287,-85.1766199,641.262637315934,4.996577686516085,4.993839835728953
hysets_12370900,hysets,United States of America,47.82150556,-114.0234472,5.301122666261562,4.996577686516085,4.993839835728953
hysets_08176550,hysets,United States of America,28.89776103,-97.3549922,436.2062622086237,4.996577686516085,4.993839835728953
hysets_01119280,hysets,United States of America,41.94537439,-72.3045246,136.29141391915957,4.996577686516085,4.993839835728953
hysets_12392390,hysets,United States of America,48.3643739,-116.4085216,569.6852941817284,4.996577686516085,4.993839835728953
hysets_02343000,hysets,United States of America,31.86321687,-85.1610435,247.7637455320626,4.996577686516085,4.993839835728953
hysets_06340524,hysets,United States of America,47.36306158,-101.9076708,12.249496459857632,4.996577686516085,4.993839835728953
hysets_12334650,hysets,United States of America,46.988725,-112.51185,256.1518958007054,4.996577686516085,4.993839835728953
hysets_11129500,hysets,United States of America,34.6069304,-120.1968173,1581.931243734303,4.996577686516085,4.993839835728953
hysets_06295100,hysets,United States of America,45.24571667,-106.9679056,91.517891615901,4.996577686516085,6.995208761122519
hysets_06274800,hysets,United States of America,43.8694001,-109.3115345,20.71133160209396,4.996577686516085,4.993839835728953
hysets_09216565,hysets,United States of America,41.19885008,-108.9984528,89.44388122000686,4.996577686516085,4.993839835728953
hysets_01467083,hysets,United States of America,40.08566628,-75.13517478,13.546474195790656,4.996577686516085,4.993839835728953
hysets_01473870,hysets,United States of America,40.1489982,-75.180175,2.860453793221517,4.996577686516085,4.993839835728953
hysets_05399550,hysets,United States of America,44.80055556,-89.9733333,96.4077259099558,4.996577686516085,4.993839835728953
hysets_04264700,hysets,United States of America,44.42944444,-75.0516667,120.19621266807096,4.996577686516085,4.993839835728953
hysets_09359100,hysets,United States of America,37.67805328,-107.7508969,83.84653439924608,4.996577686516085,4.993839835728953
hysets_01434105,hysets,United States of America,41.9772222,-74.5222222,7.076439319286005,4.996577686516085,4.993839835728953
hysets_09306872,hysets,United States of America,39.9905206,-109.4867968,184.93330348182164,4.996577686516085,4.993839835728953
hysets_06815575,hysets,United States of America,40.1560833,-95.2652222,162.02047674013556,4.996577686516085,4.993839835728953
hysets_09306885,hysets,United States of America,40.0557976,-109.6090246,183.1359200003716,4.996577686516085,4.993839835728953
hysets_13310670,hysets,United States of America,44.9168443,-115.7434535,58.48367498583732,4.996577686516085,4.993839835728953
hysets_08379200,hysets,United States of America,35.55281944,-105.3700112,204.70446062251108,4.996577686516085,4.993839835728953
hysets_09305500,hysets,United States of America,39.73219899,-107.938406,23.36506797170644,4.996577686516085,4.993839835728953
hysets_13310660,hysets,United States of America,44.91267746,-115.7506759,16.131330289455953,4.996577686516085,4.993839835728953
hysets_09497850,hysets,United States of America,33.82977196,-110.6645555,812.54008161958,4.996577686516085,5.9958932238193015
hysets_01187680,hysets,United States of America,41.87231935,-72.9062125,20.982638334723084,4.996577686516085,4.993839835728953
hysets_01189210,hysets,United States of America,41.87315329,-72.82343128,27.60284863552128,4.996577686516085,4.993839835728953
hysets_10054600,hysets,United States of America,42.10965114,-111.459098,46.16644186939559,4.996577686516085,4.993839835728953
hysets_10072800,hysets,United States of America,42.5374222,-111.5729986,53.53608853811649,4.996577686516085,4.993839835728953
hysets_10084500,hysets,United States of America,42.332422,-111.7749498,161.35011660652114,4.996577686516085,4.993839835728953
hysets_09466300,hysets,United States of America,33.1667239,-110.1353658,29636.941246215152,4.996577686516085,4.993839835728953
hysets_03077940,hysets,United States of America,39.60175384,-79.2044779,7.942486329946012,4.996577686516085,4.993839835728953
hysets_01549350,hysets,United States of America,41.49424019,-77.1505286,13.70932452638259,4.996577686516085,4.993839835728953
hysets_01557100,hysets,United States of America,40.6667296,-78.2489025,4.354778580906158,4.996577686516085,4.993839835728953
hysets_02455280,hysets,United States of America,33.92009906,-86.6080462,481.2081420622185,4.996577686516085,4.993839835728953
hysets_06891488,hysets,United States of America,38.94722459,-95.3191405,3.4065075952591664,4.996577686516085,4.993839835728953
hysets_09405300,hysets,United States of America,37.52219969,-113.0243916,26.36167258703132,4.996577686516085,4.993839835728953
hysets_06891490,hysets,United States of America,38.9352804,-95.3163628,9.708348245853388,4.996577686516085,4.993839835728953
hysets_09043000,hysets,United States of America,39.38165489,-106.0630746,14.626501024769007,4.996577686516085,4.993839835728953
hysets_14158700,hysets,United States of America,44.33734359,-122.0067278,363.43142308782734,4.996577686516085,4.993839835728953
hysets_04043126,hysets,United States of America,46.72104347,-88.3301306,45.47277986427555,4.996577686516085,4.993839835728953
hysets_05422420,hysets,United States of America,41.64003147,-90.552081,5.899725037677853,4.996577686516085,4.993839835728953
GRDC_4101550,grdc,United States of America,70.219,-151.839,1677.85945947341,4.996577686516085,4.993839835728953
GRDC_4101600,grdc,United States of America,69.7771,-154.6896,3599.75827614388,4.996577686516085,4.993839835728953
GRDC_4101560,grdc,United States of America,70.268,-151.864,1988.5156079152105,4.996577686516085,4.993839835728953
hysets_12414200,hysets,United States of America,47.22714199,-116.0209904,357.0772667632225,4.999315537303217,4.996577686516085
hysets_04102850,hysets,United States of America,42.203098,-84.79414039,371.85159674245847,4.999315537303217,4.996577686516085
hysets_035382673,hysets,United States of America,35.9442997,-84.3240356,8.084106787540648,4.999315537303217,4.996577686516085
hysets_11463940,hysets,United States of America,38.60824169,-122.6947095,39.73588888426095,4.999315537303217,4.996577686516085
hysets_14171500,hysets,United States of America,44.497066,-123.3303782,288.919189481399,4.999315537303217,4.996577686516085
hysets_14249500,hysets,United States of America,46.3914955,-123.4776428,154.6483544557647,4.999315537303217,4.996577686516085
hysets_12187500,hysets,United States of America,48.2498311,-121.5845688,761.9265106084581,4.999315537303217,4.996577686516085
hysets_06189000,hysets,United States of America,44.94963889,-110.5865028,34.88024943294206,4.999315537303217,4.996577686516085
hysets_04220500,hysets,United States of America,42.12055556,-77.9366667,184.7659089565329,4.999315537303217,4.996577686516085
hysets_08478400,hysets,United States of America,32.30147544,-107.8964221,3154.4594279329053,4.999315537303217,4.996577686516085
hysets_08477530,hysets,United States of America,32.46536205,-107.9478119,1268.0935800659208,4.999315537303217,4.996577686516085
hysets_08LE094,hysets,Canada,50.50917,-119.5694,225.2043480890449,4.999315537303217,5.9958932238193015
hysets_09472100,hysets,United States of America,32.48673779,-110.500642,20.43969668689358,4.999315537303217,4.996577686516085
hysets_13155400,hysets,United States of America,43.07916667,-115.2522222,64.71645953290057,4.999315537303217,4.996577686516085
GRDC_3275010,grdc,Argentina,-28.7312,-68.2562,6232.4794577227,4.999315537303217,4.996577686516085
GRDC_3265005,grdc,Argentina,-26.0188,-65.8688,13237.1327838071,4.999315537303217,4.996577686516085
hysets_10171900,hysets,United States of America,40.78716886,-111.7129863,15.185878945233648,4.999315537303217,4.996577686516085
hysets_10172400,hysets,United States of America,40.79244589,-111.8771585,44.03878196054824,4.999315537303217,4.996577686516085
hysets_09078900,hysets,United States of America,39.43276376,-106.5961439,11.6998525027952,4.999315537303217,4.996577686516085
hysets_09246900,hysets,United States of America,40.75635768,-107.5464553,95.13847189802524,4.999315537303217,4.996577686516085
hysets_04164150,hysets,United States of America,42.7305869,-82.9063149,232.5147627523413,4.999315537303217,4.996577686516085
hysets_12323200,hysets,United States of America,45.88927778,-112.4647556,36.67593936357092,4.999315537303217,4.996577686516085
hysets_13340615,hysets,United States of America,46.81305556,-115.6466667,134.25636734614943,4.999315537303217,4.996577686516085
hysets_02469600,hysets,United States of America,31.9448752,-87.9808434,198.65103434191204,4.999315537303217,4.996577686516085
GRDC_3650535,grdc,Brazil,-3.7521,-40.0396,1384.03235391695,4.999315537303217,4.996577686516085
hysets_12117820,hysets,United States of America,47.39899075,-121.921502,24.091051939154795,4.999315537303217,4.996577686516085
hysets_10336759,hysets,United States of America,38.96379676,-119.924347,8.267177662508605,4.999315537303217,4.996577686516085
hysets_12094400,hysets,United States of America,47.0914921,-121.9526088,57.70509088710814,4.999315537303217,4.996577686516085
hysets_06340520,hysets,United States of America,47.3352821,-101.6951674,125.9128363221853,4.999315537303217,4.996577686516085
hysets_10169800,hysets,United States of America,40.70633659,-111.6902065,22.35572262144296,4.999315537303217,4.996577686516085
hysets_10251220,hysets,United States of America,36.86715556,-116.760425,1223.478948680489,4.999315537303217,4.996577686516085
GRDC_3274030,grdc,Argentina,-28.0562,-67.5479,13794.1186844874,4.999315537303217,4.996577686516085
hysets_09144500,hysets,United States of America,37.96277249,-107.6628379,46.54173974306891,4.999315537303217,4.996577686516085
hysets_04164360,hysets,United States of America,42.7628086,-82.8490914,93.15129897602426,4.999315537303217,4.996577686516085
hysets_04164450,hysets,United States of America,42.68725446,-82.9204806,15.535786002443606,4.999315537303217,4.996577686516085
hysets_04164250,hysets,United States of America,42.76169748,-82.9010379,21.923635493536352,4.999315537303217,4.996577686516085
hysets_04165200,hysets,United States of America,42.62753346,-82.9527019,39.19019187440069,4.999315537303217,4.996577686516085
hysets_09078300,hysets,United States of America,39.34359776,-106.6119772,63.41027348205658,4.999315537303217,4.996577686516085
hysets_09080800,hysets,United States of America,39.336373,-107.0956035,38.310089170791535,4.999315537303217,4.996577686516085
camelsch_2130,camelsch,CH,47.56,8.05,33915.52968317388,4.999315537303217,4.996577686516085
hysets_14327000,hysets,United States of America,43.0706656,-124.1067685,731.5325788223719,4.999315537303217,4.996577686516085
hysets_09080200,hysets,United States of America,39.36137414,-106.8192056,579.2464739545104,4.999315537303217,4.996577686516085
hysets_01636242,hysets,United States of America,38.9551101,-78.1972225,120.59466722774076,5.002053388090349,4.999315537303217
hysets_11133700,hysets,United States of America,34.69276037,-120.431829,12.215790198614645,5.002053388090349,4.999315537303217
hysets_09310600,hysets,United States of America,39.6852406,-111.1626716,13.928417003425045,5.002053388090349,4.999315537303217
hysets_05358300,hysets,United States of America,45.9032901,-90.6834969,97.91860893302952,5.002053388090349,4.999315537303217
GRDC_6228900,grdc,Spain,41.9813,2.3188,1399.5980467205802,5.002053388090349,5.9986310746064335
GRDC_5204016,grdc,Australia,-36.2812,148.1188,587.500522342584,5.002053388090349,4.999315537303217
hysets_07SC004,hysets,Canada,62.88103,-109.2372,3142.299204168726,5.002053388090349,4.999315537303217
hysets_07SC005,hysets,Canada,62.94031,-110.1765,1629.5869787765728,5.002053388090349,4.999315537303217
hysets_09163570,hysets,United States of America,38.8508166,-108.7828793,1.7734050713178982,5.002053388090349,4.999315537303217
hysets_03050900,hysets,United States of America,38.9362155,-79.9609075,7.449981722115486,5.004791238877481,5.002053388090349
hysets_03050800,hysets,United States of America,38.93482684,-79.9497958,74.07047067164478,5.004791238877481,5.002053388090349
hysets_09297700,hysets,United States of America,40.4718999,-109.955707,555.8716008636,5.004791238877481,5.002053388090349
hysets_02246359,hysets,United States of America,30.31412785,-81.75343279,20.88921624429484,5.0102669404517455,5.018480492813142
hysets_07362656,hysets,United States of America,34.71925839,-92.9929551,46.761523660701606,5.0130047912388775,5.0102669404517455
hysets_05422450,hysets,United States of America,41.6150318,-90.549303,18.555691545173183,5.01574264202601,5.0130047912388775
hysets_01201510,hysets,United States of America,41.5367612,-73.4173433,173.4125923469938,5.01574264202601,5.0130047912388775
hysets_03538273,hysets,United States of America,35.94225507,-84.3437867,13.195448405497991,5.01574264202601,5.0130047912388775
hysets_02042426,hysets,United States of America,37.6132007,-77.424149,98.18168802989425,5.018480492813142,5.01574264202601
hysets_06288600,hysets,United States of America,44.83968456,-107.755652,40.62763233822641,5.018480492813142,5.01574264202601
hysets_06288000,hysets,United States of America,45.41216667,-107.6831028,376.71480032271967,5.018480492813142,5.01574264202601
hysets_05448285,hysets,United States of America,43.10496108,-93.7307727,8.759973117432585,5.018480492813142,5.01574264202601
hysets_11136500,hysets,United States of America,34.68887277,-119.3578952,232.7346615506725,5.018480492813142,5.01574264202601
hysets_07350020,hysets,United States of America,32.19460316,-93.4418408,6784.914961214424,5.023956194387406,5.021218343600274
hysets_03312259,hysets,United States of America,36.55188026,-85.8571075,37.525008669955085,5.023956194387406,5.040383299110198
lamahice_28,lamahice,Iceland,66.10726298153794,-15.406111316384544,372.32065798544846,5.02943189596167,5.026694045174538
hysets_03209440,hysets,United States of America,37.27732816,-82.5787658,31.668528747938904,5.037645448323066,5.034907597535934
GRDC_6233528,grdc,Sweden,59.1521,12.9188,4684.0019002111,5.0568104038329915,5.054072553045859
lamahice_103,lamahice,Iceland,64.06828679253556,-19.77558763956577,6586.26914744642,5.075975359342916,6.286105407255304
hysets_04164400,hysets,United States of America,42.7108651,-82.8588123,33.095226335187775,5.078713210130048,5.075975359342916
hysets_01473980,hysets,United States of America,40.0498337,-75.21406759,152.14312684829468,5.078713210130048,5.089664613278576
hysets_06798800,hysets,United States of America,42.04741667,-97.7371667,6694.7049317355295,5.078713210130048,5.075975359342916
hysets_12127300,hysets,United States of America,47.75287567,-122.2776266,9.41952142460635,5.08145106091718,5.078713210130048
hysets_05424000,hysets,United States of America,43.52944444,-88.56638889,474.2416032169343,5.08145106091718,13.826146475017111
hysets_11460940,hysets,United States of America,39.319332,-123.2233399,36.56169404896215,5.08145106091718,5.078713210130048
hysets_11401300,hysets,United States of America,40.16655915,-120.794119,148.3103760935961,5.084188911704312,5.08145106091718
hysets_12106000,hysets,United States of America,47.28315869,-121.8039963,10.35496258642979,5.084188911704312,5.08145106091718
hysets_14246500,hysets,United States of America,46.19427678,-123.19151,73.1067598184439,5.084188911704312,5.08145106091718
hysets_08158970,hysets,United States of America,30.189378,-97.732504,71.25883716361534,5.086926762491444,5.0978781656399725
hysets_09299600,hysets,United States of America,40.53245498,-109.9232066,311.4529597116149,5.0951403148528405,5.092402464065708
hysets_03010800,hysets,United States of America,42.12,-78.4197222,520.8023972046808,5.0978781656399725,7.994524298425736
hysets_13154000,hysets,United States of America,43.02444444,-115.0091667,369.0682544879389,5.100616016427105,5.0978781656399725
hysets_04164350,hysets,United States of America,42.80669687,-82.852148,37.94324665381536,5.100616016427105,5.0978781656399725
hysets_09301200,hysets,United States of America,40.2388496,-109.8523672,1186.7371520061151,5.103353867214237,5.100616016427105
hysets_09299700,hysets,United States of America,40.46717827,-109.9140389,328.5067433824672,5.103353867214237,5.100616016427105
hysets_09293600,hysets,United States of America,40.35773117,-110.3134906,800.6673808835543,5.103353867214237,5.100616016427105
hysets_09293000,hysets,United States of America,40.4441169,-110.3640482,341.8242437554728,5.103353867214237,5.100616016427105
hysets_09297800,hysets,United States of America,40.454956,-109.9365395,643.9285172043004,5.106091718001369,5.103353867214237
hysets_03030852,hysets,United States of America,41.1297847,-79.5542134,2998.4081563714526,5.108829568788501,22.965092402464066
hysets_11208620,hysets,United States of America,36.45133088,-118.6187048,41.460037098560576,5.111567419575633,5.108829568788501
hysets_11208610,hysets,United States of America,36.45244139,-118.5945377,4.858105571127115,5.111567419575633,5.108829568788501
lamah_214312,lamah,Austria,48.01400094927548,15.39281131697813,144.23888439598693,5.114305270362765,5.111567419575633
hysets_01498620,hysets,United States of America,42.44,-75.1,1761.278716273896,5.114305270362765,5.111567419575633
hysets_03579620,hysets,United States of America,35.36021798,-86.2137844,31.01370385393441,5.117043121149897,5.114305270362765
hysets_03309000,hysets,United States of America,37.18004845,-86.1124757,5136.248458935749,5.122518822724161,15.249828884325805
camelsdk_310114,camelsdk,Denmark,55.73193,9.08795,45.07522801476824,5.127994524298426,6.12457221081451
hysets_07047882,hysets,United States of America,35.36258529,-90.6573316,1185.2925242103277,5.130732375085558,5.127994524298426
hysets_01467688,hysets,United States of America,40.70422839,-76.2493078,43.87894048389592,5.149897330595483,7.271731690622861
hysets_03307260,hysets,United States of America,37.3472854,-85.3902414,50.56433066453098,5.155373032169747,5.152635181382615
hysets_09297900,hysets,United States of America,40.40356876,-109.8759812,999.6605561383916,5.158110882956879,6.143737166324435
hysets_12434500,hysets,United States of America,48.10765829,-118.698625,2136.659588602713,5.160848733744011,21.57700205338809
hysets_01119320,hysets,United States of America,41.9342633,-72.26091228,38.9201100196918,5.163586584531143,5.160848733744011
hysets_03247400,hysets,United States of America,39.1128394,-84.2232693,30.951954822771587,5.163586584531143,5.160848733744011
hysets_01063100,hysets,United States of America,43.978975,-70.56365,384.2451144038436,5.163586584531143,5.160848733744011
hysets_11147040,hysets,United States of America,35.53413878,-120.847401,7.472332200787537,5.166324435318275,5.163586584531143
hysets_07362641,hysets,United States of America,34.69898068,-93.0618465,78.48742664646936,5.169062286105407,5.166324435318275
hysets_06628800,hysets,United States of America,41.5813479,-106.9886582,645.4694886913619,5.169062286105407,8.413415468856947
hysets_06329200,hysets,United States of America,47.37225556,-104.4300028,603.0286987246084,5.169062286105407,7.039014373716633
hysets_11517800,hysets,United States of America,41.89430115,-122.823367,271.834423349709,5.169062286105407,5.166324435318275
hysets_13317500,hysets,United States of America,46.1083333,-116.753611,47.27818888016265,5.169062286105407,5.166324435318275
hysets_10336689,hysets,United States of America,39.23824014,-120.0396357,12.091785489245298,5.169062286105407,5.166324435318275
hysets_04249200,hysets,United States of America,43.5422222,-75.81388889,209.398803593759,5.171800136892539,5.169062286105407
camelscl_2110031,camelscl,Chile,-22.4583,-68.7364,9144.228939704011,5.188227241615332,6.579055441478439
GRDC_4208180,grdc,Canada,63.927,-124.062,12113.051249683898,5.190965092402464,11.786447638603697
hysets_06936200,hysets,United States of America,38.7600508,-90.3606709,31.21673945840061,5.193702943189596,5.190965092402464
hysets_12392400,hysets,United States of America,48.38048626,-116.3635197,114.07057104538592,5.193702943189596,5.190965092402464
hysets_09415850,hysets,United States of America,36.72941417,-114.7699971,9876.245667995585,5.196440793976728,5.196440793976728
hysets_05489090,hysets,United States of America,41.22250448,-92.795197,34.00026079627632,5.215605749486653,5.212867898699521
hysets_02329184,hysets,United States of America,30.48381079,-84.3001787,7.628919901845364,5.221081451060917,15.066392881587953
hysets_02440400,hysets,United States of America,33.78527778,-88.8547222,491.8724456985401,5.223819301848049,5.221081451060917
hysets_03115970,hysets,United States of America,41.1269995,-81.631512,4.11744485350609,5.232032854209446,5.229295003422314
hysets_05125550,hysets,United States of America,47.6932456,-91.7607094,543.1890051476803,5.234770704996578,5.232032854209446
lamahice_53,lamahice,Iceland,64.35781654071452,-18.846741182455208,1284.2712209952383,5.245722108145106,7.920602327173169
hysets_01376270,hysets,United States of America,41.02388889,-73.9472222,12.558496157412726,5.245722108145106,6.995208761122519
GRDC_4103250,grdc,United States of America,62.7812,-160.7104,3454.48533094428,5.248459958932238,5.245722108145106
hysets_07242100,hysets,United States of America,35.2209225,-96.2197282,1087.1247497105874,5.248459958932238,7.994524298425736
hysets_03341420,hysets,United States of America,39.6192032,-87.4355751,832.4345459450484,5.248459958932238,5.245722108145106
hysets_03206800,hysets,United States of America,38.15425535,-82.3845936,359.0340940056585,5.248459958932238,5.245722108145106
hysets_06630330,hysets,United States of America,41.9455156,-106.8022589,59.33435097076559,5.248459958932238,5.245722108145106
hysets_10184450,hysets,United States of America,38.0499842,-111.9785277,1480.7565114199683,5.248459958932238,5.245722108145106
hysets_11156450,hysets,United States of America,36.59023988,-121.196868,3.112105143333401,5.248459958932238,5.245722108145106
hysets_11532700,hysets,United States of America,41.92150126,-124.1470273,86.80345051707845,5.248459958932238,5.245722108145106
hysets_04062270,hysets,United States of America,46.443827,-88.0498572,596.5815432454642,5.248459958932238,5.245722108145106
hysets_14097400,hysets,United States of America,45.17622917,-121.6942421,22.588388577824063,5.25119780971937,5.248459958932238
hysets_03600000,hysets,United States of America,35.67337277,-86.9782065,179.7904764763276,5.25119780971937,5.248459958932238
hysets_02172002,hysets,United States of America,33.21516925,-79.9745248,38561.04562187248,5.25119780971937,5.4401095140314855
hysets_03068600,hysets,United States of America,38.9028866,-79.694505,351.6436817413918,5.25119780971937,5.248459958932238
hysets_06645160,hysets,United States of America,42.6566314,-106.1616843,27.9084178400009,5.25119780971937,5.248459958932238
hysets_12445900,hysets,United States of America,48.36709697,-119.4450465,308.76380418958973,5.25119780971937,5.248459958932238
hysets_01494000,hysets,United States of America,39.1326109,-75.98049679,32.597052753465064,5.25119780971937,5.248459958932238
hysets_01494500,hysets,United States of America,39.36400056,-75.8199363,14.320240970887149,5.25119780971937,5.248459958932238
hysets_03321060,hysets,United States of America,37.31726659,-87.3691645,1214.552251456318,5.253935660506502,5.25119780971937
hysets_05330800,hysets,United States of America,44.83051926,-93.4243952,67.97089844749202,5.253935660506502,5.25119780971937
hysets_01199490,hysets,United States of America,41.69888889,-73.5836111,120.39228586886033,5.2648870636550305,7.41409993155373
hysets_11144600,hysets,United States of America,35.33525155,-120.5037751,290.3431250091799,5.270362765229295,5.2676249144421625
hysets_11067500,hysets,United States of America,33.9452921,-117.5578282,2645.574106852211,5.270362765229295,8.583162217659138
hysets_05065500,hysets,United States of America,47.5377646,-97.453424,1340.580688985323,5.27583846680356,8.583162217659138
hysets_10246940,hysets,United States of America,38.7143773,-116.1842212,322.29554900893936,5.27583846680356,5.2731006160164275
hysets_035825882,hysets,United States of America,35.22297698,-86.62318,203.32208152479825,5.278576317590692,9.995893223819301
hysets_03408815,hysets,United States of America,36.3830565,-84.9140232,9.869092791019662,5.278576317590692,5.470225872689938
hysets_05551030,hysets,United States of America,41.97194444,-88.2797222,36.46823293544555,5.284052019164956,5.281314168377824
hysets_03285200,hysets,United States of America,37.63896704,-84.7210569,67.82885742333656,5.284052019164956,5.412731006160164
hysets_011277905,hysets,United States of America,41.3686111,-72.2022222,45.52826231092525,5.286789869952088,7.030800821355236
hysets_09244470,hysets,United States of America,40.4683077,-107.2470023,35.41769739858151,5.286789869952088,5.284052019164956
hysets_07381800,hysets,United States of America,31.00019035,-92.5668062,179.40226004201227,5.28952772073922,5.286789869952088
hysets_10317420,hysets,United States of America,41.3376877,-115.909803,11.448937311550374,5.292265571526352,5.297741273100616
hysets_07027010,hysets,United States of America,36.33145524,-89.4006286,635.0490801417516,5.292265571526352,5.708418891170431
camelscl_11504001,camelscl,Chile,-46.2601388888889,-72.0001388888889,265.41745240350707,5.295003422313484,6.220396988364135
hysets_02UC005,hysets,Canada,50.34167,-65.93861,466.5160777699069,5.295003422313484,5.549623545516769
hysets_09512970,hysets,United States of America,33.8986453,-112.3115529,23.94224938047655,5.300479123887748,8.396988364134154
hysets_02430038,hysets,United States of America,34.51676394,-88.2714336,23.37941806984384,5.305954825462012,5.30321697467488
hysets_07BB009,hysets,Canada,54.02306,-114.9442,166.79396083361752,5.316906228610541,7.668720054757015
hysets_01483170,hysets,United States of America,39.4626111,-75.6877222,11.360781768517525,5.316906228610541,35.813826146475016
hysets_05JA005,hysets,Canada,49.49478,-106.7868,1019.699141374407,5.316906228610541,7.668720054757015
hysets_02466000,hysets,United States of America,32.8187405,-87.8161236,15020.309315539214,5.322381930184805,6.327173169062286
hysets_12164000,hysets,United States of America,48.1734342,-122.0693048,118.94211712918845,5.325119780971937,6.327173169062286
hysets_06446100,hysets,United States of America,43.14351647,-102.3583815,205.10606732421803,5.325119780971937,5.322381930184805
hysets_13055319,hysets,United States of America,43.7799134,-111.6232926,129.02149161326827,5.325119780971937,5.7412731006160165
hysets_10348500,hysets,United States of America,39.2665759,-119.8510195,37.80250496571349,5.327857631759069,7.329226557152635
hysets_09216750,hysets,United States of America,41.6305191,-108.9890074,1351.6653656170836,5.330595482546201,5.327857631759069
hysets_03432387,hysets,United States of America,35.94416587,-86.8266058,6.899799150132207,5.330595482546201,5.327857631759069
hysets_08025307,hysets,United States of America,31.15657879,-93.6765667,46.03387279070387,5.330595482546201,5.327857631759069
hysets_03321210,hysets,United States of America,37.4889347,-87.2861094,366.94231263957454,5.330595482546201,13.744010951403148
hysets_06610788,hysets,United States of America,41.18055449,-96.1394631,78.40235793244644,5.336071184120465,6.631074606433949
hysets_02480250,hysets,United States of America,30.54797418,-88.7155805,133.22144594088826,5.336071184120465,5.333333333333333
hysets_04213410,hysets,United States of America,42.53694444,-78.4575,206.9523592890529,5.336071184120465,5.333333333333333
hysets_06187910,hysets,United States of America,45.00577296,-109.9887954,69.1257729140544,5.336071184120465,5.333333333333333
hysets_01479197,hysets,United States of America,39.7803891,-75.6968776,9.138122312363102,5.336071184120465,5.333333333333333
hysets_09383570,hysets,United States of America,34.1389354,-109.2711969,435.0610173121656,5.338809034907597,5.336071184120465
hysets_03407882,hysets,United States of America,36.3178569,-84.3852123,2.2651387307889737,5.349760438056126,5.47296372347707
hysets_06326555,hysets,United States of America,46.8500972,-105.3246528,939.1225687242654,5.3579739904175225,13.744010951403148
hysets_01559795,hysets,United States of America,40.2725763,-78.5983506,43.21693754485461,5.3579739904175225,8.054757015742641
hysets_09012500,hysets,United States of America,40.25085,-105.8144444,118.2732176569256,5.360711841204655,56.82956878850103
hysets_02VA001,hysets,Canada,50.2825,-64.78278,694.5197453067883,5.363449691991787,5.541409993155373
hysets_02OC019,hysets,Canada,46.265,-72.93694,1503.474732440868,5.366187542778919,5.891854893908282
hysets_07JF005,hysets,Canada,57.94835,-117.4805,199.3687063326657,5.366187542778919,7.665982203969883
hysets_12449700,hysets,United States of America,48.39708996,-120.0400778,175.66531128963595,5.374401095140315,5.371663244353183
hysets_13077500,hysets,United States of America,42.5276918,-112.8619336,479.3891296770349,5.377138945927447,5.404517453798768
hysets_13205633,hysets,United States of America,43.6465557,-116.201229,19.06807532954507,5.377138945927447,6.995208761122519
hysets_03435305,hysets,United States of America,36.64226449,-86.9883316,1419.9236442902502,5.379876796714579,5.377138945927447
hysets_04199287,hysets,United States of America,41.13116477,-82.4701698,298.2198606773588,5.401779603011636,6.398357289527721
hysets_12433100,hysets,United States of America,47.9946133,-117.7263464,267.7881790860897,5.401779603011636,5.3990417522245036
hysets_07BH003,hysets,Canada,55.34665,-115.7966,834.2828896092055,5.412731006160164,33.667351129363446
GRDC_4208623,grdc,Canada,55.8021,-118.1562,107.203364638169,5.412731006160164,8.626967830253252
hysets_12199000,hysets,United States of America,48.4839962,-122.2432123,6726.416423967166,5.412731006160164,5.409993155373032
hysets_06062750,hysets,United States of America,46.571975,-112.2154778,137.82148636211187,5.415468856947296,5.412731006160164
hysets_06071100,hysets,United States of America,46.89278056,-112.1283167,653.9634525379616,5.415468856947296,5.412731006160164
hysets_04032500,hysets,United States of America,46.77355778,-89.5820981,250.1585146779589,5.415468856947296,5.412731006160164
hysets_09238500,hysets,United States of America,40.4080346,-106.7869917,109.00438118900225,5.415468856947296,5.412731006160164
hysets_03408600,hysets,United States of America,36.25895838,-84.9610647,2.8090905651798006,5.418206707734429,5.415468856947296
hysets_07026400,hysets,United States of America,36.43906145,-89.2602307,99.96966994958083,5.426420260095825,5.423682409308693
hysets_11068000,hysets,United States of America,33.92251469,-117.5969956,2654.671255188959,5.431895961670089,7.994524298425736
hysets_05587480,hysets,United States of America,38.95777778,-90.2716667,265.3932599519128,5.434633812457221,5.431895961670089
hysets_09395350,hysets,United States of America,35.61140997,-108.5536908,516.3090917363269,5.434633812457221,11.822039698836413
hysets_11289660,hysets,United States of America,37.66576548,-120.46214,3985.004708066477,5.437371663244353,5.546885694729637
hysets_05435935,hysets,United States of America,42.9986086,-89.4987326,27.493942417774463,5.44558521560575,5.4428473648186175
hysets_06279795,hysets,United States of America,44.51327817,-109.9735188,49.18439948061337,5.448323066392882,16.55852156057495
hysets_03OB004,hysets,Canada,54.77514,-66.81994,13.26924063038956,5.456536618754278,5.453798767967146
camelsdk_211661,camelsdk,Denmark,55.86696,9.45462,20.75871246435516,5.456536618754278,5.979466119096509
hysets_10345700,hysets,United States of America,39.3837969,-120.020752,39.41688613099687,5.462012320328542,5.45927446954141
hysets_02054510,hysets,United States of America,37.24680039,-80.1650413,700.4165377308578,5.462012320328542,5.45927446954141
hysets_13292280,hysets,United States of America,43.9022222,-114.7902778,74.80439205325803,5.4839151266255985,10.50239561943874
hysets_11374305,hysets,United States of America,40.40944444,-122.8827778,123.64943858214048,5.492128678986996,16.432580424366872
hysets_07156100,hysets,United States of America,37.5000184,-101.7615599,1365.8937865105008,5.494866529774128,5.492128678986996
hysets_07156010,hysets,United States of America,37.25835665,-101.7754438,1064.2392495321078,5.494866529774128,5.492128678986996
hysets_06284200,hysets,United States of America,44.70884135,-108.7592969,5137.31619693176,5.49760438056126,5.494866529774128
hysets_0212429960,hysets,United States of America,35.22986574,-80.6934021,2.330847542682407,5.49760438056126,5.494866529774128
hysets_04026870,hysets,United States of America,46.38578206,-90.4085129,56.94349255892956,5.49760438056126,5.494866529774128
hysets_09126500,hysets,United States of America,38.44109929,-107.5542252,546.3390164019315,5.49760438056126,5.494866529774128
hysets_01329500,hysets,United States of America,43.10146518,-73.4315014,1026.310475968778,5.49760438056126,5.494866529774128
hysets_07052150,hysets,United States of America,37.1469953,-93.3740792,130.4464518529053,5.500342231348392,5.49760438056126
hysets_09175400,hysets,United States of America,38.17554575,-108.3317497,106.78522354419756,5.500342231348392,5.49760438056126
hysets_01192704,hysets,United States of America,41.6081545,-72.7150953,119.7107775274555,5.500342231348392,5.705681040383299
hysets_12042800,hysets,United States of America,47.89424478,-124.3565946,285.87430695403896,5.500342231348392,5.49760438056126
hysets_06025800,hysets,United States of America,45.44775,-112.820425,92.93873986576722,5.503080082135524,37.24845995893224
hysets_11232500,hysets,United States of America,37.48883067,-119.3037399,29.89681147739744,5.514031485284052,7.994524298425736
hysets_06910410,hysets,United States of America,38.9544851,-92.1493489,114.85134305956142,5.516769336071184,5.514031485284052
hysets_12369650,hysets,United States of America,47.88481667,-113.7988972,34.0992645753806,5.516769336071184,6.825462012320329
hysets_05407920,hysets,United States of America,43.61275067,-90.6262418,670.894287102491,5.5249828884325805,5.861738535249829
camelsch_5004,camelsch,FR,46.52,6.11,25.084104094163365,5.530458590006845,5.982203969883641
GRDC_1159570,grdc,South Africa,-26.6187,27.9812,2213.0503384213,5.533196440793977,8.791238877481177
hysets_11414410,hysets,United States of America,39.42101294,-120.5421545,12.314369614473854,5.538672142368241,29.691991786447637
hysets_09486600,hysets,United States of America,31.60342236,-111.3837114,190.8012757645008,5.541409993155373,5.538672142368241
hysets_09505220,hysets,United States of America,34.7469655,-111.4945933,3.622891860429109,5.541409993155373,6.6009582477754964
hysets_01501015,hysets,United States of America,42.62555556,-75.3283333,12.130695185888602,5.544147843942505,6.562628336755647
hysets_13294600,hysets,United States of America,44.3158333,-115.0669444,68.23739757939342,5.557837097878165,10.50239561943874
hysets_04032000,hysets,United States of America,46.5472222,-89.7772222,681.6620354378066,5.560574948665297,7.501711156741957
camelscl_7354001,camelscl,Chile,-35.96375,-71.4909722222222,974.1566170359554,5.566050650239562,5.7440109514031485
hysets_14137002,hysets,United States of America,45.3995642,-122.1373068,675.4793233961228,5.568788501026694,5.566050650239562
hysets_08390100,hysets,United States of America,33.3570365,-105.1574818,1858.5096381452047,5.5715263518138265,5.568788501026694
hysets_11181006,hysets,United States of America,37.68215326,-122.079963,5.699023200660547,5.574264202600959,15.014373716632443
hysets_12415140,hysets,United States of America,47.3612972,-116.6915639,4464.855452648663,5.582477754962355,5.579739904175223
hysets_07158500,hysets,United States of America,36.04170507,-98.0136703,35.132340781959144,5.582477754962355,5.579739904175223
hysets_12444490,hysets,United States of America,48.65710215,-119.2017131,283.0272409051572,5.582477754962355,5.579739904175223
hysets_10402000,hysets,United States of America,43.2818186,-118.9649303,4933.30959819174,5.582477754962355,5.579739904175223
hysets_12051500,hysets,United States of America,47.9739788,-122.7776654,35.52826001121799,5.585215605749487,5.582477754962355
hysets_04214200,hysets,United States of America,42.68444444,-78.7777778,95.77951742203652,5.585215605749487,5.582477754962355
hysets_04214400,hysets,United States of America,42.7483333,-78.5083333,198.73141895356807,5.585215605749487,5.582477754962355
hysets_04218450,hysets,United States of America,42.9358333,-78.55138889,109.97130815713211,5.585215605749487,5.582477754962355
hysets_02084472,hysets,United States of America,35.5433333,-77.0619444,8208.186078294235,5.585215605749487,5.746748802190281
hysets_09306033,hysets,United States of America,39.7852515,-108.2098058,3.0740894102771312,5.61533196440794,6.995208761122519
hysets_05NG027,hysets,Canada,49.48944,-99.17111,478.8896440329464,5.623545516769336,8.254620123203285
hysets_07280460,hysets,United States of America,34.05789057,-90.024812,89.43017718570104,5.6290212183436,5.6290212183436
hysets_03158195,hysets,United States of America,39.46423699,-82.17098049,63.00866321515184,5.634496919917864,21.245722108145106
hysets_06130000,hysets,United States of America,46.9286611,-107.9328417,4789.042983584141,5.634496919917864,54.68583162217659
hysets_02047100,hysets,United States of America,36.7729277,-77.09885369,223.56310817619067,5.637234770704997,5.634496919917864
hysets_02092020,hysets,United States of America,35.3384955,-77.1707874,66.96620896444408,5.637234770704997,5.634496919917864
hysets_0214620760,hysets,United States of America,35.2758333,-80.8261111,11.10725807444994,5.6591375770020536,5.6563997262149215
hysets_01490500,hysets,United States of America,39.07927955,-75.68437379,31.82882560434412,5.661875427789186,5.6591375770020536
hysets_09234700,hysets,United States of America,40.9696816,-109.237352,362.9239359246647,5.661875427789186,5.6591375770020536
hysets_12043080,hysets,United States of America,47.9859069,-124.547159,100.60867035913364,5.66735112936345,6.16290212183436
hysets_09338900,hysets,United States of America,37.85332098,-111.3551679,176.29112885252584,5.670088980150582,5.66735112936345
hysets_05471014,hysets,United States of America,41.93804275,-93.5704943,45.43811494245831,5.670088980150582,5.66735112936345
hysets_02473480,hysets,United States of America,31.86138889,-89.0866667,79.70161944938073,5.675564681724846,5.675564681724846
hysets_04197450,hysets,United States of America,41.2611645,-83.1843648,215.96810398247297,5.68104038329911,5.678302532511978
hysets_04197300,hysets,United States of America,41.2494978,-83.2354774,174.73375925469094,5.68104038329911,5.678302532511978
hysets_11463500,hysets,United States of America,38.71268685,-122.8958295,1698.0573713886754,5.68104038329911,6.184804928131417
hysets_07019690,hysets,United States of America,38.2775722,-90.4235,83.71533349638317,5.68104038329911,7.096509240246407
hysets_10401500,hysets,United States of America,43.25126396,-118.8579831,2116.9030706912818,5.691991786447638,5.689253935660506
hysets_01645784,hysets,United States of America,38.93011096,-77.344985,1.9664706499712312,5.69472963723477,5.691991786447638
hysets_02232415,hysets,United States of America,28.3525071,-80.9283928,150.63267216079583,5.708418891170431,5.705681040383299
hysets_02QC017,hysets,Canada,49.18861,-65.15222,128.65758305544634,5.711156741957564,6.017796030116359
hysets_03520050,hysets,United States of America,35.6345194,-84.4407608,72.35638384927563,5.711156741957564,5.708418891170431
hysets_06710992,hysets,United States of America,39.6174879,-105.2238786,118.3253700911132,5.71937029431896,5.716632443531828
hysets_07DB005,hysets,Canada,56.75972,-112.6139,993.4518061136844,5.722108145106092,8.281998631074606
hysets_02245328,hysets,United States of America,29.95968819,-81.5434176,187.9844878199425,5.727583846680356,8.988364134154688
hysets_08JE005,hysets,Canada,54.90028,-125.1381,857.6576762883534,5.727583846680356,8.996577686516085
hysets_05585830,hysets,United States of America,39.81777778,-90.6544444,881.4032831909681,5.73305954825462,5.730321697467488
hysets_04196200,hysets,United States of America,40.826168,-83.1529712,212.60372645290008,5.738535249828884,5.735797399041752
hysets_12167500,hysets,United States of America,48.2206565,-122.1345876,18.65732393870072,5.7412731006160165,6.743326488706366
hysets_07108050,hysets,United States of America,37.9516749,-104.7955392,76.27681282057402,5.7412731006160165,5.746748802190281
hysets_05311400,hysets,United States of America,44.5638503,-95.9975311,296.12333704642936,5.7412731006160165,6.740588637919234
hysets_06655000,hysets,United States of America,42.3258025,-104.8763574,498.73870800911857,5.7412731006160165,23.742642026009584
camelscl_8316002,camelscl,Chile,-37.7049413772761,-71.7682312280408,334.6612390846497,5.7412731006160165,6.4284736481861735
hysets_06340540,hysets,United States of America,47.31667127,-101.6912782,108.80607336015083,5.7412731006160165,6.075290896646133
hysets_05471013,hysets,United States of America,41.9535978,-93.6246629,32.46231025302342,5.7412731006160165,5.738535249828884
hysets_06474300,hysets,United States of America,44.7644217,-98.7039874,515.2890846202929,5.7412731006160165,8.7419575633128
hysets_06268500,hysets,United States of America,44.02055556,-108.0141667,1339.840597711602,5.7440109514031485,5.7412731006160165
hysets_12039300,hysets,United States of America,47.59592118,-123.624344,190.15129857316137,5.7440109514031485,5.7412731006160165
hysets_08082180,hysets,United States of America,33.38314796,-100.0812116,648.6019453521599,5.7440109514031485,5.7412731006160165
hysets_11375870,hysets,United States of America,40.3259858,-122.4455632,960.9252400718988,5.7440109514031485,5.7412731006160165
hysets_11375810,hysets,United States of America,40.38487397,-122.4763985,1022.1611442907669,5.7440109514031485,5.7412731006160165
hysets_14311000,hysets,United States of America,43.04150639,-123.2595086,139.44537643217453,5.7440109514031485,5.7412731006160165
hysets_06317300,hysets,United States of America,44.23635727,-106.9689459,14.985557035621428,5.7440109514031485,5.7412731006160165
hysets_05459000,hysets,United States of America,43.4141246,-93.22075939,779.5214405714895,5.7440109514031485,5.7412731006160165
hysets_10104900,hysets,United States of America,41.51826988,-111.7143821,146.69091928659242,5.7440109514031485,5.7412731006160165
hysets_07089000,hysets,United States of America,38.81277374,-106.2222426,177.2625044697328,5.7440109514031485,5.7412731006160165
hysets_09288900,hysets,United States of America,39.9894064,-110.4598762,105.29427005702036,5.7440109514031485,5.7412731006160165
hysets_11384000,hysets,United States of America,39.7762726,-121.753866,187.0726332512736,5.7440109514031485,5.7412731006160165
hysets_09288150,hysets,United States of America,39.9930144,-110.8148798,145.25217379637257,5.7440109514031485,5.7412731006160165
hysets_09371420,hysets,United States of America,37.3272159,-108.6492619,387.5731686940378,5.7440109514031485,5.7412731006160165
hysets_07349795,hysets,United States of America,32.78764235,-93.7076777,232.2959190515228,5.7440109514031485,5.7412731006160165
hysets_11151870,hysets,United States of America,36.23746164,-121.4816027,284.13309375177323,5.7440109514031485,5.7412731006160165
hysets_11197250,hysets,United States of America,35.85412696,-120.1270849,148.46025624854516,5.7440109514031485,5.7412731006160165
hysets_14307700,hysets,United States of America,42.95401008,-122.8289387,398.3604871742601,5.7440109514031485,5.7412731006160165
hysets_08022765,hysets,United States of America,32.01599906,-93.9599109,227.03295543635784,5.7440109514031485,5.7412731006160165
hysets_08081200,hysets,United States of America,33.288425,-100.4315008,757.9388985989614,5.7440109514031485,5.7412731006160165
hysets_05513000,hysets,United States of America,39.44310336,-90.7959614,383.4925555045276,5.7440109514031485,5.7412731006160165
hysets_09093000,hysets,United States of America,39.5669215,-108.1109117,363.9974681141185,5.7440109514031485,5.7412731006160165
hysets_09250000,hysets,United States of America,40.19358547,-107.7322907,163.85197672018498,5.7440109514031485,5.7412731006160165
hysets_05502040,hysets,United States of America,39.69310198,-91.148751,187.58015300570983,5.7440109514031485,5.7412731006160165
hysets_09168100,hysets,United States of America,37.8766579,-108.5831496,381.36665408554535,5.7440109514031485,5.7412731006160165
hysets_01508803,hysets,United States of America,42.6383333,-76.17638889,178.9947638589553,5.7440109514031485,5.7412731006160165
hysets_01640000,hysets,United States of America,39.5612122,-77.043593,20.09422027737248,5.746748802190281,5.7440109514031485
hysets_04109500,hysets,United States of America,42.34948014,-84.2288463,138.9711181029496,5.746748802190281,5.7440109514031485
hysets_14377500,hysets,United States of America,42.26372745,-123.4511729,57.72213265319872,5.746748802190281,5.7440109514031485
hysets_11331500,hysets,United States of America,38.6929602,-120.5440922,83.47778299209921,5.746748802190281,5.7440109514031485
hysets_01655000,hysets,United States of America,38.75428059,-77.2022044,95.45108201731168,5.746748802190281,5.7440109514031485
hysets_04113097,hysets,United States of America,42.7555905,-84.652761,27.343010203795725,5.746748802190281,5.7440109514031485
hysets_01624000,hysets,United States of America,38.2195738,-79.1094757,25.524933301779136,5.746748802190281,5.7440109514031485
hysets_09066500,hysets,United States of America,39.61470826,-106.44003,261.254461662236,5.746748802190281,5.7440109514031485
hysets_01489500,hysets,United States of America,38.4112291,-75.7538203,28.24033107206016,5.746748802190281,5.7440109514031485
hysets_03365000,hysets,United States of America,39.08421964,-85.6588614,400.14042556521525,5.746748802190281,5.7440109514031485
hysets_13187000,hysets,United States of America,43.43027778,-115.3844444,144.4684646391129,5.746748802190281,5.7440109514031485
hysets_10069000,hysets,United States of America,42.4957596,-111.315764,56.8433293346341,5.746748802190281,5.7440109514031485
hysets_01553140,hysets,United States of America,41.07174948,-76.93385409,103.76373648488476,5.746748802190281,5.7440109514031485
hysets_06759000,hysets,United States of America,40.2480359,-104.0360609,3517.514289371208,5.746748802190281,5.7440109514031485
hysets_12142200,hysets,United States of America,47.601215,-121.6901087,18.856178785841845,5.746748802190281,5.7440109514031485
hysets_06850200,hysets,United States of America,40.0855681,-99.0659187,40.346151216874375,5.746748802190281,5.7440109514031485
hysets_05055000,hysets,United States of America,47.7902794,-99.8906815,1444.9514914318238,5.746748802190281,5.7440109514031485
hysets_13186500,hysets,United States of America,43.42166667,-115.2697222,343.63603801992247,5.746748802190281,5.7440109514031485
hysets_04110000,hysets,United States of America,42.39364689,-84.2649609,127.234026318324,5.746748802190281,5.7440109514031485
hysets_03477500,hysets,United States of America,36.64038617,-82.1115194,35.37699973571491,5.746748802190281,5.7440109514031485
hysets_04056000,hysets,United States of America,46.086639,-86.1604172,863.3170626778832,5.746748802190281,5.7440109514031485
hysets_06917680,hysets,United States of America,37.79791667,-94.5152222,927.2983292865782,5.746748802190281,5.7440109514031485
hysets_09079000,hysets,United States of America,39.4224858,-106.6392004,20.08879963065205,5.746748802190281,5.7440109514031485
hysets_09040500,hysets,United States of America,40.059152,-106.3055839,435.0275687683272,5.746748802190281,5.7440109514031485
hysets_09033000,hysets,United States of America,40.0508198,-105.7775082,21.004241439061424,5.746748802190281,5.7440109514031485
hysets_01553120,hysets,United States of America,41.0548015,-77.07496759,45.80097730509935,5.746748802190281,5.7440109514031485
hysets_07091000,hysets,United States of America,38.73325,-106.1602778,214.38402256641592,5.746748802190281,5.7440109514031485
hysets_05446000,hysets,United States of America,41.7975,-89.9725,426.1158511264774,5.746748802190281,5.7440109514031485
hysets_13318500,hysets,United States of America,45.3165178,-118.2677255,1281.2377718062507,5.746748802190281,5.7440109514031485
hysets_11251500,hysets,United States of America,36.93967195,-119.6829204,149.15694609583883,5.746748802190281,5.7440109514031485
hysets_12359500,hysets,United States of America,47.9279972,-113.5206389,480.65663114906334,5.746748802190281,5.7440109514031485
hysets_12066000,hysets,United States of America,47.54981546,-122.8484825,15.67700349640072,5.746748802190281,5.7440109514031485
hysets_02014500,hysets,United States of America,37.85151605,-79.8464405,31.738277995332705,5.746748802190281,5.7440109514031485
hysets_01663000,hysets,United States of America,38.62817649,-78.0627757,359.42916252694226,5.746748802190281,5.7440109514031485
hysets_11027500,hysets,United States of America,33.0930972,-116.9633624,71.63427838855243,5.746748802190281,5.7440109514031485
hysets_01591500,hysets,United States of America,39.25482768,-77.0449788,70.96275860388046,5.746748802190281,5.7440109514031485
hysets_01633500,hysets,United States of America,38.8653897,-78.6289034,200.9454374581865,5.746748802190281,5.7440109514031485
hysets_12360500,hysets,United States of America,47.9913,-113.5624694,57.54023191405455,5.746748802190281,5.7440109514031485
hysets_14206000,hysets,United States of America,45.6262261,-122.9762165,71.38622300829131,5.746748802190281,5.7440109514031485
hysets_02025000,hysets,United States of America,37.54319445,-79.2525291,244.27806085975885,5.746748802190281,5.7440109514031485
hysets_04258500,hysets,United States of America,43.89694444,-75.6641667,229.61048091314225,5.746748802190281,5.7440109514031485
hysets_13315000,hysets,United States of America,45.43166667,-115.9847222,31625.280798763528,5.746748802190281,5.7440109514031485
hysets_07199000,hysets,United States of America,36.7872491,-104.4622099,514.8648234491626,5.746748802190281,5.7440109514031485
hysets_02046500,hysets,United States of America,36.91959446,-77.2621931,12.99660798868978,5.746748802190281,5.7440109514031485
hysets_12067500,hysets,United States of America,47.4942601,-122.9076488,41.05021183765707,5.746748802190281,5.7440109514031485
hysets_14191500,hysets,United States of America,44.8817873,-122.977594,269.9845182696981,5.746748802190281,5.7440109514031485
hysets_06102000,hysets,United States of America,48.2631833,-110.7142222,16638.91793923941,5.746748802190281,5.7440109514031485
hysets_12480000,hysets,United States of America,47.2465092,-120.8611926,442.7347385192781,5.749486652977413,5.746748802190281
hysets_14024200,hysets,United States of America,45.43179658,-118.8210943,181.63167497475624,5.749486652977413,5.746748802190281
hysets_12408500,hysets,United States of America,48.5787928,-117.8666478,212.9878260471643,5.754962354551677,5.752224503764545
hysets_10167700,hysets,United States of America,40.6080036,-111.8315999,91.35455848793346,5.757700205338809,7.994524298425736
hysets_07157940,hysets,United States of America,37.03197269,-99.4795615,1778.219247153288,5.757700205338809,16.249144421629023
hysets_09306061,hysets,United States of America,39.85052839,-108.2589747,800.2629756097158,5.757700205338809,6.740588637919234
hysets_06079000,hysets,United States of America,47.6286083,-112.865761,648.9409335011201,5.760438056125941,10.666666666666666
hysets_02329180,hysets,United States of America,30.47797756,-84.2946228,3.639643196051547,5.765913757700205,9.730321697467488
hysets_01662000,hysets,United States of America,38.6848412,-77.9038838,505.1126090742037,5.768651608487337,5.765913757700205
hysets_02372430,hysets,United States of America,31.34822474,-86.5294047,3276.971417292444,5.771389459274469,6.247775496235455
GRDC_6233413,grdc,Sweden,59.8771,17.6062,1109.02210118455,5.7850787132101305,6.275154004106776
hysets_01166105,hysets,United States of America,42.59425319,-72.3609187,13.30007654932376,5.7850787132101305,5.782340862422998
hysets_02431410,hysets,United States of America,34.22816146,-88.452269,172.88438736834857,5.790554414784395,6.839151266255989
hysets_07094900,hysets,United States of America,38.10833258,-105.601395,8.08683169718074,5.804243668720055,11.162217659137577
hysets_02172640,hysets,United States of America,33.58931518,-81.3656595,80.50110322876064,5.806981519507187,5.993155373032169
hysets_03199300,hysets,United States of America,38.1001,-81.82984589,31.62287927208796,5.812457221081451,5.809719370294319
hysets_03253000,hysets,United States of America,38.6586817,-84.3518814,2383.2626889783355,5.823408624229979,5.820670773442847
hysets_03432100,hysets,United States of America,35.83256495,-86.6988861,172.31847131068315,5.8288843258042435,5.8288843258042435
hysets_01396091,hysets,United States of America,40.85944444,-74.7608333,12.853195712104103,5.831622176591376,5.8288843258042435
hysets_01379868,hysets,United States of America,40.87305556,-74.5333333,11.71694349403674,5.831622176591376,5.8288843258042435
hysets_08155260,hysets,United States of America,30.2702072,-97.8288959,283.93458447884933,5.831622176591376,6.11088295687885
hysets_04075365,hysets,United States of America,45.0658098,-88.6762169,178.52790039070877,5.831622176591376,5.8288843258042435
hysets_12073000,hysets,United States of America,47.41509615,-122.6318002,25.85853193538081,5.831622176591376,5.8288843258042435
hysets_05377500,hysets,United States of America,44.15774209,-92.0051622,745.9427175423339,5.834360027378508,5.831622176591376
hysets_05275500,hysets,United States of America,45.3024649,-93.5649602,38636.16915675681,5.834360027378508,5.831622176591376
hysets_05463050,hysets,United States of America,42.53756756,-92.4434929,12201.035757213756,5.834360027378508,5.834360027378508
hysets_14087300,hysets,United States of America,44.3581767,-121.118922,11625.126484149883,5.834360027378508,5.831622176591376
hysets_03407877,hysets,United States of America,36.270779,-84.4046185,5.7008203261910095,5.834360027378508,5.831622176591376
hysets_05374500,hysets,United States of America,44.28746666,-92.1904497,3450.5100227965254,5.834360027378508,5.831622176591376
hysets_07050580,hysets,United States of America,37.20374444,-93.0793389,437.1214012931098,5.839835728952772,5.83709787816564
camelsdk_570179,camelsdk,Denmark,55.36627,11.82098,248.8711904399824,5.848049281314168,5.845311430527036
hysets_10UG001,hysets,Canada,64.91239,-68.31378,7539.038500850429,5.859000684462697,7.353867214236824
hysets_14020760,hysets,United States of America,45.66068626,-118.5952512,10.755481873652796,5.867214236824093,5.864476386036961
hysets_07068600,hysets,United States of America,36.4567278,-90.7256729,989.9068356214952,5.867214236824093,5.864476386036961
hysets_12102140,hysets,United States of America,47.2192664,-122.3748442,7.390672969937172,5.878165639972622,9.442847364818617
hysets_09405400,hysets,United States of America,37.47275734,-112.7785503,14.693907960963628,5.880903490759754,5.878165639972622
hysets_09182500,hysets,United States of America,38.67914895,-109.4492841,138.15014610825446,5.897330595482546,7.742642026009582
hysets_13155300,hysets,United States of America,43.1537862,-115.3097972,36.21030517866947,5.900068446269678,5.897330595482546
camelsch_6011,camelsch,I,45.7,8.65,6599.384030141587,5.900068446269678,6.420260095824777
hysets_11149700,hysets,United States of America,35.9124673,-121.131585,527.7374135013847,5.908281998631074,7.2470910335386725
hysets_06889170,hysets,United States of America,39.43416667,-95.9422222,156.94763437987123,5.9137577002053385,5.9110198494182065
hysets_05315200,hysets,United States of America,44.4955143,-95.7969666,14.090294911908732,5.9137577002053385,5.9110198494182065
hysets_06307528,hysets,United States of America,45.2913333,-106.6829139,50.40324586738214,5.9137577002053385,5.9110198494182065
hysets_01439800,hysets,United States of America,41.20694444,-74.8036111,61.46628666356138,5.916495550992471,5.9137577002053385
hysets_02125000,hysets,United States of America,35.3347222,-80.3355556,144.18858864751883,5.924709103353867,5.993155373032169
hysets_02113000,hysets,United States of America,36.3411111,-80.6858333,328.6708049715852,5.927446954141,5.993155373032169
GRDC_6216820,grdc,Spain,39.8854,-2.8021,670.329807962705,5.935660506502396,7.997262149212868
hysets_12091040,hysets,United States of America,47.1909315,-122.5281807,201.97654358404893,5.94113620807666,5.973990417522245
hysets_02105900,hysets,United States of America,34.2786111,-78.1252778,52.3954751524696,5.95482546201232,5.993155373032169
GRDC_4208105,grdc,Canada,66.2562,-128.6521,53.2164929566681,5.963039014373717,6.420260095824777
hysets_06753990,hysets,United States of America,40.4424808,-104.5888487,1484.4068397118456,5.968514715947981,11.537303216974674
hysets_03486200,hysets,United States of America,36.3070515,-82.2915252,71.75141188694124,5.973990417522245,5.971252566735113
hysets_06327450,hysets,United States of America,47.09420556,-104.7132667,9.018662395146816,5.973990417522245,20.40520191649555
hysets_10LB007,hysets,Canada,66.69306,-129.2833,813.7619631724132,5.982203969883641,7.7645448323066395
hysets_02336517,hysets,United States of America,33.7756617,-84.4407622,19.770353976220587,5.982203969883641,15.526351813826146
GRDC_6221630,grdc,Belgium,50.4604,4.8354,2850.1730385899896,5.984941820670773,5.9986310746064335
hysets_09255400,hysets,United States of America,41.2721841,-107.1589432,14.500014557110797,5.987679671457905,32.49555099247091
hysets_03OB007,hysets,Canada,54.87775,-67.09972,11.860770243379244,5.990417522245037,6.206707734428473
camelscl_1610004,camelscl,Chile,-19.1175126812522,-69.1869612474391,227.3023940090441,5.990417522245037,13.675564681724847
hysets_11108090,hysets,United States of America,34.5722118,-118.6253655,6.3249831249138095,5.993155373032169,15.994524298425736
hysets_11528440,hysets,United States of America,40.5529221,-123.1436387,70.59378218798632,5.993155373032169,6.992470910335387
hysets_07230800,hysets,United States of America,35.05008038,-96.666961,545.8049400482247,5.993155373032169,7.994524298425736
hysets_03429500,hysets,United States of America,35.99839669,-86.5049931,181.1639385860709,5.9958932238193015,5.993155373032169
hysets_09386050,hysets,United States of America,34.1417172,-108.5020073,156.52332016916242,5.9958932238193015,5.993155373032169
hysets_01192480,hysets,United States of America,41.77287705,-72.5567547,28.52428544645004,5.9958932238193015,5.993155373032169
hysets_09130800,hysets,United States of America,39.11554,-107.5244998,71.3117563977699,5.9958932238193015,5.993155373032169
hysets_11401940,hysets,United States of America,39.93405898,-120.9060642,17.10855511182845,5.9958932238193015,5.993155373032169
hysets_14304350,hysets,United States of America,44.8112275,-123.7439997,17.281670777181155,5.9958932238193015,5.993155373032169
hysets_01212100,hysets,United States of America,41.0609302,-73.67485089,29.230509636462827,5.9958932238193015,6.995208761122519
hysets_06667060,hysets,United States of America,42.11996975,-104.9363605,8094.445823102062,5.9958932238193015,5.993155373032169
hysets_10034,hysets,Mexico,26.000781521518,-108.230732255538,635.6626025504507,5.9958932238193015,5.9958932238193015
hysets_02461630,hysets,United States of America,33.3995546,-86.9836043,18.955405682479395,5.9958932238193015,5.993155373032169
hysets_09113100,hysets,United States of America,38.76916079,-107.084493,56.60215092256275,5.9958932238193015,5.993155373032169
hysets_10290000,hysets,United States of America,38.15408779,-119.2593223,21.34899979132565,5.9958932238193015,5.993155373032169
hysets_03058006,hysets,United States of America,39.01481667,-80.477313,269.5154534530909,5.9958932238193015,5.993155373032169
hysets_07068890,hysets,United States of America,36.3392316,-90.9426219,593.872650717106,5.9958932238193015,5.993155373032169
hysets_06347100,hysets,United States of America,46.83139198,-101.6568158,106.46159184530217,5.9958932238193015,5.993155373032169
hysets_07206400,hysets,United States of America,36.52638889,-105.175,18.57797728779326,5.9958932238193015,6.995208761122519
hysets_11372050,hysets,United States of America,40.64292818,-122.3691749,24.18709836472929,5.9958932238193015,5.993155373032169
hysets_07206300,hysets,United States of America,36.52225485,-105.2255625,22.0957658899766,5.9958932238193015,6.995208761122519
hysets_02301695,hysets,United States of America,27.8936357,-82.29842488,15.878660547472744,5.9958932238193015,5.993155373032169
hysets_13172890,hysets,United States of America,43.59654708,-116.9023687,278.03424587743353,5.9958932238193015,5.993155373032169
hysets_01467045,hysets,United States of America,40.0845552,-75.0590608,110.5689967455917,5.9958932238193015,5.993155373032169
hysets_09066250,hysets,United States of America,39.6430415,-106.3461394,148.11294636959568,5.9958932238193015,5.993155373032169
hysets_09061000,hysets,United States of America,39.961931,-106.9444908,24.81746996522162,5.9958932238193015,5.993155373032169
hysets_12024500,hysets,United States of America,46.6553821,-122.7790098,80.85685216515442,5.9958932238193015,5.993155373032169
hysets_09512830,hysets,United States of America,33.9986449,-112.2165508,97.72473407683304,5.9958932238193015,6.012320328542095
hysets_11413900,hysets,United States of America,39.32573789,-120.3685359,9.736880011584296,5.9958932238193015,5.993155373032169
hysets_09347200,hysets,United States of America,37.48667027,-107.1633813,82.77748879583916,5.9958932238193015,5.993155373032169
hysets_09347205,hysets,United States of America,37.4527812,-107.1764365,89.62064207635764,5.9958932238193015,5.993155373032169
hysets_02322616,hysets,United States of America,30.15856477,-82.667068,5.088581722823005,5.9958932238193015,5.993155373032169
hysets_01533800,hysets,United States of America,41.8039686,-75.6440751,19.36114657815118,5.9958932238193015,5.993155373032169
hysets_05431018,hysets,United States of America,42.58557127,-88.6220464,25.788438843637024,5.9958932238193015,7.994524298425736
hysets_04058130,hysets,United States of America,46.33410857,-87.5331925,34.19025292912048,5.9958932238193015,5.993155373032169
hysets_11069300,hysets,United States of America,33.72224358,-116.8008536,5.672984915028463,5.9958932238193015,5.993155373032169
hysets_01049396,hysets,United States of America,44.184175,-69.9956972,35.424938024205694,5.9958932238193015,5.993155373032169
hysets_11530020,hysets,United States of America,41.05151855,-123.6808905,41.11765529781919,5.9958932238193015,5.993155373032169
hysets_12351400,hysets,United States of America,46.64860556,-113.958175,53.50919996093128,5.9958932238193015,5.993155373032169
hysets_09255900,hysets,United States of America,41.19996287,-107.1756107,25.55176600436559,5.9958932238193015,32.49555099247091
hysets_06101200,hysets,United States of America,48.44865556,-111.3453056,2249.6188316531952,5.9958932238193015,5.993155373032169
hysets_06214000,hysets,United States of America,45.51787778,-108.8620917,1455.3134814035852,5.9958932238193015,5.993155373032169
hysets_14047380,hysets,United States of America,45.09152499,-119.8872419,177.09517061744722,5.9958932238193015,5.993155373032169
hysets_10358470,hysets,United States of America,40.49656337,-120.5593937,8.217476358644678,5.9958932238193015,5.993155373032169
hysets_03267800,hysets,United States of America,39.9767265,-83.8224294,795.540560235865,5.9958932238193015,5.993155373032169
hysets_08024160,hysets,United States of America,31.60156283,-93.5904568,2.524459488783204,5.9958932238193015,5.993155373032169
hysets_10253600,hysets,United States of America,33.862791,-115.5102636,17.144155646119962,5.9958932238193015,5.993155373032169
hysets_14361590,hysets,United States of America,42.00623585,-123.1575489,130.48948463972786,5.9958932238193015,5.993155373032169
hysets_11348200,hysets,United States of America,41.48322536,-120.6305142,2960.3022951209414,5.9958932238193015,5.993155373032169
hysets_11410400,hysets,United States of America,39.562401,-120.5482686,47.33293481635203,5.9958932238193015,5.993155373032169
hysets_03448000,hysets,United States of America,35.50205666,-82.5923464,1751.392149797482,5.9986310746064335,5.9958932238193015
hysets_06477150,hysets,United States of America,43.7583153,-97.909242,690.2718315643285,5.9986310746064335,5.9958932238193015
hysets_09090700,hysets,United States of America,39.43636957,-107.5695002,104.9245066266112,5.9986310746064335,5.9958932238193015
hysets_09088000,hysets,United States of America,39.4860918,-107.5014422,39.89604321364824,5.9986310746064335,5.9958932238193015
hysets_01660100,hysets,United States of America,38.52317757,-77.3735937,57.03848805931317,5.9986310746064335,5.9958932238193015
hysets_03202900,hysets,United States of America,37.6070543,-81.79011488,1323.0778870289505,5.9986310746064335,5.9958932238193015
hysets_03199700,hysets,United States of America,38.2867626,-81.8065157,2165.5742761075608,5.9986310746064335,5.9958932238193015
hysets_0209331325,hysets,United States of America,36.23402379,-79.6616956,2.735239143404025,5.9986310746064335,5.9958932238193015
hysets_11274600,hysets,United States of America,37.40410175,-121.4371618,1.8979906124285504,5.9986310746064335,5.9958932238193015
hysets_11180810,hysets,United States of America,37.6943749,-122.0249613,23.431688926631203,5.9986310746064335,5.9958932238193015
hysets_02374660,hysets,United States of America,31.1918415,-87.0263588,852.3208542161827,5.9986310746064335,5.9958932238193015
hysets_02063500,hysets,United States of America,37.2445901,-78.91834849,118.03176754146236,5.9986310746064335,5.9958932238193015
hysets_02343700,hysets,United States of America,31.35517405,-85.1846536,36.309025567261536,5.9986310746064335,5.9958932238193015
GRDC_4208282,grdc,Canada,60.4604,-123.4104,152.499785133931,5.9986310746064335,5.9958932238193015
hysets_09094200,hysets,United States of America,39.4910884,-108.3550875,392.9660848797108,5.9986310746064335,5.9958932238193015
hysets_10264530,hysets,United States of America,34.60248835,-118.2475764,4.653703193935519,5.9986310746064335,5.9958932238193015
hysets_09129000,hysets,United States of America,38.710544,-107.5761685,164.69261025345872,5.9986310746064335,5.9958932238193015
hysets_10264605,hysets,United States of America,35.0124708,-118.3453587,10.12420568688266,5.9986310746064335,5.9958932238193015
hysets_11476700,hysets,United States of America,40.4081949,-123.9011523,218.4012627591996,5.9986310746064335,5.9958932238193015
hysets_06611700,hysets,United States of America,40.5513672,-106.616429,26.109038709883365,5.9986310746064335,5.9958932238193015
hysets_09235300,hysets,United States of America,41.0149619,-108.644831,506.4631772506596,5.9986310746064335,5.9958932238193015
hysets_06882900,hysets,United States of America,40.39723467,-98.2225493,2295.2179254796424,5.9986310746064335,5.9958932238193015
hysets_06879000,hysets,United States of America,38.97959627,-96.8573485,50677.97148479678,5.9986310746064335,5.9958932238193015
hysets_02467200,hysets,United States of America,32.6986111,-88.485,348.897932608091,5.9986310746064335,6.995208761122519
hysets_10170000,hysets,United States of America,40.68883617,-111.78271,56.15029019648869,5.9986310746064335,16.996577686516083
hysets_09216527,hysets,United States of America,41.66051566,-107.5583987,145.32378288657824,5.9986310746064335,5.9958932238193015
hysets_02437900,hysets,United States of America,34.12593428,-87.9044746,37.07682013336417,5.9986310746064335,5.9958932238193015
hysets_07BB003,hysets,Canada,53.6125,-115.1056,1534.859292503379,5.9986310746064335,5.9958932238193015
hysets_07BK012,hysets,Canada,55.3199,-114.0553,1261.7705619767762,5.9986310746064335,5.9958932238193015
hysets_11185000,hysets,United States of America,37.9513117,-122.0357956,5.203347233283676,5.9986310746064335,5.9958932238193015
hysets_11528100,hysets,United States of America,40.3748675,-123.3275275,530.7416397367253,5.9986310746064335,5.9958932238193015
hysets_06408860,hysets,United States of America,44.10470685,-103.6435275,261.8117591308039,5.9986310746064335,5.9958932238193015
hysets_06609590,hysets,United States of America,41.73526637,-95.8088973,18.32718292377848,5.9986310746064335,5.9958932238193015
hysets_14311300,hysets,United States of America,43.09067077,-123.5703557,76.66574913463172,5.9986310746064335,5.9958932238193015
hysets_09383200,hysets,United States of America,33.94171506,-109.502035,3.1345813982611204,5.9986310746064335,5.9958932238193015
GRDC_3265050,grdc,Argentina,-25.3313,-64.5521,1724.42078284917,5.9986310746064335,5.9958932238193015
hysets_14036600,hysets,United States of America,45.7484605,-120.4356062,559.5485147603125,5.9986310746064335,5.9958932238193015
hysets_02211459,hysets,United States of America,33.07234727,-84.184362,5.8668440209153685,5.9986310746064335,5.9958932238193015
hysets_03360895,hysets,United States of America,38.5706041,-87.2769583,143.88429466169617,5.9986310746064335,5.9958932238193015
hysets_14375400,hysets,United States of America,42.0315013,-123.7378483,68.09424564972902,5.9986310746064335,5.9958932238193015
hysets_02427300,hysets,United States of America,31.93348247,-87.0999855,28.476436519051006,5.9986310746064335,5.9958932238193015
hysets_09087500,hysets,United States of America,39.57053628,-107.5397777,461.4393985953362,5.9986310746064335,5.9958932238193015
hysets_11108135,hysets,United States of America,34.51027017,-118.6086985,403.95933145280895,5.9986310746064335,5.9958932238193015
hysets_09085500,hysets,United States of America,39.5744256,-107.4475541,143.77522677458717,5.9986310746064335,5.9958932238193015
hysets_10137700,hysets,United States of America,41.2943856,-111.8285503,153.36828501217298,5.9986310746064335,5.9958932238193015
hysets_14074900,hysets,United States of America,44.11622657,-121.6605945,4.084189991664256,5.9986310746064335,5.9958932238193015
hysets_02337100,hysets,United States of America,33.6612206,-84.5110413,13.77659760642359,5.9986310746064335,5.9958932238193015
hysets_09361200,hysets,United States of America,37.36722309,-107.8664559,18.99761796351529,5.9986310746064335,5.9958932238193015
hysets_01452300,hysets,United States of America,40.71787485,-75.3676805,14.237625136700297,5.9986310746064335,5.9958932238193015
hysets_10137600,hysets,United States of America,41.24716356,-111.763271,376.2908835452739,5.9986310746064335,5.9958932238193015
hysets_10167500,hysets,United States of America,40.5777263,-111.7979877,70.6065824990713,5.9986310746064335,16.996577686516083
hysets_04164010,hysets,United States of America,42.91641759,-83.0449347,24.42087786594616,5.9986310746064335,5.9958932238193015
hysets_06791800,hysets,United States of America,41.47380556,-98.0815278,2649.5307749919216,5.9986310746064335,5.9958932238193015
hysets_11522400,hysets,United States of America,41.2670767,-123.3044946,524.2165491508247,5.9986310746064335,5.9958932238193015
hysets_05406476,hysets,United States of America,43.11332746,-89.650122,63.39194024499254,5.9986310746064335,5.9958932238193015
hysets_03577000,hysets,United States of America,34.4764839,-87.1416814,224.91495406861088,5.9986310746064335,5.9958932238193015
hysets_12400900,hysets,United States of America,48.99851436,-119.0200417,224.70514725992223,5.9986310746064335,5.9958932238193015
hysets_11424600,hysets,United States of America,39.19350409,-121.3407932,1.4280586102208186,5.9986310746064335,5.9958932238193015
hysets_07311648,hysets,United States of America,33.85341716,-99.9625995,427.11308240021697,5.9986310746064335,5.9958932238193015
hysets_07311622,hysets,United States of America,33.87008366,-99.9470437,1418.5058377978771,5.9986310746064335,5.9958932238193015
hysets_09481770,hysets,United States of America,31.7447222,-111.0363889,3450.9351035774994,5.9986310746064335,5.9958932238193015
hysets_03168500,hysets,United States of America,37.04734266,-80.7761822,158.73334822935524,5.9986310746064335,5.9958932238193015
hysets_09171200,hysets,United States of America,37.94804904,-107.877009,110.5154451793466,5.9986310746064335,5.9958932238193015
hysets_10172500,hysets,United States of America,40.79244589,-111.8771585,44.03878196054824,5.9986310746064335,16.996577686516083
hysets_09361400,hysets,United States of America,37.33416764,-107.9095126,66.11307192013807,5.9986310746064335,5.9958932238193015
hysets_09060900,hysets,United States of America,39.8405424,-106.8094844,13.687365784861242,5.9986310746064335,5.9958932238193015
hysets_14043560,hysets,United States of America,45.1845809,-118.9399848,95.04234584204276,5.9986310746064335,5.9958932238193015
hysets_09250600,hysets,United States of America,40.31552815,-107.7978495,71.08736036052368,5.9986310746064335,5.9958932238193015
hysets_06609200,hysets,United States of America,41.75026579,-95.9341767,24.223927635391554,5.9986310746064335,5.9958932238193015
hysets_10263900,hysets,United States of America,34.3430555,-117.9211756,1.0985603242068416,5.9986310746064335,5.9958932238193015
hysets_06479515,hysets,United States of America,44.9188536,-97.0456271,283.9697027839396,6.0013689253935665,37.45927446954141
camelsch_6010,camelsch,I,45.94,8.58,59.98751866428833,6.0013689253935665,5.9986310746064335
camelsdk_530095,camelsdk,Denmark,55.65166,12.32927,19.95506066368394,6.0013689253935665,5.9986310746064335
hysets_07344000,hysets,United States of America,33.2501213,-94.6168704,7229.37708642881,6.0013689253935665,5.9986310746064335
lamah_213934,lamah,Austria,46.63364696887203,14.315206574284252,541.7787141527047,6.0013689253935665,5.9986310746064335
hysets_01152800,hysets,United States of America,43.39785038,-72.5200912,297.11810318160644,6.0013689253935665,5.9986310746064335
hysets_02444490,hysets,United States of America,33.09234773,-88.2994783,135.48205661076605,6.0013689253935665,5.9986310746064335
camelsdk_310116,camelsdk,Denmark,55.72478,8.72654,235.11491611145323,6.0013689253935665,5.9986310746064335
GRDC_6216630,grdc,Spain,38.9104,-5.4938,7674.20456260388,6.0013689253935665,7.997262149212868
hysets_13079200,hysets,United States of America,42.2761111,-113.5144444,208.4224317512789,6.0013689253935665,5.9986310746064335
GRDC_6357521,grdc,Germany,50.8937,14.8021,293.955945730248,6.0013689253935665,5.9986310746064335
hysets_09066050,hysets,United States of America,39.6233193,-106.2803046,50.42873481264484,6.0041067761806985,6.0013689253935665
hysets_09049200,hysets,United States of America,39.50109766,-106.1683562,57.188930007466325,6.0041067761806985,6.0013689253935665
lamah_3551,lamah,Czech Republic,48.987136964159056,15.248660317983155,43.95461514854591,6.0041067761806985,6.0013689253935665
hysets_06320200,hysets,United States of America,44.3621967,-106.654214,832.9188546051648,6.0041067761806985,6.0013689253935665
hysets_13077600,hysets,United States of America,42.56138889,-112.7888889,35.484418329987605,6.0041067761806985,20.00273785078713
lamah_206201,lamah,Austria,48.4560002423061,13.42811169382369,25468.916138807155,6.0041067761806985,6.0013689253935665
hysets_03068000,hysets,United States of America,38.8076103,-79.7375606,293.4051611313902,6.009582477754963,6.006844626967831
hysets_07311780,hysets,United States of America,33.6248079,-100.2181622,566.3015047254906,6.012320328542095,6.009582477754963
GRDC_4208548,grdc,Canada,55.6979,-121.6396,26.7139839200585,6.012320328542095,12.525667351129364
hysets_02091736,hysets,United States of America,35.53277778,-77.54527778,133.41697458398428,6.012320328542095,6.009582477754963
hysets_01656500,hysets,United States of America,38.7806713,-77.6724919,130.1198206168648,6.015058179329227,6.012320328542095
hysets_02034500,hysets,United States of America,37.6668125,-78.1663887,681.3804875047742,6.015058179329227,6.012320328542095
hysets_06821280,hysets,United States of America,39.17513889,-94.6131194,48.90154024372236,6.015058179329227,6.012320328542095
hysets_04079602,hysets,United States of America,44.69080685,-89.2642808,61.65840169113018,6.017796030116359,6.633812457221081
hysets_01656960,hysets,United States of America,38.8212248,-77.46554448,128.5932940820062,6.020533880903491,6.017796030116359
hysets_12353820,hysets,United States of America,47.2214083,-114.9732194,115.33424631122833,6.020533880903491,8.191649555099247
hysets_01192370,hysets,United States of America,41.76537689,-72.5028637,5.447690207836832,6.020533880903491,6.017796030116359
hysets_01624300,hysets,United States of America,38.2434628,-79.0353073,461.04220798727647,6.023271731690623,6.020533880903491
hysets_02044000,hysets,United States of America,37.07793014,-78.1969424,100.08382103079964,6.034223134839151,6.031485284052019
hysets_09325100,hysets,United States of America,39.14997269,-110.909055,1744.377417275416,6.034223134839151,6.031485284052019
hysets_05CC013,hysets,Canada,52.36177,-114.4577,798.9066262206746,6.036960985626283,8.668035592060233
hysets_06610770,hysets,United States of America,41.20541556,-96.0166826,559.9499369707107,6.050650239561944,12.334017796030116
hysets_01661900,hysets,United States of America,38.79955968,-77.8688835,52.39274591152677,6.053388090349076,6.050650239561944
GRDC_4208886,grdc,Canada,57.0187,-111.6146,431.649018743978,6.056125941136208,14.63107460643395
GRDC_4150670,grdc,United States of America,29.8771,-95.0938,7325.51400311022,6.067077344284736,6.119096509240246
hysets_06024580,hysets,United States of America,45.8508222,-113.068361,4142.487473622643,6.078028747433265,39.41409993155373
hysets_06112100,hysets,United States of America,46.9790333,-109.4939361,123.01888254319744,6.078028747433265,6.075290896646133
hysets_12350000,hysets,United States of America,46.38092778,-114.220411,73.88710303934701,6.078028747433265,8.7419575633128
hysets_09179200,hysets,United States of America,38.5330428,-108.9709404,82.10109219748489,6.080766598220397,6.078028747433265
hysets_07228400,hysets,United States of America,35.5411626,-98.5781257,747.4113451556965,6.080766598220397,19.994524298425734
hysets_09286500,hysets,United States of America,40.2013428,-110.7840484,226.14954910291453,6.080766598220397,6.078028747433265
hysets_10354700,hysets,United States of America,40.17073367,-120.3716042,5.54404145317478,6.080766598220397,6.078028747433265
hysets_03111585,hysets,United States of America,39.96840878,-80.4478466,98.12890886397304,6.080766598220397,6.2559890485968515
hysets_02176000,hysets,United States of America,32.707122,-80.826218,2831.965313149384,6.083504449007529,6.080766598220397
hysets_13025500,hysets,United States of America,42.6749287,-111.0077044,294.71373746749816,6.083504449007529,6.080766598220397
hysets_03246500,hysets,United States of America,39.05256455,-84.0504885,613.4288049989794,6.083504449007529,6.080766598220397
hysets_01342730,hysets,United States of America,43.0065833,-75.0416667,67.15414689334061,6.0862422997946615,52.16427104722793
hysets_05123500,hysets,United States of America,48.6783424,-100.711531,393.6574799669463,6.0862422997946615,14.584531143052704
hysets_02115800,hysets,United States of America,36.04569268,-80.3539419,30.841367767709283,6.09719370294319,6.094455852156058
hysets_02477500,hysets,United States of America,31.6796052,-88.6833712,4278.677626213043,6.105407255304586,6.102669404517454
hysets_12020525,hysets,United States of America,46.6345457,-123.2968119,149.7468786566973,6.11088295687885,9.040383299110198
GRDC_5865500,grdc,New Zealand,-38.706,176.063,3406.9625880000003,6.113620807665982,6.113620807665982
hysets_11231700,hysets,United States of America,37.39188657,-119.0284533,5.468198269307275,6.116358658453114,29.998631074606433
hysets_09250610,hysets,United States of America,40.3124724,-107.8222948,20.00648508936488,6.1273100616016425,6.12457221081451
camelscl_4810005,camelscl,Chile,-31.9456,-71.0606,92.730855789702,6.1273100616016425,7.184120465434634
hysets_09387300,hysets,United States of America,34.8764244,-109.0420318,3374.297687787212,6.1300479123887746,6.995208761122519
hysets_06893670,hysets,United States of America,39.20750295,-94.4793971,76.51909636530283,6.135523613963039,6.132785763175907
hysets_04205700,hysets,United States of America,41.09450025,-81.5215053,154.41260181098573,6.138261464750171,6.135523613963039
hysets_08435600,hysets,United States of America,30.3584928,-103.7137877,73.81224162517198,6.138261464750171,6.135523613963039
hysets_08435660,hysets,United States of America,30.34098889,-103.64325,25.398533646859352,6.138261464750171,6.135523613963039
hysets_08435620,hysets,United States of America,30.35182539,-103.6671225,47.73010981633384,6.138261464750171,6.135523613963039
hysets_08048520,hysets,United States of America,32.6654111,-97.321405,45.69395383687574,6.1492128678987,6.995208761122519
camelscl_2103003,camelscl,Chile,-21.9415277777778,-68.5331944444444,1254.9902803625855,6.1492128678987,8.035592060232718
hysets_06756500,hysets,United States of America,40.49303689,-104.4435651,3348.146462374079,6.151950718685832,6.182067077344285
hysets_11176200,hysets,United States of America,37.6904857,-121.8732899,365.42568375015287,6.160164271047228,37.32511978097194
hysets_12392300,hysets,United States of America,48.42,-116.5019444,312.6383208585399,6.160164271047228,37.9958932238193
hysets_12148700,hysets,United States of America,47.6956567,-121.8317836,15.339085482521494,6.16290212183436,6.160164271047228
hysets_12096600,hysets,United States of America,46.8970539,-121.6181488,42.23776320940391,6.16290212183436,6.160164271047228
hysets_14190100,hysets,United States of America,44.8706726,-123.4623278,57.77710065466528,6.16290212183436,6.160164271047228
hysets_03239000,hysets,United States of America,39.81006018,-83.7390913,122.89259948695404,6.16290212183436,6.160164271047228
hysets_03538000,hysets,United States of America,35.89952168,-84.3260351,15.449838533283485,6.16290212183436,10.99794661190965
lamah_305,lamah,Czech Republic,49.96331345691499,16.997062965415942,247.21513378932937,6.165639972621492,6.16290212183436
lamah_322,lamah,Czech Republic,49.34252812288639,17.9853988924714,500.3059001972235,6.165639972621492,6.16290212183436
lamah_330,lamah,Czech Republic,49.44950650038356,17.409858272953723,1593.2657672091748,6.165639972621492,6.16290212183436
hysets_05414850,hysets,United States of America,42.71082897,-90.3995726,7.351550903981428,6.165639972621492,6.16290212183436
camelscz_B8479500,camelscz,Czechia,48.85810587,16.72433618,11835.36702558865,6.165639972621492,17.492128678986994
lamah_326,lamah,Czech Republic,49.47276855357569,17.977354591705126,252.56790342859333,6.165639972621492,6.16290212183436
lamah_328,lamah,Czech Republic,49.53005092703831,17.746273057616587,1265.8933197923543,6.165639972621492,6.16290212183436
lamah_324,lamah,Czech Republic,49.44461102586816,17.970472082184425,717.3390111617759,6.165639972621492,6.16290212183436
hysets_02407900,hysets,United States of America,33.0390089,-86.4249778,33.025818197024854,6.165639972621492,6.16290212183436
hysets_02184240,hysets,United States of America,35.10648306,-82.9881969,54.26490633887455,6.165639972621492,6.16290212183436
hysets_11459300,hysets,United States of America,38.1824182,-122.6163732,74.4644289602902,6.165639972621492,6.16290212183436
hysets_0210783273,hysets,United States of America,35.0757203,-77.9133165,3.1790834361727427,6.165639972621492,6.16290212183436
hysets_10157000,hysets,United States of America,40.43162179,-111.3526787,95.91276860123916,6.168377823408624,6.165639972621492
hysets_03593800,hysets,United States of America,35.18065694,-88.2096087,275.09428556562926,6.176591375770021,6.250513347022587
hysets_11136480,hysets,United States of America,34.69415014,-119.3181711,12.166763341429036,6.176591375770021,6.1738535249828885
hysets_04206250,hysets,United States of America,41.18144429,-81.5831753,1236.939566990943,6.176591375770021,6.1738535249828885
hysets_01589478,hysets,United States of America,39.30930556,-76.6194167,145.03212565975633,6.176591375770021,23.41409993155373
hysets_11430500,hysets,United States of America,38.9679606,-120.4663103,149.2987372408871,6.176591375770021,6.1738535249828885
hysets_01480095,hysets,United States of America,39.73177945,-75.6035372,14.014864498697328,6.187542778918549,8.087611225188228
hysets_12197040,hysets,United States of America,48.52705408,-122.1065412,5.4500399456309045,6.187542778918549,6.184804928131417
hysets_02332830,hysets,United States of America,34.41537629,-83.8215698,47.2723327155767,6.190280629705681,6.187542778918549
GRDC_4208762,grdc,Canada,54.3104,-114.2021,514.821625779796,6.195756331279945,10.206707734428473
hysets_05DB003,hysets,Canada,51.99167,-115.4333,1339.5035921827234,6.2149212867898695,11.553730321697467
hysets_03OA015,hysets,Canada,52.96336,-66.83672,137.84073547794048,6.2149212867898695,6.2121834360027375
GRDC_5869400,grdc,New Zealand,-45.5604,167.5979,4500.38708144075,6.217659137577002,6.217659137577002
hysets_01079900,hysets,United States of America,43.73035295,-71.3572939,17.825599293690946,6.225872689938399,6.223134839151267
GRDC_6172021,grdc,Estonia,58.8188,24.6438,170.39963895233498,6.234086242299795,6.231348391512663
camelsch_6002,camelsch,I,45.99,8.13,157.93833433347686,6.234086242299795,6.30527036276523
lamah_214338,lamah,Austria,48.89328601412555,15.0345052053172,108.55015926788302,6.234086242299795,6.231348391512663
hysets_06809900,hysets,United States of America,40.6946111,-95.5625833,2858.256198369863,6.239561943874059,6.236824093086927
hysets_05DE010,hysets,Canada,53.31548,-114.758,22035.71145072313,6.239561943874059,11.540041067761807
GRDC_4208447,grdc,Canada,58.7146,-117.2438,99.22710482196108,6.245037645448323,9.125256673511293
hysets_07344450,hysets,United States of America,32.51681896,-93.9724054,208.79320162028856,6.245037645448323,6.242299794661191
hysets_07315900,hysets,United States of America,33.941767,-97.3058504,800.0246864013267,6.245037645448323,10.992470910335387
hysets_11154000,hysets,United States of America,37.06661475,-121.6927252,74.65975276705734,6.247775496235455,6.245037645448323
hysets_03248000,hysets,United States of America,39.1370047,-84.3529946,4424.470828927255,6.247775496235455,6.245037645448323
hysets_09507900,hysets,United States of America,34.40419608,-111.3687496,24.21575563446608,6.250513347022587,6.247775496235455
hysets_09216545,hysets,United States of America,41.49301777,-108.5137159,790.4363539158849,6.250513347022587,6.247775496235455
hysets_09507800,hysets,United States of America,34.40836258,-111.3743054,9.965237509405506,6.250513347022587,6.247775496235455
hysets_11469500,hysets,United States of America,40.3262464,-124.2942152,96.52862519909117,6.250513347022587,6.247775496235455
hysets_0157608335,hysets,United States of America,40.14648597,-75.9266052,3.671468340048925,6.250513347022587,6.414784394250513
hysets_03190000,hysets,United States of America,38.1126125,-80.8762069,740.9608021377991,6.250513347022587,6.247775496235455
hysets_11136400,hysets,United States of America,34.70887158,-119.2078883,46.426531229012696,6.253251197809719,6.250513347022587
hysets_07184500,hysets,United States of America,37.19379589,-95.1924979,551.3254094442689,6.253251197809719,6.250513347022587
hysets_12374800,hysets,United States of America,47.88160556,-114.5020667,37.13670040010885,6.2559890485968515,7.082819986310746
hysets_08358550,hysets,United States of America,33.66034399,-107.0908656,1070.677765366109,6.2559890485968515,10.25325119780972
hysets_12408000,hysets,United States of America,48.31934236,-117.8205275,1096.7582001294145,6.2587268993839835,19.170431211498972
hysets_11039800,hysets,United States of America,33.3405882,-117.1314207,942.7075499466456,6.264202600958248,6.261464750171116
hysets_02115750,hysets,United States of America,36.0529149,-80.3692202,224.89503666125017,6.26694045174538,6.264202600958248
hysets_07028930,hysets,United States of America,35.8073762,-88.8019037,12.154156447359355,6.275154004106776,6.417522245037645
hysets_05421682,hysets,United States of America,42.1958333,-91.4227778,488.2882335430317,6.283367556468172,6.28062970568104
camelsch_6006,camelsch,I,46.18,8.32,359.1767016598101,6.283367556468172,6.324435318275154
hysets_01022330,hysets,United States of America,44.7408333,-68.0133333,264.72333227669805,6.294318959616701,6.579055441478439
hysets_01555400,hysets,United States of America,40.6634186,-76.69135408,115.36958439489592,6.294318959616701,8.041067761806982
hysets_06340780,hysets,United States of America,47.2691636,-101.3098787,59.41482530991271,6.294318959616701,6.297056810403833
hysets_03312255,hysets,United States of America,36.5404721,-85.8503297,32.79469386381867,6.297056810403833,6.294318959616701
hysets_08224113,hysets,United States of America,38.4011094,-106.0647386,29.22613180348463,6.297056810403833,6.294318959616701
camelsch_6003,camelsch,I,46.07,8.26,145.65243694543122,6.297056810403833,6.324435318275154
hysets_06202600,hysets,United States of America,45.43755556,-109.7915472,870.5031995067964,6.299794661190965,7.299110198494182
hysets_08224110,hysets,United States of America,38.40610936,-106.064183,16.886554346846935,6.299794661190965,6.297056810403833
GRDC_4208471,grdc,Canada,60.0187,-114.5188,4115.98706815699,6.3025325119780975,7.997262149212868
GRDC_4208689,grdc,Canada,53.4229,-117.5062,14.4627304708049,6.31895961670089,12.383299110198495
hysets_01576085,hysets,United States of America,40.14481885,-75.9885539,17.18972863504617,6.31895961670089,6.496919917864476
hysets_13065940,hysets,United States of America,43.2504732,-112.0166349,67.18587290922841,6.329911019849418,6.746064339493498
hysets_12125000,hysets,United States of America,47.6692659,-122.1317898,387.3375376320264,6.329911019849418,6.327173169062286
hysets_02449400,hysets,United States of America,32.6904114,-88.1672469,29.98503079815825,6.33264887063655,6.329911019849418
hysets_11475940,hysets,United States of America,40.0740346,-123.7700277,191.6379710168672,6.33264887063655,6.329911019849418
hysets_01351000,hysets,United States of America,42.6283333,-74.1830556,170.6871407285234,6.33264887063655,6.329911019849418
hysets_06294950,hysets,United States of America,46.33195,-107.0549889,95.29375736350944,6.33264887063655,6.329911019849418
hysets_11208500,hysets,United States of America,36.49300156,-118.825932,4.896623416432028,6.33264887063655,6.329911019849418
hysets_12121510,hysets,United States of America,47.53537878,-122.0376193,23.804272423642736,6.335386721423682,6.33264887063655
hysets_04269043,hysets,United States of America,44.79916667,-74.6730556,223.6461363354404,6.338124572210814,6.335386721423682
hysets_12408700,hysets,United States of America,48.5735141,-117.9441498,366.88621084964313,6.338124572210814,6.335386721423682
hysets_04087160,hysets,United States of America,42.99668157,-87.9203623,51.045999373437525,6.3408624229979464,6.499657768651608
hysets_11181330,hysets,United States of America,37.8438154,-122.2274681,4.378643528035778,6.3436002737850785,14.00684462696783
hysets_10KD009,hysets,Canada,65.85486,-128.1341,48.03041793811174,6.346338124572211,8.761122518822724
hysets_02424940,hysets,United States of America,32.5329114,-87.0899926,568.7093004076578,6.360027378507871,6.357289527720739
hysets_14092150,hysets,United States of America,44.67428515,-121.2922715,118.13520791647984,6.362765229295003,6.360027378507871
hysets_06329597,hysets,United States of America,47.85085328,-103.7940907,391.81170962634695,6.365503080082136,33.76317590691308
camelscl_8324002,camelscl,Chile,-37.4728,-72.3244,20.39393523852884,6.373716632443532,7.184120465434634
hysets_05MF024,hysets,Canada,50.69,-100.2489,950.3642437574728,6.373716632443532,12.668035592060233
hysets_05QC006,hysets,Canada,51.2004,-93.70844,57.85427066475341,6.373716632443532,6.38466803559206
hysets_04080950,hysets,United States of America,44.3152551,-89.1928928,67.01609113534323,6.376454483230664,6.373716632443532
hysets_01079602,hysets,United States of America,43.572855,-71.3550708,16.329430375347876,6.376454483230664,6.373716632443532
hysets_05412056,hysets,United States of America,43.0399823,-91.4687524,2.8647395983277977,6.38466803559206,6.381930184804928
camelscl_11314001,camelscl,Chile,-45.62875,-72.1268055555556,418.8908746033951,6.38466803559206,6.392881587953457
hysets_01475545,hysets,United States of America,39.9703898,-75.3026864,2.7636945721569948,6.3874058863791925,6.38466803559206
hysets_11463900,hysets,United States of America,38.6410198,-122.7638792,114.4841630582267,6.392881587953457,37.9958932238193
GRDC_4213565,grdc,Canada,50.2771,-101.0146,554.0481273661931,6.392881587953457,17.248459958932237
hysets_11407810,hysets,United States of America,39.50990117,-120.5552124,96.2406360615341,6.406570841889117,6.609171800136893
hysets_02329161,hysets,United States of America,30.49992196,-84.2774002,4.255576817901923,6.406570841889117,9.730321697467488
hysets_04164800,hysets,United States of America,42.7064207,-82.959094,105.03789609947508,6.412046543463381,37.9958932238193
hysets_09095800,hysets,United States of America,39.21747995,-107.7745058,47.58061499816392,6.417522245037645,6.414784394250513
hysets_08317850,hysets,United States of America,35.44948128,-106.1528002,1462.7029581458044,6.417522245037645,6.414784394250513
hysets_05412340,hysets,United States of America,42.84413889,-91.8181667,335.4585144695605,6.417522245037645,6.414784394250513
hysets_01576520,hysets,United States of America,40.0475989,-76.1449535,17.78440284042901,6.422997946611909,6.420260095824777
hysets_07307600,hysets,United States of America,34.27506807,-100.2851145,3546.6665673916027,6.422997946611909,6.420260095824777
hysets_01548303,hysets,United States of America,41.78479405,-77.4019232,17.49596864936492,6.422997946611909,33.21834360027378
GRDC_4208735,grdc,Canada,53.3729,-117.7021,9530.81869224719,6.431211498973306,19.32101300479124
hysets_13117020,hysets,United States of America,44.1533333,-112.9091667,905.5081241374702,6.433949349760438,9.995893223819301
GRDC_1159105,grdc,South Africa,-28.0771,16.8979,881178.2146204921,6.439425051334703,6.436687200547571
hysets_07AB002,hysets,Canada,53.15778,-118.0328,1862.6454950627688,6.439425051334703,12.41615331964408
hysets_11116550,hysets,United States of America,34.46499299,-119.2898357,191.9678481095293,6.444900752908967,7.742642026009582
hysets_03239500,hysets,United States of America,39.82783787,-83.7771482,75.23683557455271,6.444900752908967,7.162217659137577
hysets_09306025,hysets,United States of America,39.783585,-108.189805,37.02226695245627,6.453114305270363,7.452429842573579
hysets_01594934,hysets,United States of America,39.2581614,-79.4183824,3.985609292311472,6.455852156057495,6.620123203285421
hysets_01103455,hysets,United States of America,42.25398645,-71.29339017,9.39051623453383,6.458590006844627,11.529089664613279
hysets_10169000,hysets,United States of America,40.6652251,-111.8402117,175.92818038069444,6.458590006844627,6.461327857631759
hysets_01465780,hysets,United States of America,40.06955546,-74.97544669,33.483122667660886,6.458590006844627,6.455852156057495
camelscl_8381003,camelscl,Chile,-37.2119,-72.3242,3003.587336574188,6.466803559206023,8.602327173169062
hysets_02456998,hysets,United States of America,33.61065895,-86.7455456,8.909946112069838,6.4750171115674195,9.645448323066393
hysets_01570200,hysets,United States of America,40.289255,-76.9760868,1.9767202025141608,6.477754962354552,7.496235455167693
hysets_06863900,hysets,United States of America,38.8866783,-99.2062101,135.56989179910804,6.494182067077344,6.491444216290212
hysets_04158000,hysets,United States of America,43.7275169,-83.3960698,94.03345408240502,6.494182067077344,39.74537987679671
hysets_05427930,hysets,United States of America,43.14027778,-89.4423056,33.214494540513265,6.494182067077344,6.491444216290212
hysets_03150300,hysets,United States of America,39.58062844,-81.6712409,19715.58114572203,6.496919917864476,6.494182067077344
hysets_02156300,hysets,United States of America,34.9481803,-81.8687141,192.8855271700226,6.496919917864476,6.52703627652293
hysets_11396350,hysets,United States of America,39.54766514,-121.3041296,277.34112487837336,6.496919917864476,6.740588637919234
hysets_06634990,hysets,United States of America,42.00607336,-106.5089162,56.354658385844125,6.499657768651608,6.496919917864476
camelscl_5730005,camelscl,Chile,-33.48375,-70.71875,405.708766789525,6.499657768651608,6.995208761122519
hysets_04059400,hysets,United States of America,45.80940789,-87.3692993,104.88046053721084,6.499657768651608,6.496919917864476
hysets_06043000,hysets,United States of America,45.0708972,-111.2051694,253.0750026648507,6.499657768651608,16.7419575633128
hysets_01465050,hysets,United States of America,40.29177378,-75.03822499,36.12529784847284,6.505133470225872,7.110198494182067
il_48188,il,Israel,31.20263028,35.36425035,21.55033611,6.507871321013004,6.505133470225872
hysets_01568700,hysets,United States of America,40.45842108,-76.66441139,29.68328203517973,6.5188227241615335,6.5160848733744015
hysets_01BH012,hysets,Canada,48.76889,-64.515,1097.659559927076,6.521560574948666,10.99794661190965
hysets_07147600,hysets,United States of America,37.3486349,-96.8794778,160.19068553859898,6.521560574948666,6.5188227241615335
hysets_01589512,hysets,United States of America,39.18316375,-76.613855,22.056205777085808,6.524298425735798,11.104722792607802
hysets_05CC012,hysets,Canada,52.11444,-114.1194,135.9388815326438,6.529774127310062,9.349760438056126
hysets_07362693,hysets,United States of America,34.63064678,-92.8273923,240.27450071511288,6.535249828884326,6.532511978097194
hysets_06141600,hysets,United States of America,48.5621444,-109.5323,246.4339000120788,6.535249828884326,10.584531143052704
hysets_05559700,hysets,United States of America,40.94027778,-89.5005556,226.85686159822671,6.543463381245722,6.54072553045859
hysets_05ME010,hysets,Canada,50.62294,-101.2564,455.20124950647846,6.543463381245722,14.674880219028063
hysets_03327503,hysets,United States of America,40.78170866,-86.05527,4.959833219804585,6.5571526351813825,6.55441478439425
hysets_03527500,hysets,United States of America,36.7112068,-82.79571719,59.55651549245307,6.579055441478439,6.576317590691307
hysets_13341128,hysets,United States of America,46.23388889,-116.2372222,44.06009567465586,6.581793292265571,6.995208761122519
hysets_07144485,hysets,United States of America,37.67916667,-97.4575,251.2920181013532,6.581793292265571,6.579055441478439
hysets_04188500,hysets,United States of America,40.99310919,-83.6513208,143.86242066871992,6.581793292265571,6.579055441478439
hysets_09486580,hysets,United States of America,31.5734233,-111.3328764,125.67090375261397,6.581793292265571,6.579055441478439
camelscl_6034023,camelscl,Chile,-34.6581,-71.3019,2912.0414800504955,6.584531143052704,8.92539356605065
hysets_04276069,hysets,United States of America,44.4247222,-73.4258333,28.756365189115225,6.584531143052704,6.581793292265571
hysets_04233255,hysets,United States of America,42.4272222,-76.5216667,222.47808518356936,6.584531143052704,6.581793292265571
hysets_04279040,hysets,United States of America,43.7336111,-73.3883333,26.6403616579367,6.584531143052704,6.581793292265571
hysets_04279125,hysets,United States of America,43.52194444,-73.5069444,33.45024615495973,6.584531143052704,6.581793292265571
hysets_04276645,hysets,United States of America,44.1875,-73.4547222,18.636462599129302,6.584531143052704,6.581793292265571
hysets_02233473,hysets,United States of America,28.5972218,-81.2256215,165.47347013719678,6.587268993839836,6.584531143052704
hysets_03180300,hysets,United States of America,38.54289357,-79.806447,175.72133489995923,6.590006844626968,6.587268993839836
hysets_07108800,hysets,United States of America,38.2269476,-104.4988602,1221.3862558945466,6.590006844626968,6.587268993839836
hysets_02146670,hysets,United States of America,35.07694444,-80.8225,45.633500569412575,6.595482546201232,21.53593429158111
hysets_03196500,hysets,United States of America,38.5748233,-80.8009334,321.87980345071554,6.609171800136893,33.74127310061601
GRDC_4208705,grdc,Canada,53.2354,-116.5646,580.480783137483,6.622861054072553,11.534565366187543
GRDC_6594090,grdc,Israel,31.8396,35.5479,17779.1081052892,6.622861054072553,6.620123203285421
hysets_09092830,hysets,United States of America,39.6202545,-108.0128524,32.18488260972417,6.622861054072553,6.620123203285421
hysets_05FA022,hysets,Canada,53.04028,-113.365,1031.8006096919178,6.625598904859685,9.66735112936345
camelsdk_210535,camelsdk,Denmark,56.34015,9.91742,41.53467531883645,6.631074606433949,6.628336755646817
hysets_08394100,hysets,United States of America,33.16899575,-104.3071855,38677.86680411012,6.633812457221081,6.778918548939083
hysets_06291200,hysets,United States of America,45.0057967,-107.7748223,46.23279564261839,6.633812457221081,6.995208761122519
hysets_01461300,hysets,United States of America,40.41138889,-74.9866667,69.41431348505068,6.636550308008213,6.633812457221081
hysets_01350200,hysets,United States of America,42.4686111,-74.4591667,119.59906671496522,6.6447638603696095,6.740588637919234
hysets_13292380,hysets,United States of America,43.91,-114.7563889,47.62193741557811,6.647501711156742,12.41615331964408
hysets_02234635,hysets,United States of America,28.71360726,-81.4453482,155.65156519344845,6.658453114305271,6.655715263518139
hysets_06630300,hysets,United States of America,41.93523786,-106.8008698,285.4994780002259,6.661190965092403,6.658453114305271
hysets_12039520,hysets,United States of America,47.45452597,-124.3174099,198.96437581900747,6.669404517453799,6.666666666666667
hysets_022349993,hysets,United States of America,28.79277096,-81.4134022,441.2750213317057,6.680355920602327,6.677618069815195
hysets_09222400,hysets,United States of America,41.5380078,-110.2293209,2509.9349660077933,6.694045174537988,43.501711156741955
hysets_06710245,hysets,United States of America,39.6310987,-105.0144274,8020.560865726314,6.704996577686516,6.8172484599589325
hysets_05NF015,hysets,Canada,49.3,-100.9639,425.7784601210906,6.707734428473648,9.66735112936345
hysets_10167800,hysets,United States of America,40.61439238,-111.8429892,92.40162006649716,6.71047227926078,13.998631074606434
hysets_05FA025,hysets,Canada,53.04147,-112.8299,458.5449680134999,6.713210130047912,12.673511293634498
hysets_05406460,hysets,United States of America,43.11054978,-89.6456776,34.54251318836003,6.715947980835044,20.993839835728952
hysets_09407000,hysets,United States of America,37.26664895,-113.2793929,508.3763223457996,6.737850787132102,6.740588637919234
hysets_06288700,hysets,United States of America,44.8875,-107.6158333,139.34829198848868,6.740588637919234,12.739219712525667
hysets_01089000,hysets,United States of America,43.2386922,-71.4620146,200.1336170118225,6.743326488706366,6.740588637919234
hysets_11413100,hysets,United States of America,39.52461288,-121.0916235,906.4423228143132,6.743326488706366,6.740588637919234
hysets_07280340,hysets,United States of America,33.97844676,-89.9792558,139.38576624916365,6.743326488706366,6.740588637919234
hysets_03280600,hysets,United States of America,37.13703629,-83.3712929,524.4646972662313,6.743326488706366,10.740588637919233
hysets_02091700,hysets,United States of America,35.54460599,-77.5110797,248.01770045035937,6.743326488706366,6.740588637919234
hysets_11217000,hysets,United States of America,37.04716886,-119.1487295,129.93684480792828,6.743326488706366,6.740588637919234
hysets_11316000,hysets,United States of America,38.49352287,-120.2893623,122.66097709889397,6.743326488706366,6.740588637919234
hysets_11170000,hysets,United States of America,37.1682777,-121.6496677,506.6324370861175,6.743326488706366,6.740588637919234
hysets_02085220,hysets,United States of America,36.1390316,-78.90639669,207.98232941542025,6.743326488706366,6.740588637919234
hysets_11156000,hysets,United States of America,36.3894063,-120.8960162,278.7722334850891,6.743326488706366,12.7419575633128
hysets_09378700,hysets,United States of America,37.5605543,-109.5787353,528.7971559373578,6.743326488706366,6.740588637919234
hysets_04257000,hysets,United States of America,43.89888889,-75.0519444,441.00881163647705,6.743326488706366,6.740588637919234
hysets_11341400,hysets,United States of America,41.26654165,-122.311677,342.9074370785578,6.743326488706366,6.740588637919234
hysets_07263000,hysets,United States of America,34.91194444,-93.0561111,544.1251420311464,6.743326488706366,6.740588637919234
hysets_14167000,hysets,United States of America,44.0217904,-123.255926,247.68769829748,6.743326488706366,6.740588637919234
hysets_14170500,hysets,United States of America,44.5012319,-123.4401029,38.30799739816343,6.743326488706366,28.7419575633128
hysets_09187000,hysets,United States of America,38.06248946,-109.5742877,298.0776526778633,6.746064339493498,6.743326488706366
hysets_06296500,hysets,United States of America,44.75690706,-107.622868,84.6073653346351,6.746064339493498,6.743326488706366
hysets_13289500,hysets,United States of America,44.7693269,-117.070451,4393.704038365062,6.746064339493498,6.743326488706366
hysets_11421500,hysets,United States of America,39.1443365,-121.5774654,3464.763811549266,6.746064339493498,6.743326488706366
hysets_12451500,hysets,United States of America,48.19569165,-120.5984299,166.6649239472013,6.746064339493498,6.743326488706366
hysets_07025000,hysets,United States of America,36.0609002,-88.8889525,520.2761497286433,6.746064339493498,6.743326488706366
hysets_07028000,hysets,United States of America,35.86201858,-89.3478492,2516.900029338569,6.746064339493498,6.743326488706366
hysets_06923000,hysets,United States of America,37.34726889,-92.9126767,1.8947068626144647,6.746064339493498,6.743326488706366
hysets_03465000,hysets,United States of America,36.17649839,-82.2931898,41.74123952894066,6.746064339493498,6.743326488706366
hysets_12165500,hysets,United States of America,48.27983058,-121.7023526,218.23010411539275,6.746064339493498,6.743326488706366
hysets_14361700,hysets,United States of America,42.02595759,-123.1706051,178.8993113990393,6.746064339493498,6.743326488706366
hysets_14370000,hysets,United States of America,42.3609482,-123.5206206,81.36279044130961,6.746064339493498,6.743326488706366
hysets_08411500,hysets,United States of America,31.8779036,-103.9476983,1287.3167397095367,6.746064339493498,6.743326488706366
hysets_13024500,hysets,United States of America,42.6104848,-110.8924164,66.76272817360537,6.746064339493498,6.743326488706366
hysets_06193000,hysets,United States of America,46.15260556,-110.5868194,234.41290632406128,6.746064339493498,6.743326488706366
hysets_06194000,hysets,United States of America,45.8666194,-110.6702306,149.68020560781733,6.746064339493498,6.743326488706366
hysets_12093000,hysets,United States of America,46.99538016,-122.1967804,63.62679247121166,6.746064339493498,6.743326488706366
hysets_08016600,hysets,United States of America,30.50158793,-93.279327,215.7924642984428,6.746064339493498,6.743326488706366
hysets_06478052,hysets,United States of America,43.6423171,-97.9863526,416.1580379610643,6.746064339493498,6.743326488706366
hysets_02491500,hysets,United States of America,30.84296176,-90.16203,2569.891734246438,6.746064339493498,6.743326488706366
hysets_11449350,hysets,United States of America,38.9757301,-122.6127608,11.092698234805937,6.746064339493498,6.743326488706366
hysets_07366000,hysets,United States of America,32.8876414,-92.6570973,1195.6103203083258,6.746064339493498,6.743326488706366
hysets_11443000,hysets,United States of America,38.7712916,-120.7052088,1295.8224761928284,6.746064339493498,6.743326488706366
hysets_03335700,hysets,United States of America,40.31753699,-87.290567,835.9542996468712,6.746064339493498,6.743326488706366
hysets_06076500,hysets,United States of America,46.63358056,-110.9578722,114.55046624893616,6.746064339493498,6.743326488706366
hysets_02162080,hysets,United States of America,34.0540417,-81.0598146,171.75847265830868,6.746064339493498,6.743326488706366
hysets_11212500,hysets,United States of America,36.80688729,-118.7495459,1057.6077422448536,6.746064339493498,6.743326488706366
hysets_07384000,hysets,United States of America,30.9529651,-91.9153972,793.5522405554001,6.746064339493498,6.743326488706366
hysets_06266000,hysets,United States of America,43.99995437,-108.6867866,367.4706874990589,6.746064339493498,6.743326488706366
hysets_06873500,hysets,United States of America,39.4543049,-98.9483529,4315.121702040981,6.746064339493498,6.743326488706366
hysets_09186000,hysets,United States of America,37.84443774,-109.518734,12.077706079779194,6.746064339493498,6.743326488706366
hysets_03565040,hysets,United States of America,35.43988309,-84.44769639,38.30862484856686,6.746064339493498,6.743326488706366
hysets_03420500,hysets,United States of America,35.66543275,-85.8821124,344.39733899829537,6.746064339493498,6.743326488706366
hysets_06875800,hysets,United States of America,39.53834376,-98.3164447,521.6334691214728,6.746064339493498,6.743326488706366
hysets_12343500,hysets,United States of America,45.9306694,-114.1231028,1043.2182064053186,6.746064339493498,6.743326488706366
GRDC_4103610,grdc,United States of America,64.1562,-145.8521,34019.4411406069,6.746064339493498,7.745379876796714
hysets_06784500,hysets,United States of America,41.1197222,-98.6127778,299.38914137717063,6.746064339493498,6.743326488706366
hysets_14361600,hysets,United States of America,42.00429156,-123.1511597,145.7624983952873,6.746064339493498,6.743326488706366
hysets_01562500,hysets,United States of America,40.3500762,-78.130285,219.97747098386367,6.746064339493498,6.743326488706366
hysets_03299000,hysets,United States of America,37.4972872,-85.3238512,618.9126918203791,6.74880219028063,11.745379876796715
hysets_05513500,hysets,United States of America,39.1561361,-90.8046167,31.86027952434961,6.74880219028063,6.746064339493498
hysets_14188700,hysets,United States of America,44.65401136,-122.8525893,273.02841036048017,6.751540041067762,6.74880219028063
hysets_06278000,hysets,United States of America,44.5061111,-108.0594444,1125.035790237716,6.751540041067762,8.49555099247091
hysets_02370700,hysets,United States of America,30.6807469,-87.1319134,167.6336329759787,6.751540041067762,6.910335386721424
hysets_05427800,hysets,United States of America,43.1811043,-89.3245612,62.1357587787387,6.754277891854894,16.427104722792606
hysets_04245840,hysets,United States of America,43.2597222,-76.00277778,110.49022290435173,6.754277891854894,52.7501711156742
GRDC_1320100,grdc,Liberia,7.3271,-11.1438,5721.01688436918,6.765229295003422,6.76249144421629
hysets_06289870,hysets,United States of America,44.99357889,-107.3556419,71.53711159734762,6.765229295003422,7.994524298425736
hysets_09132940,hysets,United States of America,38.98248738,-107.5317227,125.46678710979322,6.776180698151951,12.175222450376454
hysets_05274700,hysets,United States of America,45.5416335,-93.8141406,207.45618216500537,6.776180698151951,16.93908281998631
hysets_02PK009,hysets,Canada,46.54056,-72.09344,368.6124537633031,6.778918548939083,6.776180698151951
GRDC_6226490,grdc,Spain,42.7687,-0.3354,45.217973209191705,6.789869952087611,6.787132101300479
lamahice_50,lamahice,Iceland,64.26048824382531,-19.127156864861835,160.40383672120765,6.798083504449007,8.383299110198495
GRDC_4208820,grdc,Canada,58.2896,-115.3729,36334.795403410295,6.803559206023272,7.370294318959616
camelscl_6025001,camelscl,Chile,-34.8195833333333,-70.5681944444444,970.6679616854516,6.809034907597536,12.093086926762492
hysets_06AB003,hysets,Canada,54.53889,-111.2278,402.06347676918176,6.8145106091718,9.670088980150581
hysets_09406150,hysets,United States of America,37.20470494,-113.2849483,244.13927825591827,6.822724161533197,6.8199863107460645
hysets_02468500,hysets,United States of America,32.3293083,-87.7908442,667.4328804930881,6.825462012320329,7.745379876796714
hysets_08158819,hysets,United States of America,30.14416667,-97.8611111,61.702321812926016,6.825462012320329,6.995208761122519
hysets_05AD934,hysets,Canada,49.7287,-113.1247,3572.929565809517,6.828199863107461,10.669404517453799
hysets_06040300,hysets,United States of America,45.35626667,-111.5816222,132.70023972834997,6.830937713894593,11.742642026009582
hysets_07353800,hysets,United States of America,31.75016406,-93.1112758,104.29210962091956,6.830937713894593,6.828199863107461
hysets_09092970,hysets,United States of America,39.56747727,-108.0211857,52.79044830073172,6.830937713894593,6.937713894592744
hysets_12162500,hysets,United States of America,48.1678785,-122.0693046,510.6961806687775,6.833675564681725,6.830937713894593
hysets_03277400,hysets,United States of America,37.1134275,-83.0923896,99.93554396349953,6.839151266255989,7.219712525667351
hysets_05367426,hysets,United States of America,45.3888475,-91.7654488,1181.8261134212116,6.841889117043121,7.5044490075290895
hysets_07029270,hysets,United States of America,34.94175668,-88.7875557,731.9943275226822,6.852840520191649,37.9958932238193
hysets_12039220,hysets,United States of America,47.2420287,-124.192124,86.6177870834382,6.861054072553046,6.8583162217659135
hysets_06912000,hysets,United States of America,38.7536169,-95.8288756,68.09889682331416,6.863791923340178,6.861054072553046
hysets_09092980,hysets,United States of America,39.59025475,-108.0411867,10.381020426727035,6.880219028062971,6.877481177275839
hysets_07030295,hysets,United States of America,35.23757398,-89.95151589,3.169001665280342,6.885694729637235,6.882956878850103
hysets_01483153,hysets,United States of America,39.43344444,-75.68327778,24.096914791985984,6.885694729637235,11.994524298425736
hysets_01464984,hysets,United States of America,40.2406635,-75.0537809,104.15919148825034,6.891170431211499,6.888432580424367
hysets_03401428,hysets,United States of America,36.60174827,-83.7515833,34.88021337109617,6.9021218343600275,8.914442162902121
camelscl_8393002,camelscl,Chile,-36.983041125272,-72.9426341104388,111.1372970979236,6.913073237508556,11.044490075290897
hysets_12152500,hysets,United States of America,48.0539891,-121.958185,141.20017457462845,6.915811088295688,6.913073237508556
hysets_01616425,hysets,United States of America,39.35463889,-77.9336111,25.20780539710276,6.915811088295688,15.75085557837098
hysets_11174600,hysets,United States of America,37.69444444,-121.9194444,106.42114879715363,6.915811088295688,37.9958932238193
hysets_12137260,hysets,United States of America,47.98566018,-121.6012273,40.20139235564273,6.93223819301848,6.959616700889802
GRDC_4203310,grdc,Canada,62.4521,-140.8938,724.901407633241,6.934976043805612,7.997262149212868
hysets_04213450,hysets,United States of America,42.4725,-78.6661111,78.15834678911284,6.937713894592744,6.995208761122519
hysets_07232010,hysets,United States of America,35.04065278,-95.5727616,30.237271959662746,6.940451745379876,6.937713894592744
hysets_03588400,hysets,United States of America,35.13463096,-87.5291077,109.0520966557666,6.954140999315538,6.951403148528406
hysets_12137200,hysets,United States of America,47.970383,-121.5545583,29.12190065013796,6.962354551676934,6.959616700889802
hysets_10OB001,hysets,Canada,69.17603,-123.2524,13933.521959193413,6.97056810403833,19.430527036276523
hysets_09304115,hysets,United States of America,39.94997674,-107.6947878,1372.9381677085876,6.978781656399726,6.976043805612594
hysets_09415230,hysets,United States of America,36.67441886,-114.2991406,14805.089560877452,6.992470910335387,7.994524298425736
hysets_02481500,hysets,United States of America,30.59463598,-89.34033,660.7868716943849,6.992470910335387,6.992470910335387
hysets_11108095,hysets,United States of America,34.56054568,-118.6150874,5.311859679939938,6.992470910335387,16.993839835728952
hysets_11108075,hysets,United States of America,34.60637689,-118.6650888,95.6435148370975,6.992470910335387,16.993839835728952
hysets_11108080,hysets,United States of America,34.60248818,-118.6628665,70.28947625815584,6.992470910335387,16.993839835728952
hysets_07220600,hysets,United States of America,35.7680974,-105.0416704,582.3198669116571,6.995208761122519,6.992470910335387
hysets_10251215,hysets,United States of America,36.9435565,-116.7200598,248.2299673346789,6.995208761122519,6.992470910335387
hysets_09058600,hysets,United States of America,39.7041111,-106.45725,8.530566097863781,6.995208761122519,6.992470910335387
hysets_01574800,hysets,United States of America,39.81593526,-76.6327463,13.410660592093002,6.995208761122519,6.992470910335387
hysets_11294300,hysets,United States of America,38.4013022,-120.1124112,290.9597033937448,6.995208761122519,6.992470910335387
hysets_07215600,hysets,United States of America,35.88753957,-105.2297326,160.2053921157779,6.995208761122519,6.992470910335387
hysets_11292615,hysets,United States of America,38.33046907,-119.9610166,588.5837769606643,6.995208761122519,6.997946611909651
hysets_11195600,hysets,United States of America,34.9091399,-118.8162066,71.63106914296611,6.995208761122519,6.992470910335387
hysets_12371,hysets,Mexico,20.8729180210839,-102.536194207784,410.97265725430367,6.995208761122519,6.995208761122519
hysets_07218700,hysets,United States of America,35.825036,-105.39918,138.03058427594684,6.995208761122519,6.992470910335387
hysets_13237600,hysets,United States of America,44.3461111,-115.7888889,1.030105520055407,6.995208761122519,6.992470910335387
camelsch_6001,camelsch,I,45.97,7.95,39.36166764224137,6.995208761122519,6.997946611909651
hysets_11401100,hysets,United States of America,40.0965542,-121.132739,210.3297636402032,6.995208761122519,11.994524298425736
hysets_06906700,hysets,United States of America,38.65973927,-93.252984,390.3479339876097,6.995208761122519,6.992470910335387
hysets_14020700,hysets,United States of America,45.68235328,-118.5219137,993.5428654119628,6.995208761122519,6.992470910335387
hysets_09092850,hysets,United States of America,39.62081,-108.0300754,57.80305425465024,6.995208761122519,6.992470910335387
hysets_10261800,hysets,United States of America,34.74998627,-117.3156029,1.787612952192605,6.995208761122519,6.992470910335387
hysets_03523000,hysets,United States of America,36.9081651,-82.0387399,133.8437105915016,6.995208761122519,6.992470910335387
hysets_12103380,hysets,United States of America,47.181779,-121.3887037,42.36049904792079,6.995208761122519,6.992470910335387
hysets_09358900,hysets,United States of America,37.8511067,-107.7258952,28.73359024320165,6.995208761122519,6.992470910335387
hysets_07218100,hysets,United States of America,35.83476305,-105.040004,1430.491504499322,6.995208761122519,6.992470910335387
hysets_09341200,hysets,United States of America,37.44639609,-106.8839307,36.79454472410827,6.995208761122519,6.992470910335387
hysets_09477570,hysets,United States of America,33.01950464,-111.5287362,48431.316081034936,6.997946611909651,6.995208761122519
hysets_02401460,hysets,United States of America,33.90232049,-86.2474779,38.0014179467738,6.997946611909651,6.995208761122519
hysets_14204000,hysets,United States of America,45.6415004,-123.2665023,87.10009777131994,6.997946611909651,6.995208761122519
hysets_11185600,hysets,United States of America,35.94383727,-118.4759195,10.350723529281034,6.997946611909651,6.995208761122519
hysets_11205000,hysets,United States of America,36.03995149,-118.9381535,1024.1710960702333,6.997946611909651,6.995208761122519
hysets_09471800,hysets,United States of America,32.126467,-110.290073,6331.554001669382,6.997946611909651,6.995208761122519
hysets_11523050,hysets,United States of America,41.24012608,-123.6581165,191.843899480328,6.997946611909651,6.995208761122519
hysets_03496200,hysets,United States of America,36.00980465,-83.921296,44.52498676848238,6.997946611909651,6.995208761122519
hysets_02398195,hysets,United States of America,34.44675357,-85.4999608,23.247297931816576,6.997946611909651,6.995208761122519
hysets_09306430,hysets,United States of America,39.9521902,-109.1592813,737.2356392872507,6.997946611909651,6.995208761122519
hysets_01372065,hysets,United States of America,41.63166667,-73.9272222,27.63056751033136,6.997946611909651,6.995208761122519
hysets_09020500,hysets,United States of America,40.15554114,-105.9805729,330.77682197185203,6.997946611909651,6.995208761122519
hysets_03115971,hysets,United States of America,41.12449956,-81.6229004,5.494098307815009,6.997946611909651,6.995208761122519
hysets_09086970,hysets,United States of America,39.6680364,-107.5250561,61.59380194159826,6.997946611909651,6.995208761122519
hysets_05593525,hysets,United States of America,38.5189382,-89.3523028,893.879168590442,6.997946611909651,6.995208761122519
hysets_09067300,hysets,United States of America,39.7560978,-106.6705906,69.91641670974107,6.997946611909651,6.995208761122519
hysets_09086000,hysets,United States of America,39.66636949,-107.6270045,24.33070851733269,6.997946611909651,6.995208761122519
hysets_09089000,hysets,United States of America,39.2755366,-107.5200546,90.53851743075346,6.997946611909651,6.995208761122519
hysets_09086470,hysets,United States of America,39.6780363,-107.5731137,233.2778347876508,6.997946611909651,6.995208761122519
hysets_11161570,hysets,United States of America,36.99856108,-122.1213554,9.880755126486164,6.997946611909651,6.995208761122519
hysets_12059800,hysets,United States of America,47.44564528,-123.4162767,67.13434916139607,6.997946611909651,6.995208761122519
hysets_06846300,hysets,United States of America,39.90140089,-100.7776439,4019.78777137996,6.997946611909651,6.995208761122519
hysets_03425500,hysets,United States of America,36.1803329,-86.2413796,91.11524265344866,6.997946611909651,6.995208761122519
hysets_05528230,hysets,United States of America,42.20944444,-87.955,93.06336261949976,6.997946611909651,6.995208761122519
hysets_05098820,hysets,United States of America,48.97695049,-98.934848,184.1358874680878,6.997946611909651,6.995208761122519
hysets_12142300,hysets,United States of America,47.57232645,-121.6878856,18.88935692333279,6.997946611909651,6.995208761122519
hysets_11386500,hysets,United States of America,39.67710115,-122.531939,403.5196734718656,6.997946611909651,6.995208761122519
hysets_09067700,hysets,United States of America,39.50415167,-106.6780905,24.951050736035832,6.997946611909651,6.995208761122519
hysets_09060800,hysets,United States of America,39.85609808,-106.7958729,36.91035598844372,6.997946611909651,6.995208761122519
hysets_04206215,hysets,United States of America,41.16922157,-81.6487351,9.235325618304868,6.997946611909651,6.995208761122519
hysets_05AA035,hysets,Canada,49.72769,-114.0865,1827.1931126869329,6.997946611909651,6.995208761122519
hysets_03435770,hysets,United States of America,36.5131006,-86.8622203,170.18837915138494,6.997946611909651,6.995208761122519
hysets_06301000,hysets,United States of America,44.5221898,-107.2061802,25.43913221245928,6.997946611909651,6.995208761122519
hysets_03467000,hysets,United States of America,36.2014865,-83.0476601,566.9806192935564,6.997946611909651,6.995208761122519
hysets_03267700,hysets,United States of America,39.99005987,-83.8174294,44.60660653520817,6.997946611909651,6.995208761122519
hysets_02428300,hysets,United States of America,31.79959764,-87.304711,34.27146021210178,6.997946611909651,6.995208761122519
hysets_06154500,hysets,United States of America,48.34238889,-108.3598194,1775.3348874725016,6.997946611909651,6.995208761122519
hysets_04206208,hysets,United States of America,41.1581105,-81.642068,30.71516988089929,6.997946611909651,6.995208761122519
hysets_04206210,hysets,United States of America,41.18894375,-81.6531797,7.747445054155446,6.997946611909651,6.995208761122519
hysets_03491300,hysets,United States of America,36.40171114,-82.8849837,118.88028527038244,6.997946611909651,6.995208761122519
hysets_10GB005,hysets,Canada,62.64972,-122.9064,260.2088445356586,6.997946611909651,6.995208761122519
hysets_11460500,hysets,United States of America,38.0721441,-122.7594338,94.15766210295476,6.997946611909651,6.995208761122519
hysets_11401150,hysets,United States of America,40.0482286,-120.661336,311.83334830910746,6.997946611909651,6.995208761122519
hysets_13336100,hysets,United States of America,46.0307458,-115.29068,621.6692104121265,6.997946611909651,6.995208761122519
hysets_09239400,hysets,United States of America,40.49331029,-106.8053265,16.60875808989073,6.997946611909651,6.995208761122519
hysets_06877500,hysets,United States of America,38.8058573,-97.1819647,365.9635104131417,6.997946611909651,6.995208761122519
hysets_03432500,hysets,United States of America,35.8989286,-86.9670557,172.69590000782628,6.997946611909651,6.995208761122519
hysets_03426000,hysets,United States of America,36.3703461,-86.6161927,49.63767695843423,6.997946611909651,6.995208761122519
hysets_09034800,hysets,United States of America,39.96304145,-106.0689085,17.012089486521266,6.997946611909651,6.995208761122519
hysets_03427000,hysets,United States of America,35.92764728,-86.2902387,96.64854885717828,6.997946611909651,6.995208761122519
hysets_10320100,hysets,United States of America,40.6582566,-115.8545124,383.2888389448768,6.997946611909651,6.995208761122519
hysets_04206211,hysets,United States of America,41.17894389,-81.6356787,2.129712684128682,6.997946611909651,6.995208761122519
hysets_11109200,hysets,United States of America,34.76553609,-119.12094,14.3099098540492,6.997946611909651,6.995208761122519
hysets_03182950,hysets,United States of America,37.7817882,-80.3872949,218.16701903017093,6.997946611909651,6.995208761122519
hysets_11109100,hysets,United States of America,34.63915266,-119.0962168,58.2353222203288,6.997946611909651,6.995208761122519
hysets_14122900,hysets,United States of America,45.86234238,-121.5053546,695.8422956232708,6.997946611909651,6.995208761122519
hysets_12196400,hysets,United States of America,48.4859425,-122.0337597,84.82477008527012,6.997946611909651,6.995208761122519
hysets_03297000,hysets,United States of America,38.0622855,-85.4291202,13.428926238771547,6.997946611909651,6.995208761122519
hysets_02342200,hysets,United States of America,32.563748,-85.2766093,17.917874964235143,6.997946611909651,6.995208761122519
hysets_11213000,hysets,United States of America,36.84716695,-118.8981626,2160.579050807569,6.997946611909651,6.995208761122519
hysets_11531000,hysets,United States of America,41.8473352,-123.967575,338.0623051732942,6.997946611909651,6.995208761122519
hysets_09512406,hysets,United States of America,33.40143305,-112.168762,34253.45262273251,6.997946611909651,6.995208761122519
hysets_09306870,hysets,United States of America,39.93357656,-109.496796,157.74654352525843,6.997946611909651,6.995208761122519
hysets_11147700,hysets,United States of America,35.7527434,-120.2648693,23.67006797460404,6.997946611909651,6.995208761122519
hysets_14246000,hysets,United States of America,46.2026102,-123.1553978,52.20381847964261,7.000684462696783,6.997946611909651
hysets_10111700,hysets,United States of America,41.5943815,-111.5674327,201.6148944795144,7.000684462696783,6.997946611909651
hysets_10133540,hysets,United States of America,40.7252264,-111.5143659,30.972460301466924,7.000684462696783,6.997946611909651
hysets_05549850,hysets,United States of America,42.2111111,-88.1736111,95.86579032355372,7.000684462696783,6.997946611909651
hysets_09096000,hysets,United States of America,39.22359086,-107.802007,58.86103584332548,7.000684462696783,6.997946611909651
GRDC_4208283,grdc,Canada,60.465,-123.357,96.503716381492,7.000684462696783,6.997946611909651
hysets_03462000,hysets,United States of America,35.89984656,-82.0303924,270.30261920475084,7.000684462696783,6.997946611909651
hysets_09259700,hysets,United States of America,41.0030203,-107.9203562,7792.6814877587585,7.000684462696783,6.997946611909651
GRDC_6227300,grdc,Spain,37.0812,-2.6354,598.666414023108,7.000684462696783,6.997946611909651
hysets_14159100,hysets,United States of America,44.1623456,-122.1525566,383.34733980004097,7.000684462696783,6.997946611909651
hysets_06335750,hysets,United States of America,46.57638889,-103.5580556,721.1191104950074,7.000684462696783,37.9958932238193
GRDC_6213760,grdc,Spain,41.0688,-3.3563,136.983748676602,7.000684462696783,6.997946611909651
hysets_10133895,hysets,United States of America,40.78911387,-111.5974262,177.37717430122876,7.000684462696783,6.997946611909651
GRDC_6211150,grdc,Spain,42.3604,-7.8521,12780.6195108177,7.000684462696783,6.997946611909651
GRDC_3651865,grdc,Brazil,-8.2479,-38.0146,474.262483480054,7.000684462696783,6.997946611909651
hysets_09488650,hysets,United States of America,32.8417162,-112.2518112,388.5407996285833,7.000684462696783,6.997946611909651
hysets_03302849,hysets,United States of America,38.37561629,-86.344703,17.968238550264243,7.000684462696783,6.997946611909651
hysets_06402995,hysets,United States of America,43.76943006,-103.5365825,177.93118756768797,7.000684462696783,6.997946611909651
GRDC_6227100,grdc,Spain,37.0396,-4.7021,750.7601577238561,7.000684462696783,6.997946611909651
hysets_02374000,hysets,United States of America,31.16378587,-86.7999624,6431.794413471819,7.000684462696783,6.997946611909651
hysets_05432695,hysets,United States of America,42.94055556,-89.9211111,49.04876653927929,7.003422313483915,7.000684462696783
hysets_09307900,hysets,United States of America,39.876354,-109.7040262,745.4977748682346,7.003422313483915,7.000684462696783
GRDC_3635610,grdc,Brazil,-8.3729,-59.7729,40382.5043951669,7.006160164271047,7.745379876796714
hysets_03580995,hysets,United States of America,35.28231879,-86.3715032,59.83972838943202,7.006160164271047,7.003422313483915
hysets_09376900,hysets,United States of America,37.91943726,-109.4348421,12.574507368980768,7.008898015058179,7.006160164271047
hysets_09240800,hysets,United States of America,40.74525078,-106.8072682,88.30975389216823,7.011635865845311,7.008898015058179
hysets_07FD008,hysets,Canada,56.06806,-118.6597,1219.7303020752563,7.011635865845311,10.225872689938399
hysets_11372060,hysets,United States of America,40.6379282,-122.3683415,30.00570063151309,7.014373716632443,7.011635865845311
hysets_05397110,hysets,United States of America,45.12580039,-89.2342813,506.3224092156266,7.014373716632443,7.011635865845311
hysets_02197550,hysets,United States of America,33.34014155,-82.4579047,62.87085088889177,7.017111567419575,7.014373716632443
hysets_09092960,hysets,United States of America,39.55497766,-107.9828507,36.83335502545728,7.017111567419575,7.014373716632443
hysets_04080798,hysets,United States of America,44.5244444,-89.3377778,108.27865667985932,7.030800821355236,25.727583846680357
hysets_01410810,hysets,United States of America,39.69638889,-74.94,20.713186990674696,7.030800821355236,7.028062970568104
hysets_04085108,hysets,United States of America,44.37194444,-88.0922222,118.95144167293164,7.030800821355236,7.028062970568104
hysets_11161590,hysets,United States of America,37.02550486,-122.1310776,8.964034791987395,7.036276522929501,7.0335386721423685
hysets_09415190,hysets,United States of America,36.728863,-114.2274714,14711.049376245524,7.039014373716633,25.0403832991102
hysets_06307990,hysets,United States of America,46.18750218,-105.779996,11638.889307828353,7.041752224503765,7.039014373716633
hysets_04096272,hysets,United States of America,41.9542134,-84.6388443,117.81971757140406,7.055441478439425,7.112936344969199
hysets_03407876,hysets,United States of America,36.23960664,-84.4129769,49.60502025396804,7.0746064339493495,7.0718685831622174
GRDC_4208831,grdc,Canada,55.9396,-117.0438,16.603531171045198,7.0746064339493495,11.668720054757015
hysets_07148450,hysets,United States of America,36.8216959,-98.3600733,2789.1381462575523,7.0746064339493495,18.075290896646134
hysets_09307800,hysets,United States of America,39.52579804,-109.7345813,232.5816095329641,7.0746064339493495,7.0718685831622174
hysets_10146500,hysets,United States of America,39.8846759,-111.8854925,771.9406240982727,7.080082135523614,7.077344284736482
hysets_09404040,hysets,United States of America,35.31500959,-112.1790574,120.09405914814798,7.080082135523614,7.077344284736482
hysets_11453580,hysets,United States of America,38.71157045,-122.2930327,17.964656815590367,7.080082135523614,7.077344284736482
hysets_09513835,hysets,United States of America,33.63837197,-112.2401568,474.6463059977922,7.080082135523614,12.744695414099931
hysets_07178520,hysets,United States of America,36.27870806,-95.6113677,194.8429587554987,7.08829568788501,7.085557837097878
hysets_03524500,hysets,United States of America,36.92926938,-82.4562619,225.4495707310685,7.08829568788501,37.9958932238193
hysets_09512860,hysets,United States of America,33.96725579,-112.2934977,154.73825404640598,7.096509240246407,8.0
hysets_02327500,hysets,United States of America,30.87574687,-84.0454502,1449.660695617214,7.104722792607803,7.315537303216975
hysets_11516600,hysets,United States of America,41.91819465,-122.5636365,234.0981847994705,7.107460643394935,7.104722792607803
hysets_02XD001,hysets,Canada,51.50917,-57.25194,204.0267462170287,7.107460643394935,7.104722792607803
lamah_214296,lamah,Austria,48.8751674250361,15.08562910329366,57.17179326556099,7.123887748117728,7.121149897330596
hysets_09278700,hysets,United States of America,40.53244575,-110.6234957,353.8869548535389,7.151266255989048,7.148528405201916
hysets_05NB039,hysets,Canada,49.17408,-103.3013,94.0769274122906,7.15400410677618,24.61054072553046
hysets_13338800,hysets,United States of America,46.1632215,-116.2409764,370.7327465437514,7.156741957563312,7.15400410677618
hysets_05504900,hysets,United States of America,39.3310861,-91.8026972,762.1458070250042,7.162217659137577,7.1594798083504445
hysets_02096000,hysets,United States of America,36.1834691,-79.4164107,119.71333196979757,7.162217659137577,7.1594798083504445
hysets_09503720,hysets,United States of America,35.16029206,-112.210447,38.68867117685969,7.1649555099247095,7.162217659137577
hysets_09503800,hysets,United States of America,35.1505681,-111.8990515,350.41202730665213,7.1649555099247095,7.162217659137577
hysets_02090512,hysets,United States of America,35.71099125,-77.9166507,21.51210441395833,7.1649555099247095,7.162217659137577
hysets_03583300,hysets,United States of America,35.319366,-86.8721331,123.64365943987076,7.1649555099247095,7.162217659137577
hysets_09277000,hysets,United States of America,40.41522494,-110.7826621,611.1986306504243,7.1649555099247095,7.162217659137577
hysets_11523030,hysets,United States of America,41.2401274,-123.544225,144.47510960117555,7.1649555099247095,7.162217659137577
hysets_13176900,hysets,United States of America,41.50823919,-116.0731444,50.85697526095437,7.1649555099247095,7.162217659137577
hysets_11471800,hysets,United States of America,39.4193285,-123.2288971,112.66908872654903,7.1649555099247095,7.162217659137577
hysets_07174500,hysets,United States of America,36.7450891,-95.960262,3767.636129362621,7.167693360711842,42.76249144421629
GRDC_3649965,grdc,Brazil,-5.7812,-49.8021,8893.650096070642,7.167693360711842,10.401095140314853
hysets_10UH010,hysets,Canada,63.21136,-68.41111,194.9363129525716,7.170431211498974,7.449691991786447
hysets_07019790,hysets,United States of America,38.1290111,-90.4092028,160.27875763010928,7.175906913073238,7.173169062286106
hysets_01576540,hysets,United States of America,40.0100985,-76.2771806,140.28516904158246,7.184120465434634,7.682409308692677
hysets_04208690,hysets,United States of America,41.5744942,-81.5473444,62.17303640426163,7.186858316221766,25.796030116358658
hysets_03544500,hysets,United States of America,35.50479189,-85.0221761,129.8600997138252,7.189596167008898,30.937713894592743
hysets_05FA011,hysets,Canada,52.94859,-112.9647,4978.944592932866,7.19233401779603,8.83504449007529
GRDC_4208583,grdc,Canada,55.7646,-120.2604,113.438040840095,7.197809719370294,14.442162902121835
hysets_09372400,hysets,United States of America,37.87666,-109.4459538,6.974057333646814,7.2060232717316905,7.2060232717316905
hysets_09376800,hysets,United States of America,37.88888196,-109.46651,6.292335146726824,7.2060232717316905,7.2032854209445585
hysets_05503500,hysets,United States of America,39.66832778,-91.9033333,1567.13872831224,7.219712525667351,7.216974674880219
hysets_10UH004,hysets,Canada,63.59901,-68.89456,2313.287279550924,7.222450376454483,8.208076659822039
hysets_11465660,hysets,United States of America,38.34324776,-122.7019317,15.122826627107957,7.225188227241615,12.24914442162902
hysets_05457505,hysets,United States of America,43.2834722,-92.8525,2168.782745227118,7.241615331964408,7.460643394934976
hysets_02226700,hysets,United States of America,31.73352094,-82.690418,62.65761044699212,7.2470910335386725,7.24435318275154
hysets_02226900,hysets,United States of America,31.6829704,-82.5706921,260.9779598197391,7.2470910335386725,7.24435318275154
lamah_11438015,lamah,Germany,47.56483332660677,10.230648654347046,64.09785659762785,7.2470910335386725,8.167008898015059
hysets_14236500,hysets,United States of America,46.5762175,-122.5220577,401.5915637736128,7.2470910335386725,7.24435318275154
GRDC_4208305,grdc,Canada,58.4854,-122.8312,7210.769935429251,7.2470910335386725,7.24435318275154
hysets_11167000,hysets,United States of America,37.23549956,-121.8699535,98.50907180195316,7.2470910335386725,7.24435318275154
hysets_03610000,hysets,United States of America,36.5928333,-88.3000386,232.0861463920992,7.2498288843258045,7.2498288843258045
hysets_04057900,hysets,United States of America,46.4188274,-87.8893015,90.3582911899944,7.2498288843258045,7.2470910335386725
hysets_05460400,hysets,United States of America,43.00538889,-92.9255833,3238.6253340820667,7.2498288843258045,7.4633812457221085
hysets_01509150,hysets,United States of America,42.5011111,-76.1269444,26.85509813085468,7.2498288843258045,7.2470910335386725
hysets_05478265,hysets,United States of America,43.08227778,-94.2308611,2230.6137486740145,7.252566735112937,7.2498288843258045
hysets_03017500,hysets,United States of America,41.60200599,-79.0500392,599.9012901877134,7.252566735112937,7.2498288843258045
hysets_03548330,hysets,United States of America,35.04,-83.9591667,215.50306659575924,7.252566735112937,7.2498288843258045
hysets_13296000,hysets,United States of America,44.27888889,-114.7338889,484.1500227783452,7.252566735112937,7.2498288843258045
hysets_03291000,hysets,United States of America,38.38951686,-84.5432759,111.08433012295944,7.252566735112937,7.2498288843258045
hysets_11056000,hysets,United States of America,34.0819572,-117.2558749,848.0862218625122,7.252566735112937,7.2498288843258045
hysets_10224300,hysets,United States of America,39.35301255,-112.286052,46.11745275780735,7.258042436687201,7.255304585900069
hysets_03202490,hysets,United States of America,37.56705618,-81.652054,106.27739376062048,7.260780287474333,7.258042436687201
hysets_11453550,hysets,United States of America,38.77156869,-122.408312,96.83761520641868,7.263518138261465,7.260780287474333
hysets_05FD005,hysets,Canada,52.48806,-110.7375,1449.2945278039192,7.266255989048597,10.376454483230663
hysets_02HB030,hysets,Canada,43.59233,-79.62389,19.6448487975354,7.271731690622861,7.268993839835729
hysets_06109780,hysets,United States of America,46.84888056,-110.2721556,441.6492437776303,7.277207392197125,7.274469541409993
camelscl_5423005,camelscl,Chile,-32.8439,-71.1164,5652.877112794048,7.2881587953456535,28.334017796030118
hysets_11526500,hysets,United States of America,40.7818089,-123.1283653,390.9143954600659,7.2881587953456535,14.080766598220396
hysets_06604440,hysets,United States of America,43.21277778,-95.2391667,1380.8385245345437,7.293634496919918,7.545516769336071
hysets_11093490,hysets,United States of America,34.31750019,-118.1342384,14.85400905069652,7.293634496919918,7.2908966461327855
hysets_05AA006,hysets,Canada,49.65667,-114.1256,122.92290360239171,7.29637234770705,12.536618754277892
hysets_02115850,hysets,United States of America,36.06847067,-80.2625501,132.82454054719932,7.301848049281314,7.299110198494182
hysets_06122800,hysets,United States of America,46.35030278,-109.5558139,3805.476821805769,7.307323750855578,11.58384668035592
hysets_03321350,hysets,United States of America,37.6189392,-86.88749179,151.0198609557595,7.307323750855578,7.307323750855578
hysets_10UH011,hysets,Canada,63.77478,-68.98039,503.9232383696123,7.315537303216975,7.34839151266256
hysets_08117900,hysets,United States of America,28.80748426,-95.9507938,22.50443844129337,7.318275154004107,7.315537303216975
lamah_214304,lamah,Austria,48.37322591974304,15.612829708824542,162.81194891496494,7.318275154004107,7.315537303216975
hysets_06884500,hysets,United States of America,39.70048729,-96.754525,9130.798261561547,7.329226557152635,7.326488706365503
hysets_12453000,hysets,United States of America,47.6609631,-120.2261882,1079.0412109530591,7.3319644079397674,7.329226557152635
hysets_12078000,hysets,United States of America,47.12481746,-123.1151497,40.58915578181652,7.337440109514032,7.3347022587268995
hysets_09458050,hysets,United States of America,32.6953457,-109.7917458,27.748764154043712,7.340177960301164,7.340177960301164
hysets_02OA055,hysets,Canada,45.14944,-73.70639,169.10926841077364,7.342915811088296,8.63791923340178
hysets_02423586,hysets,United States of America,33.4487185,-86.8136007,70.57491256681377,7.359342915811088,17.8507871321013
hysets_12413300,hysets,United States of America,47.5483333,-116.1752778,519.0897267439091,7.367556468172484,7.364818617385352
hysets_06482848,hysets,United States of America,43.28664838,-96.5964308,327.3501746893323,7.370294318959616,7.367556468172484
hysets_02231289,hysets,United States of America,30.57468167,-81.608708,703.9540621172596,7.3757700205338805,21.305954825462013
hysets_05LL028,hysets,Canada,50.06667,-98.62778,260.93947730394694,7.378507871321013,10.666666666666666
hysets_05LL013,hysets,Canada,50.18167,-99.39861,409.580030397564,7.378507871321013,10.666666666666666
hysets_05DF008,hysets,Canada,53.23379,-114.0508,198.76985565566903,7.378507871321013,10.666666666666666
hysets_06801180,hysets,United States of America,40.59555809,-96.795301,96.5061986468932,7.381245722108145,7.381245722108145
hysets_05379400,hysets,United States of America,44.25444444,-91.5052778,1430.6401487224086,7.381245722108145,16.213552361396303
hysets_04208700,hysets,United States of America,41.58227158,-81.5587337,67.1000823370217,7.383983572895278,7.501711156741957
hysets_10EA002,hysets,Canada,61.97306,-128.2344,135.8900365020494,7.383983572895278,7.381245722108145
GRDC_4208893,grdc,Canada,57.1688,-111.7896,1038.40028960431,7.397672826830938,46.46406570841889
hysets_01158500,hysets,United States of America,42.9653582,-72.2342515,108.32256720163292,7.41409993155373,7.411362080766598
hysets_06839000,hysets,United States of America,40.65666667,-100.6119444,591.7272573636819,7.416837782340862,7.41409993155373
hysets_01467084,hysets,United States of America,40.08177746,-75.1504532,2.821100568458527,7.416837782340862,7.41409993155373
hysets_12116700,hysets,United States of America,47.35399185,-121.7928862,14.49307029972602,7.416837782340862,7.41409993155373
hysets_01630700,hysets,United States of America,38.83511474,-78.2319454,58.53531975603745,7.416837782340862,7.41409993155373
hysets_13106600,hysets,United States of America,42.18916667,-114.9116667,82.9510974648595,7.416837782340862,7.41409993155373
hysets_01476030,hysets,United States of America,39.89511225,-75.3382448,2.852739670776252,7.416837782340862,7.41409993155373
hysets_01361000,hysets,United States of America,42.33055556,-73.74388889,843.1588832008804,7.4195756331279945,7.416837782340862
hysets_02248510,hysets,United States of America,28.53916568,-80.7931097,10.45933364506567,7.427789185489391,7.425051334702259
hysets_10HB003,hysets,Canada,63.17611,-123.6903,1245.702884569792,7.427789185489391,7.58384668035592
hysets_02465205,hysets,United States of America,33.22622959,-87.6975106,9.40720474453445,7.430527036276523,34.997946611909654
hysets_09397300,hysets,United States of America,34.90113674,-110.2554013,31736.958265771693,7.433264887063655,48.83504449007529
hysets_12172000,hysets,United States of America,48.77763,-121.0734549,163.36459555900274,7.436002737850787,56.16427104722793
hysets_03597000,hysets,United States of America,35.5663063,-86.2833902,169.73670322693366,7.449691991786447,14.82819986310746
GRDC_4208832,grdc,Canada,56.4646,-116.8312,47.85888878110121,7.449691991786447,10.666666666666666
hysets_0163626650,hysets,United States of America,38.93416667,-78.1280556,28.976400662262808,7.452429842573579,7.449691991786447
hysets_09306028,hysets,United States of America,39.8124736,-108.1839717,40.69867988354213,7.455167693360712,7.452429842573579
hysets_05OA008,hysets,Canada,49.21139,-99.74333,356.00692946968786,7.455167693360712,10.743326488706366
hysets_13345300,hysets,United States of America,46.90989106,-117.0696138,883.8976027174781,7.457905544147844,7.455167693360712
hysets_06840500,hysets,United States of America,40.6425,-100.445,55.88133714242651,7.4633812457221085,7.496235455167693
hysets_05421760,hysets,United States of America,41.97194444,-90.96,4641.209901609914,7.471594798083505,7.468856947296373
hysets_09505550,hysets,United States of America,34.5505805,-111.851262,11172.7970668759,7.488021902806297,10.039698836413416
hysets_05EC007,hysets,Canada,54.09417,-113.5664,472.64203905382055,7.490759753593429,10.685831622176591
hysets_10253320,hysets,United States of America,34.11778404,-116.3083436,257.7623878510805,7.496235455167693,7.493497604380561
hysets_09251900,hysets,United States of America,41.01524406,-107.022829,74.04493786444228,7.496235455167693,7.493497604380561
hysets_05EC006,hysets,Canada,54.11556,-112.3,969.6385641991652,7.498973305954825,10.694045174537989
hysets_01570100,hysets,United States of America,40.29092156,-76.9935873,1.870736245324852,7.498973305954825,7.496235455167693
hysets_06436500,hysets,United States of America,44.79804204,-103.5415813,171.77829221898028,7.498973305954825,7.496235455167693
hysets_12116800,hysets,United States of America,47.3720472,-121.8067758,9.598244151337674,7.501711156741957,7.498973305954825
hysets_06289100,hysets,United States of America,44.9782986,-107.5864826,8.18952289062786,7.501711156741957,8.15605749486653
hysets_07144000,hysets,United States of America,38.0284057,-97.4279914,156.00611707799166,7.5044490075290895,7.501711156741957
hysets_04112850,hysets,United States of America,42.6403134,-84.4827533,207.6285975387996,7.5044490075290895,27.50171115674196
hysets_01399700,hysets,United States of America,40.63027778,-74.7361111,94.60679147023608,7.507186858316222,7.5044490075290895
hysets_07369700,hysets,United States of America,32.9931799,-91.2626119,1344.5736775066289,7.512662559890486,37.98220396988364
hysets_05473065,hysets,United States of America,41.08794444,-91.7203611,8405.291114884643,7.515400410677618,7.512662559890486
hysets_09256000,hysets,United States of America,41.09777778,-107.3819444,854.1867778732527,7.515400410677618,7.512662559890486
hysets_04073050,hysets,United States of America,43.68581547,-89.0859472,173.4699046690346,7.520876112251882,7.51813826146475
hysets_10317450,hysets,United States of America,41.29772778,-115.95395,16.43992382114007,7.534565366187543,7.531827515400411
hysets_02HL006,hysets,Canada,44.28528,-77.32361,199.5471677864444,7.537303216974675,7.534565366187543
hysets_07227200,hysets,United States of America,36.0708333,-103.2033333,1291.6847841753508,7.542778918548939,7.540041067761807
hysets_07120620,hysets,United States of America,37.5548333,-104.0212222,40.05747166143105,7.5482546201232035,7.545516769336071
hysets_02059485,hysets,United States of America,37.26638889,-79.5877778,322.6826706883013,7.5482546201232035,7.545516769336071
hysets_02061000,hysets,United States of America,37.36403026,-79.41919689,295.510395998207,7.5482546201232035,7.545516769336071
hysets_0209205053,hysets,United States of America,35.2308333,-77.11388889,682.4959402019178,7.567419575633128,7.745379876796714
hysets_09484560,hysets,United States of America,31.98563774,-110.5664674,751.0336191078046,7.581108829568788,7.578370978781656
GRDC_3652020,grdc,Brazil,-9.9021,-39.1312,3234.06457847812,7.581108829568788,11.326488706365502
hysets_05509700,hysets,United States of America,39.3513472,-90.9499472,40.66018483190837,7.58384668035592,7.581108829568788
hysets_06890600,hysets,United States of America,39.19277629,-95.551644,56.94800460095005,7.58384668035592,7.581108829568788
hysets_07159720,hysets,United States of America,35.7767158,-97.5461539,638.3925606062714,7.58384668035592,7.581108829568788
hysets_06714400,hysets,United States of America,39.64900556,-105.7074833,30.864444833263445,7.586584531143052,24.249144421629023
hysets_12091700,hysets,United States of America,47.4109316,-122.4729054,10.618210927433962,7.619438740588638,7.616700889801506
hysets_09367685,hysets,United States of America,36.15385278,-107.9465056,22.32602300897399,7.62217659137577,7.698836413415469
hysets_05OF024,hysets,Canada,49.45744,-97.47686,979.3147603227992,7.62217659137577,16.66803559206023
hysets_09187500,hysets,United States of America,38.1516546,-109.6256753,675.7957840131542,7.62217659137577,33.08145106091718
hysets_01467861,hysets,United States of America,40.6687722,-76.2379444,48.72086891627752,7.6331279945242985,9.78507871321013
hysets_02SC004,hysets,Canada,48.34944,-69.45611,795.5408587513198,7.641341546885695,7.652292950034223
hysets_03432390,hysets,United States of America,35.9434521,-86.8546675,26.68925637290011,7.641341546885695,13.82340862422998
camelscl_10405005,camelscl,Chile,-40.9992,-73.5997,66.93340447362367,7.641341546885695,8.41615331964408
hysets_01571778,hysets,United States of America,40.5875889,-76.4260683,9.277316128703385,7.644079397672827,7.641341546885695
il_17123,il,Israel,32.06946496,34.96075224,363.6974921,7.646817248459959,8.643394934976044
hysets_10HC007,hysets,Canada,63.24419,-123.4811,298.857334799067,7.646817248459959,8.804928131416839
hysets_02329186,hysets,United States of America,30.48519965,-84.3015676,8.824420329894824,7.652292950034223,13.585215605749486
hysets_01569000,hysets,United States of America,40.37980926,-76.9071965,85.89888577798334,7.660506502395619,7.657768651608487
hysets_11518310,hysets,United States of America,41.34430955,-122.830308,2.301464920909749,7.660506502395619,7.657768651608487
hysets_09484590,hysets,United States of America,31.99369299,-110.6450808,130.54179587918907,7.660506502395619,7.657768651608487
hysets_14079800,hysets,United States of America,44.17985247,-120.5836203,6095.991659900035,7.665982203969883,7.663244353182751
hysets_08329872,hysets,United States of America,35.15448926,-106.5400238,15.174678672339212,7.682409308692677,10.099931553730322
hysets_03490000,hysets,United States of America,36.60871119,-82.567931,1739.129453246617,7.687885010266941,37.9958932238193
hysets_13135500,hysets,United States of America,43.78629677,-114.4250547,353.71715580880954,7.698836413415469,7.696098562628337
hysets_11532620,hysets,United States of America,41.742059,-124.1028553,73.80360482263426,7.704312114989733,7.701574264202601
hysets_09486100,hysets,United States of America,32.56507286,-110.8473247,109.33944797347402,7.707049965776865,7.704312114989733
hysets_02307731,hysets,United States of America,27.9419656,-82.7498233,4.34636479606698,7.712525667351129,55.54551676933607
hysets_02042287,hysets,United States of America,37.64181134,-77.4216489,161.336422081089,7.715263518138261,7.712525667351129
hysets_11313482,hysets,United States of America,38.6097222,-119.945,2.521056947467091,7.72621492128679,13.995893223819301
hysets_05OF026,hysets,Canada,49.57597,-97.80017,1342.7446236409814,7.731690622861054,18.666666666666668
GRDC_6232913,grdc,Sweden,67.4437,22.4438,11437.8994423602,7.737166324435318,7.734428473648186
hysets_03385500,hysets,United States of America,37.41532937,-88.650052,2.668345113062629,7.737166324435318,9.160848733744011
hysets_09117000,hysets,United States of America,38.497214,-106.7261469,1105.1422115065973,7.742642026009582,19.742642026009584
hysets_03470000,hysets,United States of America,35.87842286,-83.57766919,911.8415581862964,7.742642026009582,37.9958932238193
hysets_03228000,hysets,United States of America,39.915619,-83.0651857,28.363390303322674,7.745379876796714,7.742642026009582
hysets_01362198,hysets,United States of America,42.11647855,-74.38848279,153.73556179959263,7.745379876796714,7.742642026009582
hysets_06666500,hysets,United States of America,42.02969237,-105.0727538,1314.0572547970592,7.745379876796714,7.742642026009582
hysets_06804500,hysets,United States of America,41.1622222,-96.5275,208.95340987146696,7.745379876796714,7.742642026009582
hysets_01372100,hysets,United States of America,41.8125,-73.7591667,85.21774852924334,7.745379876796714,7.742642026009582
hysets_14013600,hysets,United States of America,46.0818045,-118.1913436,232.06203749928736,7.745379876796714,7.745379876796714
hysets_03447500,hysets,United States of America,35.4356712,-82.48956459,163.17194357804652,7.745379876796714,7.742642026009582
hysets_03337500,hysets,United States of America,40.12003219,-88.194769,174.27482655142717,7.745379876796714,7.742642026009582
hysets_06360000,hysets,United States of America,45.1888693,-101.2184844,11134.236711211275,7.745379876796714,7.742642026009582
hysets_09314000,hysets,United States of America,39.51107739,-110.6812667,2195.419209867493,7.745379876796714,7.742642026009582
hysets_09329500,hysets,United States of America,38.4852555,-111.5768487,474.8926532881975,7.745379876796714,7.742642026009582
hysets_01579000,hysets,United States of America,39.65844277,-76.1024504,13.584910321463068,7.745379876796714,7.742642026009582
hysets_06615000,hysets,United States of America,40.46220485,-106.008629,30.467973851332008,7.745379876796714,7.742642026009582
hysets_06478390,hysets,United States of America,43.37130056,-97.6040191,1041.0436593266356,7.745379876796714,7.742642026009582
hysets_05049000,hysets,United States of America,45.820794,-96.4906218,2105.698370716191,7.745379876796714,7.742642026009582
hysets_02405000,hysets,United States of America,33.52149445,-86.2260868,19861.48587336361,7.745379876796714,7.742642026009582
hysets_02372000,hysets,United States of America,31.72432298,-86.2782944,660.6080250728746,7.745379876796714,7.742642026009582
hysets_02409000,hysets,United States of America,32.98373234,-86.3071966,189.98354664986653,7.745379876796714,7.742642026009582
hysets_03341000,hysets,United States of America,39.67532,-87.10140239,640.9474689315008,7.745379876796714,7.742642026009582
hysets_03338000,hysets,United States of America,40.05559025,-87.958367,872.7276169667771,7.745379876796714,7.742642026009582
hysets_03338500,hysets,United States of America,40.10253626,-87.7161346,2474.885869928005,7.745379876796714,7.742642026009582
hysets_05564500,hysets,United States of America,40.620313,-88.9164605,133.03120350564097,7.745379876796714,7.742642026009582
hysets_11265000,hysets,United States of America,37.7421477,-119.5579409,121.19285925099751,7.745379876796714,7.742642026009582
hysets_05569000,hysets,United States of America,40.8583718,-90.349294,23.451545221449795,7.745379876796714,7.742642026009582
hysets_12455000,hysets,United States of America,47.80817738,-120.7234278,707.1545324745507,7.745379876796714,7.742642026009582
hysets_05565000,hysets,United States of America,40.63777778,-88.95,26.023528708676388,7.745379876796714,7.742642026009582
hysets_13019500,hysets,United States of America,43.2985408,-110.6701957,1447.7591591188698,7.745379876796714,7.742642026009582
hysets_01609500,hysets,United States of America,39.54731426,-78.5552913,12.8294017494899,7.745379876796714,7.742642026009582
hysets_11248000,hysets,United States of America,37.06661565,-119.6481985,241.17129311551665,7.745379876796714,7.742642026009582
hysets_14041500,hysets,United States of America,44.99848708,-118.9413633,1378.9653053506925,7.745379876796714,7.742642026009582
hysets_01573500,hysets,United States of America,40.3973104,-76.709413,36.50193777241039,7.745379876796714,7.742642026009582
hysets_05447000,hysets,United States of America,41.70975525,-89.3245392,555.0762205890071,7.745379876796714,7.742642026009582
hysets_05448500,hysets,United States of America,42.96513184,-93.705937,296.4016460285597,7.745379876796714,7.742642026009582
hysets_01561000,hysets,United States of America,39.9556402,-78.2539009,94.34442663215331,7.745379876796714,7.742642026009582
hysets_01566500,hysets,United States of America,40.56619385,-77.1177601,146.70100490575143,7.745379876796714,7.742642026009582
hysets_01559500,hysets,United States of America,40.5236835,-77.97055779,334.31562125378724,7.745379876796714,7.742642026009582
hysets_03182000,hysets,United States of America,38.2112316,-80.0747867,277.70564438124626,7.745379876796714,7.742642026009582
hysets_07174000,hysets,United States of America,36.97090766,-95.9349807,1105.689453836874,7.745379876796714,7.742642026009582
hysets_01588000,hysets,United States of America,39.38204819,-76.96636779,29.75514638471732,7.745379876796714,7.742642026009582
hysets_06361000,hysets,United States of America,45.34498798,-100.6029187,13549.906007508956,7.745379876796714,7.742642026009582
hysets_02130500,hysets,United States of America,34.6440453,-79.8950642,164.73118226975666,7.745379876796714,7.742642026009582
hysets_06221500,hysets,United States of America,43.43190078,-109.3509747,255.9908745677291,7.745379876796714,7.742642026009582
hysets_03424500,hysets,United States of America,36.1045041,-85.8458186,5642.510222912913,7.745379876796714,7.742642026009582
hysets_03071000,hysets,United States of America,39.6070263,-79.7775555,3497.649237006789,7.745379876796714,7.742642026009582
hysets_09278500,hysets,United States of America,40.545501,-110.656274,313.8247032375661,7.745379876796714,7.742642026009582
hysets_01539500,hysets,United States of America,41.07953037,-76.5107819,143.66365698844868,7.745379876796714,7.742642026009582
hysets_01022000,hysets,United States of America,44.768525,-67.40771389,650.4204424562091,7.745379876796714,7.742642026009582
hysets_06916000,hysets,United States of America,38.2486687,-94.686432,7492.385713563934,7.745379876796714,7.742642026009582
hysets_05437000,hysets,United States of America,42.43612604,-89.1973338,6613.9927666054855,7.745379876796714,7.742642026009582
hysets_05441000,hysets,United States of America,42.1275,-89.3911111,265.49357314195873,7.745379876796714,7.742642026009582
hysets_05445500,hysets,United States of America,41.83055556,-89.9663889,407.5570478905853,7.745379876796714,7.742642026009582
hysets_05530500,hysets,United States of America,41.9883333,-87.8708333,53.975163132689424,7.745379876796714,7.742642026009582
hysets_05467500,hysets,United States of America,41.0430923,-90.745972,389.3127094037309,7.745379876796714,7.742642026009582
hysets_07050000,hysets,United States of America,36.47229276,-93.7654721,3227.37839703018,7.745379876796714,7.742642026009582
hysets_07030100,hysets,United States of America,35.75618838,-89.5514645,87.38403749936731,7.745379876796714,30.746064339493497
hysets_03268000,hysets,United States of America,39.9920046,-83.7146488,165.91251842518872,7.745379876796714,7.742642026009582
hysets_10323000,hysets,United States of America,40.59575135,-116.1745213,2228.7488043226926,7.745379876796714,7.742642026009582
hysets_02098500,hysets,United States of America,36.00430345,-79.97809379,85.13012128540197,7.745379876796714,7.742642026009582
hysets_14061000,hysets,United States of America,43.4776251,-121.9150285,120.25577175316054,7.745379876796714,7.742642026009582
hysets_07030000,hysets,United States of America,35.52285789,-89.3492375,5117.223534248915,7.745379876796714,7.742642026009582
hysets_14368500,hysets,United States of America,42.26650816,-123.2956114,21.9506981833294,7.745379876796714,7.742642026009582
hysets_14218000,hysets,United States of America,46.05816646,-122.2123166,1281.5342670035602,7.745379876796714,7.742642026009582
hysets_14044500,hysets,United States of America,44.61931706,-119.2635837,239.28139920211,7.745379876796714,7.742642026009582
hysets_14041000,hysets,United States of America,44.9887642,-118.9205286,279.1487887859324,7.745379876796714,7.742642026009582
hysets_03539500,hysets,United States of America,35.9259944,-84.9133817,244.0380665758232,7.745379876796714,7.742642026009582
hysets_14323100,hysets,United States of America,43.78456248,-123.8151035,532.9324323076024,7.748117727583847,7.745379876796714
hysets_14032000,hysets,United States of America,45.5442902,-119.3122394,741.6421679229563,7.748117727583847,7.745379876796714
hysets_01495500,hysets,United States of America,39.6417786,-75.866329,68.92041545436886,7.748117727583847,7.745379876796714
hysets_07285900,hysets,United States of America,33.91705857,-89.9967552,27.95271996248559,7.748117727583847,7.745379876796714
hysets_07286500,hysets,United States of America,33.52373294,-89.8445272,37.11718857148075,7.748117727583847,7.745379876796714
hysets_14187100,hysets,United States of America,44.39845825,-122.661195,161.89356174460724,7.748117727583847,7.745379876796714
hysets_01422700,hysets,United States of America,42.17555556,-75.0175,662.3126666317567,7.748117727583847,7.745379876796714
GRDC_4208372,grdc,Canada,62.6604,-114.2438,10427.1126501568,7.748117727583847,7.745379876796714
hysets_14319900,hysets,United States of America,43.41761898,-123.1547921,215.8706462825708,7.748117727583847,7.745379876796714
GRDC_3650650,grdc,Brazil,-6.6688,-38.9646,10220.2272414254,7.748117727583847,7.745379876796714
GRDC_3650870,grdc,Brazil,-7.2021,-36.8021,630.077846176517,7.748117727583847,7.745379876796714
hysets_14158930,hysets,United States of America,44.2579004,-122.0622829,7.5852230377362595,7.750855578370979,8.24914442162902
camelscl_10133000,camelscl,Chile,-39.4879166666667,-72.7101388888889,552.5543969174602,7.753593429158111,7.767282683093772
hysets_01405500,hysets,United States of America,40.4061111,-74.3686111,244.921767315788,7.759069130732375,7.756331279945243
hysets_06287500,hysets,United States of America,45.3269083,-107.7698278,243.675596139665,7.7645448323066395,21.763175906913073
camelscl_12286002,camelscl,Chile,-51.3139,-72.8292,75.47460323642805,7.767282683093772,8.106776180698152
hysets_06288990,hysets,United States of America,44.99829839,-107.6334289,97.50649310511504,7.7782340862423,17.99315537303217
hysets_09406640,hysets,United States of America,37.38331434,-113.2941168,23.82157457470776,7.7782340862423,7.775496235455168
hysets_01410787,hysets,United States of America,39.72527778,-74.9605556,3.948189193264761,7.780971937029432,7.7782340862423
lamah_213942,lamah,Austria,46.573685846056655,14.712075885253338,22.870950313876925,7.780971937029432,7.7782340862423
hysets_07AA009,hysets,Canada,52.72472,-117.9247,595.0295011138796,7.789185489390828,15.416837782340862
hysets_09182900,hysets,United States of America,38.64859187,-109.5992853,368.0217625376211,7.789185489390828,7.786447638603696
hysets_09406900,hysets,United States of America,37.3241479,-113.3571732,12.925234454349267,7.79192334017796,7.789185489390828
hysets_02326845,hysets,United States of America,30.45547844,-84.2223976,41.65195972130096,7.794661190965092,10.16290212183436
hysets_021973005,hysets,United States of America,33.3707013,-81.5273299,37.86627230824318,7.800136892539356,9.99315537303217
hysets_12091290,hysets,United States of America,47.1984316,-122.5209584,17.27100237187362,7.816563997262149,13.25119780971937
hysets_03604100,hysets,United States of America,35.60647586,-87.7121641,26.0247749723059,7.816563997262149,7.813826146475017
hysets_03284580,hysets,United States of America,37.7870235,-84.5857742,252.7399320108757,7.819301848049282,8.744695414099931
hysets_07031777,hysets,United States of America,35.1567561,-90.0034233,7.430636469583204,7.822039698836414,7.819301848049282
hysets_02ZE005,hysets,Canada,47.84897,-55.76786,9.985280743686667,7.822039698836414,7.819301848049282
hysets_10LD004,hysets,Canada,66.40083,-128.2597,17108.286101572718,7.827515400410678,7.997262149212868
GRDC_4103400,grdc,United States of America,65.2396,-141.6604,2384.28369865944,7.827515400410678,12.281998631074606
hysets_05543800,hysets,United States of America,43.0533442,-88.194814,203.545129609678,7.83025325119781,7.827515400410678
hysets_13310000,hysets,United States of America,45.1219444,-114.9302778,1165.8816122910634,7.832991101984942,7.83025325119781
hysets_01576521,hysets,United States of America,39.9981544,-76.2649583,4.633581195835742,7.832991101984942,7.83025325119781
hysets_04015475,hysets,United States of America,47.52714617,-92.1226729,261.92455803824686,7.838466803559206,7.835728952772074
camelscl_10313001,camelscl,Chile,-40.2854166666667,-73.0734722222222,689.5679144110977,7.84394250513347,8.073921971252567
hysets_12168500,hysets,United States of America,48.265935,-122.1640353,135.44004317276136,7.8494182067077345,17.32785763175907
hysets_01021500,hysets,United States of America,44.72305556,-67.5205556,1181.4540698956268,7.854893908281999,7.852156057494867
hysets_01657655,hysets,United States of America,38.6801163,-77.2899837,10.07949501636168,7.860369609856263,7.857631759069131
hysets_01451420,hysets,United States of America,40.53870787,-75.5724085,126.5402062059603,7.876796714579055,7.874058863791923
hysets_02329104,hysets,United States of America,30.5507539,-84.3040684,6.255276408384262,7.885010266940451,9.902806297056811
camelscl_8220008,camelscl,Chile,-36.8203,-73.0164,51.62040173240895,7.898699520876113,8.993839835728952
hysets_10LB004,hysets,Canada,66.51419,-128.8017,2938.8214672783893,7.901437371663245,7.994524298425736
hysets_09427800,hysets,United States of America,34.27918159,-114.1480029,3.765327129549576,7.901437371663245,7.994524298425736
hysets_01400953,hysets,United States of America,40.3575,-74.7658333,1.708699545336403,7.904175222450377,8.038329911019849
hysets_13137000,hysets,United States of America,43.6897222,-114.3847222,247.3790339748052,7.906913073237509,7.926078028747433
hysets_11522200,hysets,United States of America,41.74318137,-123.3556097,233.4256683759193,7.912388774811773,7.909650924024641
hysets_06256800,hysets,United States of America,43.2894035,-107.7217475,472.33163000752575,7.912388774811773,7.909650924024641
hysets_09483300,hysets,United States of America,32.4222982,-110.7520382,8.617665182344503,7.917864476386037,7.915126625598905
hysets_01576529,hysets,United States of America,39.9992655,-76.2641249,3.40625824231581,7.917864476386037,7.915126625598905
hysets_05PE028,hysets,Canada,49.77708,-94.52411,67999.78529860734,7.9370294318959616,7.997262149212868
hysets_05AA026,hysets,Canada,49.90167,-114.4303,150.42536914277312,7.942505133470226,14.50239561943874
lamahice_101,lamahice,Iceland,64.3310002957535,-19.2155005529336,2223.66325356388,7.945242984257358,7.972621492128679
hysets_02146579,hysets,United States of America,35.1662562,-80.689791,13.677931238705728,7.953456536618754,7.953456536618754
lamahice_107,lamahice,Iceland,64.35589431502919,-18.78167834798069,266.78896949861365,7.96167008898015,12.407939767282683
GRDC_1324580,grdc,Liberia,5.6188,-9.3188,11677.097509668798,7.972621492128679,8.490075290896646
GRDC_6213770,grdc,Spain,40.1396,-3.5729,8747.99493467965,7.9780971937029435,7.975359342915811
hysets_08385520,hysets,United States of America,34.34812654,-104.1730273,14782.54079419092,7.983572895277208,13.065023956194388
hysets_06063000,hysets,United States of America,46.604925,-112.089361,254.54921711699828,7.983572895277208,21.66735112936345
hysets_06024500,hysets,United States of America,45.6564194,-113.7167028,187.4918951268876,7.983572895277208,21.54962354551677
hysets_11426110,hysets,United States of America,39.2843493,-120.3565902,1.535950167449049,7.994524298425736,8.993839835728952
hysets_01595300,hysets,United States of America,39.36676569,-79.17892449,106.8252208867595,7.994524298425736,37.9958932238193
hysets_13030000,hysets,United States of America,43.2596435,-111.0674352,93.62898607867022,7.994524298425736,7.994524298425736
lamah_11418250,lamah,Germany,47.41718848735759,10.25430505452128,144.7261347055962,7.997262149212868,7.997262149212868
hysets_01641510,hysets,United States of America,39.5359337,-77.4463751,0.7249489019152898,7.997262149212868,7.994524298425736
hysets_01650050,hysets,United States of America,39.1267744,-77.020533,6.353858028170275,7.997262149212868,7.994524298425736
hysets_01647685,hysets,United States of America,39.1423296,-77.0963681,5.776299020470617,7.997262149212868,7.994524298425736
hysets_06879200,hysets,United States of America,39.0077763,-96.7391732,490.0765447837453,7.997262149212868,7.994524298425736
hysets_02463900,hysets,United States of America,33.54261298,-87.5619511,38.80948052746247,7.997262149212868,7.994524298425736
hysets_09132800,hysets,United States of America,39.0494284,-107.6208908,3.4144175810527853,7.997262149212868,7.994524298425736
hysets_09132700,hysets,United States of America,39.0569281,-107.629502,3.3144404080823007,7.997262149212868,7.994524298425736
hysets_11285000,hysets,United States of America,37.98131299,-120.2065768,178.35927099367808,7.997262149212868,7.994524298425736
hysets_02462990,hysets,United States of America,33.3731708,-87.4738927,21.75908297446817,7.997262149212868,7.994524298425736
hysets_11373300,hysets,United States of America,40.7457091,-122.0622219,156.84834755048612,7.997262149212868,7.994524298425736
hysets_11374100,hysets,United States of America,40.53043149,-122.1094431,193.52084898656383,7.997262149212868,7.994524298425736
hysets_12391000,hysets,United States of America,47.59556389,-115.369311,52959.633594352585,7.997262149212868,7.994524298425736
hysets_09084600,hysets,United States of America,39.40053797,-107.3244974,42.54871367809244,7.997262149212868,7.994524298425736
hysets_11449000,hysets,United States of America,38.9360107,-122.9080515,32.66545111230173,7.997262149212868,7.994524298425736
hysets_11352500,hysets,United States of America,40.8982214,-121.174415,588.4810207830911,7.997262149212868,7.994524298425736
hysets_10253080,hysets,United States of America,34.55000359,-115.1077524,8.137120723887392,7.997262149212868,7.994524298425736
hysets_09244300,hysets,United States of America,40.4469199,-107.1456109,67.64088413396787,7.997262149212868,7.994524298425736
hysets_10253540,hysets,United States of America,33.62502237,-115.3230362,62.14515170684707,7.997262149212868,7.994524298425736
hysets_09306241,hysets,United States of America,39.91386136,-108.4853723,6.493086392216665,7.997262149212868,7.994524298425736
hysets_09237800,hysets,United States of America,40.29581486,-106.8014349,105.05805414033908,7.997262149212868,7.994524298425736
hysets_09302420,hysets,United States of America,40.04692539,-107.3111672,162.13095730774378,7.997262149212868,7.994524298425736
hysets_08302200,hysets,United States of America,35.7700297,-105.8091858,4.094544291526863,7.997262149212868,7.994524298425736
hysets_11163200,hysets,United States of America,37.4049397,-122.1869095,1.0749847141511404,7.997262149212868,7.994524298425736
hysets_03339120,hysets,United States of America,40.02837227,-87.3750134,554.4285229196382,7.997262149212868,7.994524298425736
hysets_06623900,hysets,United States of America,41.0305234,-106.8255992,264.3177494768133,7.997262149212868,7.994524298425736
hysets_08363600,hysets,United States of America,32.31537144,-106.7505587,33.788397198762354,7.997262149212868,7.994524298425736
hysets_03152200,hysets,United States of America,39.1239775,-80.6903779,7.229581498705218,7.997262149212868,7.994524298425736
hysets_11184500,hysets,United States of America,37.9693668,-122.046907,74.15569357581481,7.997262149212868,7.994524298425736
hysets_11142100,hysets,United States of America,35.42525134,-120.8601794,36.45335953067594,7.997262149212868,7.994524298425736
hysets_11142080,hysets,United States of America,35.37830739,-120.8543459,62.13705942505936,7.997262149212868,7.994524298425736
hysets_09330410,hysets,United States of America,38.12192936,-110.7595973,19.16334506464567,7.997262149212868,8.525667351129364
hysets_09362900,hysets,United States of America,37.3791687,-107.661727,177.51717741107677,7.997262149212868,7.994524298425736
hysets_06207540,hysets,United States of America,45.15576667,-108.96965,225.1519059973252,7.997262149212868,7.994524298425736
hysets_03305500,hysets,United States of America,37.41118786,-84.7530022,93.8182680013026,7.997262149212868,7.994524298425736
hysets_11455900,hysets,United States of America,38.57712994,-122.578872,57.1256019362136,7.997262149212868,7.994524298425736
hysets_11449450,hysets,United States of America,38.8890662,-122.5974832,35.23288846336644,7.997262149212868,7.994524298425736
hysets_11449460,hysets,United States of America,38.9093435,-122.6144282,30.29281784950996,7.997262149212868,7.994524298425736
hysets_09146550,hysets,United States of America,38.11638007,-107.8181172,31.477558885365745,7.997262149212868,7.994524298425736
hysets_09207700,hysets,United States of America,42.3902186,-110.253219,175.1904139434518,7.997262149212868,7.994524298425736
hysets_10264590,hysets,United States of America,34.88553147,-118.437305,90.99115068837658,7.997262149212868,7.994524298425736
hysets_01400932,hysets,United States of America,40.34055556,-74.7805556,6.072592903637101,7.997262149212868,7.994524298425736
hysets_09424170,hysets,United States of America,34.30001466,-114.1632813,16.849188171103265,7.997262149212868,7.994524298425736
hysets_03488500,hysets,United States of America,36.77483088,-82.0726305,1038.5379750756676,7.997262149212868,7.994524298425736
hysets_11304000,hysets,United States of America,37.65659719,-121.4788333,149.2723704488177,7.997262149212868,7.994524298425736
hysets_09129800,hysets,United States of America,39.1433181,-107.4311646,99.15850893682467,7.997262149212868,7.994524298425736
hysets_02382300,hysets,United States of America,34.58897534,-84.6679895,369.6242812888211,7.997262149212868,7.994524298425736
hysets_01650450,hysets,United States of America,39.09094167,-77.05275568,4.344575963877334,7.997262149212868,7.994524298425736
hysets_11132000,hysets,United States of America,34.6333172,-120.39266,1898.062324389267,7.997262149212868,7.994524298425736
GRDC_4208380,grdc,Canada,59.822,-111.969,1693.56793827538,8.0,7.997262149212868
hysets_0214677974,hysets,United States of America,35.12931065,-80.9531301,9.076151514741031,8.0,7.997262149212868
hysets_02ZK008,hysets,Canada,47.41861,-53.81011,35.961146131840735,8.0,8.996577686516085
hysets_05278930,hysets,United States of America,44.76385099,-94.0910849,964.2986970999416,8.0,7.997262149212868
hysets_07029300,hysets,United States of America,34.932311,-88.6000503,720.4666819605371,8.0,7.997262149212868
hysets_02218565,hysets,United States of America,34.01038289,-83.894068,14.647075706902376,8.0,8.216290212183436
GRDC_4208426,grdc,Canada,61.8188,-107.8729,2089.77664107132,8.0,7.997262149212868
lamah_213926,lamah,Austria,47.03703045997653,12.842032191968071,142.1100599452391,8.0,7.997262149212868
hysets_03286200,hysets,United States of America,37.7931339,-84.7060566,1137.0147979170513,8.0,10.247775496235455
GRDC_4215030,grdc,Canada,49.7687,-120.7729,450.462280710374,8.0,7.997262149212868
hysets_02350500,hysets,United States of America,31.76878404,-83.9899033,10035.448479338258,8.0,7.997262149212868
hysets_04LA006,hysets,Canada,47.49611,-81.84878,92.21797999222296,8.0,9.998631074606434
hysets_10264560,hysets,United States of America,34.77553598,-118.5692525,10.275663434779895,8.0,8.996577686516085
GRDC_3650340,grdc,Brazil,-5.6479,-45.2646,4604.31675659945,8.0,7.997262149212868
hysets_10172795,hysets,United States of America,40.4949426,-112.5319006,25.3101011521628,8.0,7.997262149212868
hysets_03496500,hysets,United States of America,35.9778606,-83.91407269,55.29644877757456,8.0,7.997262149212868
GRDC_6502140,grdc,Ireland,53.2354,-7.9313,1215.1650904581402,8.002737850787133,8.0
hysets_11473100,hysets,United States of America,39.82487658,-123.1413996,78.48969643687684,8.002737850787133,8.0
hysets_02048000,hysets,United States of America,36.8682054,-76.83495948,1150.7027494712418,8.008213552361397,8.005475701574264
lamahice_60,lamahice,Iceland,64.81817240676008,-15.965807159257777,476.8332935776644,8.010951403148528,13.418206707734429
camelscl_1730001,camelscl,Chile,-19.8811888665741,-68.9619527888808,201.5662806257262,8.010951403148528,8.109514031485284
hysets_03573182,hysets,United States of America,34.29842588,-86.116643,140.71973411103625,8.010951403148528,8.008213552361397
hysets_11139350,hysets,United States of America,34.8160919,-120.2248757,43.68426652357652,8.013689253935661,8.010951403148528
hysets_01480887,hysets,United States of America,39.9987186,-75.66410518,38.09150271725371,8.016427104722792,8.013689253935661
hysets_13030500,hysets,United States of America,43.32325384,-111.1129942,158.42007583725135,8.016427104722792,8.013689253935661
hysets_06893600,hysets,United States of America,39.07694948,-94.4510633,13.546766710989337,8.019164955509925,10.45037645448323
hysets_06215000,hysets,United States of America,45.3506611,-108.5659944,116.41891996637904,8.021902806297057,8.019164955509925
hysets_06090500,hysets,United States of America,47.2085944,-110.9317472,916.3359536344606,8.02464065708419,37.9958932238193
hysets_09378600,hysets,United States of America,37.29999845,-109.3006709,2991.07630292853,8.032854209445585,8.030116358658454
lamahice_55,lamahice,Iceland,64.80277425937773,-15.318656510670827,65.94908262805849,8.032854209445585,10.067077344284737
hysets_11468540,hysets,United States of America,39.4568332,-123.7233474,32.0100676958655,8.035592060232718,8.032854209445585
hysets_07CE006,hysets,Canada,55.61861,-111.0858,231.2562751131395,8.035592060232718,11.665982203969884
hysets_03113700,hysets,United States of America,39.96118555,-80.7009151,12.566348194152583,8.035592060232718,8.032854209445585
GRDC_4220201,grdc,Canada,49.4104,-108.0104,3026.00195110074,8.043805612594113,42.677618069815196
hysets_07032224,hysets,United States of America,35.03481416,-89.8861992,51.70535352091471,8.05201916495551,10.13552361396304
hysets_12313500,hysets,United States of America,48.79388889,-116.415,68.53957315328171,8.05201916495551,8.049281314168377
hysets_13029500,hysets,United States of America,43.18055556,-111.1152778,279.49239922383015,8.05201916495551,8.049281314168377
hysets_0210782005,hysets,United States of America,35.0268324,-78.011098,21.27929566050666,8.057494866529774,8.139630390143736
hysets_05AA034,hysets,Canada,49.30934,-114.0751,23.967980528633923,8.057494866529774,11.668720054757015
hysets_08074000,hysets,United States of America,29.76022829,-95.4085505,859.7120379126461,8.060232717316905,37.68925393566051
hysets_02OB033,hysets,Canada,45.86833,-73.4825,242.8829453981584,8.062970568104038,13.084188911704311
hysets_03339150,hysets,United States of America,39.8922602,-87.4283496,611.4310509051113,8.073921971252567,8.071184120465434
hysets_11522300,hysets,United States of America,41.22207858,-123.2511584,651.7360014776939,8.07939767282683,8.0766598220397
lamahice_88,lamahice,Iceland,64.19577311651393,-19.37043031337432,3247.3798487078043,8.07939767282683,11.849418206707734
hysets_02413400,hysets,United States of America,33.332338,-85.3607827,17.955327150792616,8.082135523613964,9.08145106091718
hysets_10152700,hysets,United States of America,40.1335681,-111.5071337,8.151947022387803,8.084873374401095,8.082135523613964
hysets_11283250,hysets,United States of America,38.0765864,-120.0112948,126.58596831460612,8.095824777549623,8.101300479123887
hysets_11283350,hysets,United States of America,38.00464384,-120.022128,73.53799834121064,8.10403832991102,8.101300479123887
lamah_2631,lamah,Switzerland,46.52344230951864,9.181278190436716,41.96792474382932,8.106776180698152,8.10403832991102
hysets_11391460,hysets,United States of America,39.60101376,-120.4240986,19.702265446989195,8.109514031485284,8.106776180698152
hysets_06701620,hysets,United States of America,39.16749104,-105.1222112,274.5554776984729,8.114989733059549,15.394934976043805
GRDC_5101503,grdc,Australia,-27.4688,152.5979,10100.6641987339,8.11772758384668,8.114989733059549
hysets_09428200,hysets,United States of America,34.25418165,-114.1980043,32.54480019767594,8.11772758384668,8.114989733059549
hysets_01484981,hysets,United States of America,38.45202778,-75.37788889,9.30200949680071,8.120465434633813,9.078713210130047
hysets_13137500,hysets,United States of America,43.67777778,-114.361111,166.4910945745795,8.123203285420944,8.120465434633813
GRDC_4101450,grdc,United States of America,69.0854,-148.7688,5652.478881391779,8.139630390143736,8.136892539356605
GRDC_4208475,grdc,Canada,60.0062,-115.5771,3400.3843691788898,8.139630390143736,8.996577686516085
hysets_03237250,hysets,United States of America,38.5434109,-83.2246249,518.7891529815295,8.147843942505133,10.647501711156742
GRDC_1323550,grdc,Liberia,6.4646,-9.5271,11078.9694457837,8.150581793292266,8.158795345653662
hysets_0210789100,hysets,United States of America,34.97044378,-77.9585957,57.253464167278494,8.153319644079398,8.150581793292266
hysets_05438170,hysets,United States of America,42.26527778,-88.6080556,441.387513279652,8.153319644079398,8.150581793292266
hysets_03580300,hysets,United States of America,35.18730516,-86.0949844,143.4068788193536,8.164271047227926,8.161533196440795
hysets_01608400,hysets,United States of America,39.37176397,-78.7305721,11.2704451410253,8.164271047227926,8.161533196440795
hysets_11462700,hysets,United States of America,38.97212104,-123.1427815,80.67170209608072,8.164271047227926,8.161533196440795
hysets_12190710,hysets,United States of America,48.7351214,-121.658474,94.17420539840806,8.164271047227926,8.161533196440795
hysets_12502000,hysets,United States of America,46.52762395,-120.801183,311.43370796599834,8.164271047227926,8.161533196440795
hysets_01593710,hysets,United States of America,39.19677349,-76.89941938,124.6454543460314,8.167008898015059,8.164271047227926
GRDC_6340613,grdc,Germany,51.2188,14.4729,320.873353417819,8.167008898015059,8.164271047227926
lamah_18205985,lamah,Germany,47.85796112360487,11.994013395720655,764.2968954392162,8.167008898015059,8.164271047227926
hysets_05437695,hysets,United States of America,42.2586111,-89.0788889,34.71636610563407,8.172484599589323,8.999315537303216
hysets_11141160,hysets,United States of America,35.2171971,-120.4557184,8.324907808977752,8.172484599589323,8.16974674880219
hysets_02196689,hysets,United States of America,33.56374744,-81.8740015,69.08357543902346,8.175222450376454,10.299794661190965
GRDC_4208546,grdc,Canada,55.1812,-121.7688,926.3133691327802,8.183436002737851,8.180698151950718
hysets_01571000,hysets,United States of America,40.30842198,-76.8496948,29.24341399951905,8.186173853524982,10.992470910335387
GRDC_4213682,grdc,Canada,49.7854,-97.1354,110850.676865842,8.186173853524982,53.5605749486653
hysets_03057300,hysets,United States of America,38.86870938,-80.4578658,74.37810087868294,8.186173853524982,8.183436002737851
hysets_03202480,hysets,United States of America,37.5634451,-81.6523317,18.79756224941688,8.186173853524982,8.183436002737851
hysets_07052160,hysets,United States of America,37.11775,-93.4038611,150.95260655025098,8.188911704312115,37.9958932238193
camelscl_2105005,camelscl,Chile,-22.3653,-68.6419,2397.448375132637,8.191649555099247,10.99520876112252
hysets_05EA011,hysets,Canada,53.62339,-113.6953,96.65782948460073,8.19712525667351,10.82819986310746
hysets_14112400,hysets,United States of America,45.85928967,-120.964791,74.34022528860949,8.199863107460644,8.19712525667351
hysets_03063600,hysets,United States of America,38.91427707,-79.5086636,16.35686261382376,8.208076659822039,8.205338809034908
hysets_04290335,hysets,United States of America,44.46171705,-73.1126264,25.46156750226238,8.210814510609172,8.208076659822039
hysets_11361000,hysets,United States of America,41.01738285,-121.6541539,466.073141989047,8.216290212183436,15.29637234770705
hysets_05BD005,hysets,Canada,51.2875,-115.5333,450.4522430776129,8.219028062970569,15.515400410677618
hysets_04232047,hysets,United States of America,43.1211111,-77.47638889,278.5739433327819,8.219028062970569,8.216290212183436
hysets_03378500,hysets,United States of America,38.13199014,-87.9403079,75818.88389519321,8.224503764544833,8.251882272416154
GRDC_4208181,grdc,Canada,63.904,-123.319,10899.1175433574,8.229979466119097,8.607802874743326
hysets_07026370,hysets,United States of America,36.46395257,-89.2536805,145.52047603541214,8.232717316906228,8.752908966461328
hysets_03428070,hysets,United States of America,35.85674039,-86.41197,428.8004040115821,8.24640657084189,8.243668720054757
hysets_02452000,hysets,United States of America,33.91121534,-87.0833368,2509.5104809304207,8.24914442162902,8.24640657084189
hysets_11141300,hysets,United States of America,35.1860866,-120.4996096,177.9850071548033,8.24914442162902,8.24640657084189
hysets_08304100,hysets,United States of America,35.74669668,-105.8280751,1.657091072674697,8.24914442162902,8.24640657084189
hysets_12451600,hysets,United States of America,48.1104156,-120.3600888,20.19644561088155,8.24914442162902,8.24640657084189
hysets_02307673,hysets,United States of America,27.9730757,-82.7156559,15.38211232957838,8.24914442162902,16.246406570841888
GRDC_3650540,grdc,Brazil,-3.6854,-39.2479,7364.51942876458,8.24914442162902,9.749486652977414
hysets_10104600,hysets,United States of America,41.500214,-111.8166074,67.25941077942939,8.24914442162902,8.24640657084189
hysets_14020520,hysets,United States of America,45.67263145,-118.401073,84.32812658298015,8.251882272416154,8.24914442162902
hysets_14146700,hysets,United States of America,43.7298455,-122.5111625,13.186828610933295,8.251882272416154,8.24914442162902
hysets_12506000,hysets,United States of America,46.3109589,-120.788125,313.60143301679165,8.251882272416154,8.24914442162902
hysets_05DA002,hysets,Canada,52.04417,-116.3839,513.1019053436773,8.257357973990418,15.501711156741958
hysets_02373800,hysets,United States of America,31.26183739,-86.7632969,2633.739180353908,8.262833675564682,8.260095824777549
hysets_01589501,hysets,United States of America,39.17766667,-76.651,1.3517731463842306,8.268309377138946,9.270362765229295
hysets_03541300,hysets,United States of America,35.9895207,-84.4877116,32.539985768924915,8.271047227926077,8.268309377138946
hysets_13136500,hysets,United States of America,43.6833333,-114.4102778,243.4051467142625,8.281998631074606,8.279260780287474
camelscl_8210003,camelscl,Chile,-36.6394,-72.9503,83.27760862374392,8.28747433264887,8.854209445585216
GRDC_4244400,grdc,Canada,53.2271,-66.2062,8340.70099225464,8.292950034223136,11.099247091033538
GRDC_4209405,grdc,Canada,67.2271,-116.6104,133.06665884985398,8.2984257357974,11.394934976043805
hysets_05BA006,hysets,Canada,51.24444,-115.8417,127.6445504438982,8.301163586584531,15.501711156741958
hysets_12348500,hysets,United States of America,46.2954083,-113.9955333,58.16377368853898,8.31211498973306,8.31211498973306
GRDC_3637390,grdc,Brazil,-7.7312,-58.2896,182916.24523713,8.32580424366872,9.311430527036277
hysets_06697450,hysets,United States of America,39.358877,-105.8414011,59.03165821960217,8.331279945242985,8.328542094455852
hysets_01610200,hysets,United States of America,39.05510757,-78.725017,399.7525295825278,8.336755646817249,8.334017796030116
camelscl_4515001,camelscl,Chile,-30.8456,-70.7139,463.6773420461108,8.336755646817249,8.501026694045175
hysets_12105700,hysets,United States of America,47.3081589,-121.7734403,42.58283180713418,8.336755646817249,8.334017796030116
GRDC_4203202,grdc,Canada,63.3104,-139.4271,247798.825039625,8.33949349760438,8.75564681724846
hysets_033356725,hysets,United States of America,40.3708692,-86.90945339,46.43467909552075,8.342231348391513,8.539356605065024
hysets_05571500,hysets,United States of America,40.0944789,-88.631178,117.71459905850622,8.342231348391513,8.33949349760438
hysets_04075200,hysets,United States of America,45.16969225,-88.8034407,19.624586199709142,8.344969199178644,9.32785763175907
hysets_03335673,hysets,United States of America,40.30142559,-86.923619,44.6883068220661,8.347707049965777,8.536618754277892
hysets_05SD004,hysets,Canada,51.21522,-97.53381,391.2215342907892,8.347707049965777,36.668035592060235
hysets_09208400,hysets,United States of America,42.29382738,-110.4407243,315.9671918904896,8.350444900752908,33.74674880219028
hysets_06698000,hysets,United States of America,39.3924861,-105.8105722,30.978661854301947,8.353182751540041,8.350444900752908
hysets_13298000,hysets,United States of America,44.2247222,-114.286111,1398.4786227344614,8.355920602327172,8.353182751540041
hysets_11376040,hysets,United States of America,40.51265708,-121.7899893,189.1278874912166,8.355920602327172,13.995893223819301
hysets_01605600,hysets,United States of America,38.65650477,-79.39171109,11.11813742307474,8.355920602327172,8.353182751540041
hysets_03444500,hysets,United States of America,35.36622218,-82.7392938,26.11296389423399,8.358658453114305,8.355920602327172
hysets_01608050,hysets,United States of America,39.06566328,-78.9133586,12.381621599539368,8.358658453114305,8.355920602327172
hysets_10UH005,hysets,Canada,63.54056,-68.90208,273.9292658211467,8.361396303901437,8.528405201916495
hysets_03070455,hysets,United States of America,39.76896528,-79.6092109,19.13168761955885,8.36413415468857,8.361396303901437
hysets_13130900,hysets,United States of America,43.67777778,-113.631111,241.8635401502098,8.372347707049967,8.369609856262834
GRDC_1320150,grdc,Liberia,8.2771,-10.0812,664.504772808826,8.386036960985626,8.711841204654347
hysets_04105800,hysets,United States of America,42.31504108,-85.4011119,91.85611052374529,8.39151266255989,8.388774811772759
hysets_02231254,hysets,United States of America,30.744124,-81.6542683,3633.884072610663,8.39151266255989,8.76933607118412
hysets_13330700,hysets,United States of America,45.58042218,-117.5401867,195.0332206681988,8.394250513347023,8.39151266255989
GRDC_4208919,grdc,Canada,56.8563,-112.7104,1483.80920294404,8.402464065708418,46.3709787816564
GRDC_4214910,grdc,Canada,58.5146,-77.9521,10433.9823055986,8.405201916495551,8.632443531827516
hysets_13082300,hysets,United States of America,42.45555556,-113.5194444,223.190552076114,8.410677618069816,8.407939767282683
GRDC_3276320,grdc,Argentina,-45.4771,-69.8354,16057.194448081298,8.410677618069816,8.407939767282683
hysets_12190718,hysets,United States of America,48.7431767,-121.690975,24.9766782023801,8.413415468856947,8.410677618069816
hysets_03184200,hysets,United States of America,37.67456426,-80.81425099,20.478446426149183,8.41615331964408,8.413415468856947
hysets_01484985,hysets,United States of America,38.4368611,-75.3513611,28.17906488816456,8.41615331964408,8.413415468856947
hysets_10257800,hysets,United States of America,33.9647345,-116.4438997,50.94344372116237,8.41615331964408,8.413415468856947
GRDC_4103632,grdc,United States of America,64.7979,-147.2021,3766.57207887803,8.41889117043121,8.41615331964408
hysets_06343000,hysets,United States of America,46.86556675,-102.9485116,803.0598332607102,8.435318275154003,37.74401095140315
hysets_03426800,hysets,United States of America,35.82809769,-86.0768871,100.47926729979376,8.438056125941136,8.76933607118412
hysets_03203670,hysets,United States of America,37.8078816,-82.0281816,27.926123003623943,8.438056125941136,8.435318275154003
hysets_0210783276,hysets,United States of America,35.07377588,-77.91359429,23.897417198403087,8.438056125941136,8.947296372347708
hysets_02440500,hysets,United States of America,33.6072222,-88.7091667,1309.2767117014496,8.446269678302533,8.4435318275154
hysets_01111400,hysets,United States of America,41.92287638,-71.6575662,40.15302671970957,8.446269678302533,8.4435318275154
hysets_05PC023,hysets,Canada,48.79802,-94.18452,231.94300237550945,8.449007529089664,8.75564681724846
camelsch_5025,camelsch,FR,46.03,6.62,709.001853698138,8.451745379876797,8.449007529089664
camelsch_5022,camelsch,FR,46.12,6.5,436.4486992325664,8.473648186173854,8.492813141683778
camelscl_3826001,camelscl,Chile,-28.4647,-71.1783,9756.374663230068,8.476386036960985,9.990417522245037
hysets_04210000,hysets,United States of America,41.51561055,-80.9350913,67.28271809855495,8.49555099247091,8.492813141683778
hysets_03154250,hysets,United States of America,38.80314324,-81.3659535,7.257408878132259,8.498288843258042,8.49555099247091
hysets_06286258,hysets,United States of America,44.9677322,-108.2906712,77.99701380760551,8.498288843258042,8.49555099247091
hysets_11490500,hysets,United States of America,41.7165397,-122.0011175,454.16302444335264,8.498288843258042,8.49555099247091
hysets_11307000,hysets,United States of America,38.31658137,-120.5954844,42.98270018668024,8.498288843258042,8.49555099247091
hysets_09371400,hysets,United States of America,37.3238828,-108.615094,88.3099230888198,8.498288843258042,8.49555099247091
hysets_07327483,hysets,United States of America,34.88395768,-97.9953202,3.897181918435205,8.498288843258042,8.49555099247091
hysets_06LC003,hysets,Canada,62.63556,-98.52278,1413.2208455930404,8.501026694045175,9.834360027378509
il_31198,il,Israel,32.71130056,35.57219945,2611.562142,8.509240246406572,8.506502395619439
hysets_10168800,hysets,United States of America,40.6560586,-111.8241,152.03725232088738,8.514715947980836,10.740588637919233
hysets_01467036,hysets,United States of America,40.1809422,-75.11211669,11.035215907182522,8.517453798767967,37.01300479123888
hysets_06078500,hysets,United States of America,47.6398611,-112.8593333,667.7705137297808,8.5201916495551,29.66735112936345
hysets_03049807,hysets,United States of America,40.50313889,-79.9484444,153.95687807454908,8.522929500342231,8.5201916495551
hysets_03536320,hysets,United States of America,35.9323165,-84.3055289,3.2479273978481604,8.525667351129364,8.522929500342231
hysets_07244100,hysets,United States of America,35.45288179,-95.9558309,58.137170151790414,8.531143052703628,8.528405201916495
hysets_07179600,hysets,United States of America,38.60061758,-96.5002451,143.08347082671648,8.536618754277892,8.53388090349076
hysets_03214900,hysets,United States of America,38.0056466,-82.51459729,3892.731953465173,8.539356605065024,16.539356605065024
hysets_09306237,hysets,United States of America,39.92219567,-108.5325962,6.965905237214559,8.54757015742642,8.544832306639288
GRDC_3650635,grdc,Brazil,-5.1229,-38.4521,17337.551982421002,8.550308008213552,8.574948665297741
hysets_03353910,hysets,United States of America,39.6283796,-86.357215,124.6241499171667,8.553045859000685,8.550308008213552
hysets_12442300,hysets,United States of America,48.8526525,-119.6484071,703.0132243931971,8.553045859000685,8.550308008213552
hysets_11466170,hysets,United States of America,38.4388007,-122.7024867,57.13111935006716,8.555783709787816,14.247775496235455
hysets_0209173190,hysets,United States of America,35.52527778,-77.56277778,1.233879261617271,8.558521560574949,9.921971252566735
GRDC_4208761,grdc,Canada,54.1896,-113.9104,283.74895410909903,8.566735112936344,12.4435318275154
camelscl_1730012,camelscl,Chile,-19.8551388888889,-69.34375,1385.877203278574,8.574948665297741,15.501711156741958
hysets_08JB012,hysets,Canada,54.17806,-125.4889,795.8125641945339,8.577686516084873,8.574948665297741
hysets_06170200,hysets,United States of America,48.5649583,-106.9824639,750.9986004090338,8.583162217659138,8.580424366872005
hysets_06015500,hysets,United States of America,45.11014167,-112.8008194,902.619608100647,8.583162217659138,10.743326488706366
hysets_03583500,hysets,United States of America,35.25217425,-87.1690042,62.890130617863456,8.583162217659138,12.996577686516085
hysets_02388900,hysets,United States of America,34.51555556,-84.0602778,190.3033205447995,8.588637919233403,8.58590006844627
GRDC_4208415,grdc,Canada,64.1479,-108.9188,1904.1951111958103,8.594113620807667,10.053388090349076
hysets_0210783230,hysets,United States of America,35.09377588,-77.9427622,5.09123934045325,8.596851471594798,8.594113620807667
hysets_05341752,hysets,United States of America,45.01166667,-92.7083333,752.4390066301174,8.618754277891854,20.249144421629023
hysets_01483500,hysets,United States of America,39.23288938,-75.6321503,24.367436013026225,8.618754277891854,67.99726214921287
hysets_02VA003,hysets,Canada,50.30806,-64.74722,684.8398432689336,8.621492128678987,9.218343600273785
hysets_01409000,hysets,United States of America,39.8675,-74.1691667,137.41177863380824,8.624229979466119,8.632443531827516
hysets_13334700,hysets,United States of America,46.3262691,-117.1526605,439.6601004493717,8.626967830253252,15.493497604380561
hysets_06893790,hysets,United States of America,38.91361828,-94.4660635,122.60134863132416,8.635181382614647,8.739219712525667
camelscl_8700003,camelscl,Chile,-37.4878,-73.3442,28.44581008560821,8.635181382614647,8.70362765229295
hysets_11329500,hysets,United States of America,38.24797116,-121.2268913,839.8809150582832,8.635181382614647,16.928131416837783
hysets_09520700,hysets,United States of America,32.7106028,-114.5524502,148779.87071069045,8.640657084188911,15.162217659137577
hysets_03598250,hysets,United States of America,35.58454778,-86.5962815,190.66390909445417,8.643394934976044,11.912388774811772
hysets_03213620,hysets,United States of America,37.55177326,-82.1242979,2013.5711084757247,8.646132785763175,8.643394934976044
hysets_02AB023,hysets,Canada,48.32576,-89.40421,180.3427511321301,8.648870636550308,8.646132785763175
GRDC_4209112,grdc,Canada,68.8646,-133.5104,472.135749205572,8.654346338124572,10.666666666666666
hysets_06918065,hysets,United States of America,37.91919444,-94.35975,2819.844361605524,8.654346338124572,14.902121834360027
hysets_03584020,hysets,United States of America,35.2108329,-87.100402,950.1662789904858,8.659822039698836,8.657084188911705
hysets_05403000,hysets,United States of America,44.0261111,-90.0716667,1360.7571864900783,8.6652977412731,8.668035592060233
hysets_02204520,hysets,United States of America,33.48455976,-83.9579647,1207.0003980284491,8.673511293634498,8.670773442847365
hysets_11439999,hysets,United States of America,38.75518399,-120.3724184,57.15937333942153,8.676249144421629,47.997262149212865
GRDC_4208338,grdc,Canada,62.3021,-118.2354,71.2235274579528,8.676249144421629,9.60164271047228
hysets_11120530,hysets,United States of America,34.43471754,-119.8687502,11.224379591274133,8.678986995208762,20.996577686516083
hysets_02450200,hysets,United States of America,33.9528806,-87.0038916,33.79654266277452,8.684462696783026,8.993839835728952
GRDC_6211050,grdc,Spain,42.0812,-8.4979,15652.3868757067,8.684462696783026,8.878850102669405
hysets_05BG002,hysets,Canada,51.3,-115.1833,205.0607166310433,8.684462696783026,12.6652977412731
hysets_03114650,hysets,United States of America,39.48702036,-81.0073317,10.66574019847184,8.698151950718685,8.695414099931554
hysets_02336635,hysets,United States of America,33.8033333,-84.52138889,80.8358831869107,8.711841204654347,8.996577686516085
camelscl_12289003,camelscl,Chile,-51.2167,-72.9833,5273.389459064377,8.711841204654347,15.871321013004792
GRDC_6210220,grdc,Spain,42.9813,-8.4604,318.957130317701,8.714579055441478,8.848733744010952
hysets_07199600,hysets,United States of America,36.93057986,-104.3738734,85.45005300871087,8.71731690622861,12.37782340862423
hysets_07DA011,hysets,Canada,57.66139,-111.5197,213.41093176710484,8.720054757015742,12.829568788501026
hysets_05578000,hysets,United States of America,40.0133333,-89.8383333,7920.692789699154,8.720054757015742,8.71731690622861
GRDC_4101460,grdc,United States of America,68.4562,-149.3521,764.16937723068,8.733744010951403,11.997262149212867
hysets_03373686,hysets,United States of America,38.54138889,-86.6125,65.0819267330903,8.739219712525667,8.736481861738536
hysets_01594400,hysets,United States of America,39.12027778,-76.7822222,30.57188638981476,8.7419575633128,58.743326488706366
hysets_12361500,hysets,United States of America,48.12785556,-113.8120722,71.78582133098288,8.7419575633128,16.7419575633128
hysets_08223500,hysets,United States of America,37.49028216,-106.2594768,85.18891707076683,8.7419575633128,19.742642026009584
hysets_12360000,hysets,United States of America,47.98479167,-113.5613278,122.2038670363412,8.7419575633128,16.7419575633128
hysets_05BH014,hysets,Canada,51.31191,-114.0276,246.229728085304,8.7419575633128,13.672826830937714
hysets_03593300,hysets,United States of America,35.21980399,-88.4267088,129.86115224067464,8.744695414099931,8.7419575633128
hysets_11166500,hysets,United States of America,37.305498,-122.0746836,46.08558878979795,8.744695414099931,8.7419575633128
hysets_03594040,hysets,United States of America,35.2292474,-88.193924,138.2145135300573,8.744695414099931,8.7419575633128
hysets_04096600,hysets,United States of America,42.0292142,-85.1063625,713.2201256536702,8.744695414099931,8.7419575633128
hysets_03472500,hysets,United States of America,36.6278938,-81.79095259,143.6717487555737,8.744695414099931,8.7419575633128
hysets_07227920,hysets,United States of America,35.6647649,-101.3509971,364.5283294151421,8.744695414099931,8.7419575633128
hysets_06476500,hysets,United States of America,44.15415518,-98.4353686,668.9327566245165,8.744695414099931,8.7419575633128
hysets_03594160,hysets,United States of America,35.30688654,-88.1252634,523.9594262573172,8.744695414099931,8.7419575633128
hysets_03594120,hysets,United States of America,35.41625414,-88.3608253,119.09908026445156,8.744695414099931,8.7419575633128
hysets_08031200,hysets,United States of America,32.3095926,-95.6055158,601.9472713882842,8.744695414099931,8.7419575633128
hysets_08083245,hysets,United States of America,32.5678991,-99.7925909,530.1425204005059,8.744695414099931,8.7419575633128
hysets_08123500,hysets,United States of America,32.31706613,-100.8248337,436.6086263530983,8.744695414099931,8.7419575633128
hysets_08355300,hysets,United States of America,34.03089935,-106.9016941,111.0175115425533,8.744695414099931,8.7419575633128
hysets_04217500,hysets,United States of America,43.0911111,-78.45388889,593.8294578671639,8.744695414099931,8.7419575633128
hysets_12320500,hysets,United States of America,48.9505034,-116.5360459,76.98512117766838,8.744695414099931,8.7419575633128
hysets_09512495,hysets,United States of America,34.31502955,-112.0648788,1491.0080075898272,8.744695414099931,8.7419575633128
hysets_14022500,hysets,United States of America,45.54901858,-118.7744269,461.84436549965886,8.744695414099931,8.7419575633128
hysets_04145500,hysets,United States of America,43.29669159,-84.2291495,230.9993873865842,8.744695414099931,8.7419575633128
hysets_11167500,hysets,United States of America,37.2171667,-121.9107886,32.69612452317274,8.744695414099931,8.7419575633128
hysets_11308500,hysets,United States of America,38.2116111,-120.675611,61.15913976989664,8.744695414099931,8.7419575633128
hysets_11307500,hysets,United States of America,38.28324924,-120.6510422,88.53998924540352,8.744695414099931,8.7419575633128
hysets_08088450,hysets,United States of America,32.8276216,-98.7239509,252.6960346353524,8.744695414099931,8.7419575633128
hysets_09489499,hysets,United States of America,33.48144254,-109.7531442,1438.276685068172,8.744695414099931,8.7419575633128
hysets_01370500,hysets,United States of America,41.4325,-74.3744444,1073.4338558819677,8.744695414099931,8.7419575633128
hysets_08033300,hysets,United States of America,31.14046214,-95.0866021,207.32192010311223,8.744695414099931,8.7419575633128
hysets_09270500,hysets,United States of America,40.5263475,-109.6056958,299.40298298073924,8.744695414099931,8.7419575633128
hysets_01206500,hysets,United States of America,41.70176415,-73.05733,63.23536527436565,8.744695414099931,8.7419575633128
hysets_01206000,hysets,United States of America,41.7042641,-73.06427468,185.6460037304512,8.744695414099931,8.7419575633128
hysets_14307580,hysets,United States of America,44.08262,-123.7859396,447.9956654944119,8.744695414099931,8.7419575633128
hysets_06904000,hysets,United States of America,40.73890427,-92.8015851,1846.266522448719,8.744695414099931,8.7419575633128
hysets_01448000,hysets,United States of America,41.04036256,-75.76130379,829.3762074545633,8.744695414099931,8.7419575633128
hysets_01418000,hysets,United States of America,42.03416667,-74.7316667,105.61938341912708,8.744695414099931,8.7419575633128
hysets_09306800,hysets,United States of America,39.75330136,-109.3548415,834.1619830706081,8.744695414099931,8.7419575633128
hysets_06898500,hysets,United States of America,40.54889575,-93.6029987,649.7782658667121,8.744695414099931,8.7419575633128
hysets_14306100,hysets,United States of America,44.3790098,-123.5956608,164.5731876529301,8.744695414099931,8.7419575633128
hysets_02445500,hysets,United States of America,33.66955429,-87.816407,725.8039588994114,8.744695414099931,8.7419575633128
hysets_02447000,hysets,United States of America,33.03873636,-88.105858,1992.416983539308,8.744695414099931,8.7419575633128
hysets_07124300,hysets,United States of America,37.11474266,-104.605266,259.0143239750978,8.744695414099931,8.7419575633128
hysets_09151500,hysets,United States of America,38.756651,-108.2600775,542.5568360865036,8.744695414099931,8.7419575633128
hysets_11305500,hysets,United States of America,38.13103165,-120.6371512,124.5176618539051,8.744695414099931,8.7419575633128
hysets_03317000,hysets,United States of America,37.5920014,-86.3294199,579.6231745410387,8.744695414099931,8.7419575633128
hysets_11447000,hysets,United States of America,38.5679613,-121.4232867,5133.552767776982,8.744695414099931,8.7419575633128
hysets_06260500,hysets,United States of America,43.6896776,-108.7326188,370.8979500830514,8.744695414099931,8.7419575633128
hysets_14021000,hysets,United States of America,45.67207498,-118.7927637,1653.775557859747,8.744695414099931,8.7419575633128
hysets_07012000,hysets,United States of America,37.93569167,-91.7093917,2.42149680261828,8.744695414099931,8.7419575633128
hysets_09183000,hysets,United States of America,38.61275926,-109.5798402,419.3140830044476,8.744695414099931,8.7419575633128
hysets_02094000,hysets,United States of America,36.1429134,-79.856423,42.3839513647662,8.744695414099931,8.7419575633128
hysets_14047390,hysets,United States of America,45.26457638,-120.0219745,800.5343350316555,8.744695414099931,8.7419575633128
hysets_03594058,hysets,United States of America,35.37248045,-88.3839589,119.53695127954816,8.744695414099931,8.7419575633128
hysets_07360800,hysets,United States of America,34.08344265,-93.7521282,310.3842198331741,8.744695414099931,8.7419575633128
hysets_14235000,hysets,United States of America,46.5501069,-122.4931675,2986.347029795056,8.744695414099931,8.7419575633128
hysets_13315500,hysets,United States of America,44.9986111,-116.3516667,39.11909176046666,8.744695414099931,8.7419575633128
hysets_13319000,hysets,United States of America,45.34624317,-118.1249426,1778.7702894250851,8.744695414099931,8.7419575633128
hysets_03538225,hysets,United States of America,35.9988721,-84.3396483,214.20439424198725,8.747433264887064,8.744695414099931
hysets_03521500,hysets,United States of America,37.08622488,-81.78094879,355.22790382555274,8.747433264887064,8.744695414099931
hysets_10250800,hysets,United States of America,36.3207222,-117.5225278,452.6186282861842,8.747433264887064,8.744695414099931
hysets_01475540,hysets,United States of America,39.96539045,-75.25823828,27.12026930085144,8.747433264887064,8.744695414099931
hysets_12451620,hysets,United States of America,48.05985999,-120.2584176,21.19680578903856,8.747433264887064,8.744695414099931
hysets_07351880,hysets,United States of America,31.7251666,-93.3612839,8.321664853551747,8.747433264887064,8.744695414099931
hysets_12451650,hysets,United States of America,48.0243043,-120.19147,16.47537344181482,8.747433264887064,8.744695414099931
hysets_07351780,hysets,United States of America,31.69739088,-93.4307304,13.924464148745905,8.747433264887064,8.744695414099931
hysets_02429955,hysets,United States of America,34.54148634,-88.4044922,92.98765020387592,8.747433264887064,8.744695414099931
hysets_11408850,hysets,United States of America,39.41683845,-120.9527274,349.7257991996847,8.747433264887064,8.744695414099931
hysets_08486250,hysets,United States of America,32.4031472,-106.4799935,40.6846286726016,8.747433264887064,8.744695414099931
hysets_07188500,hysets,United States of America,36.84117865,-94.6085573,105.36309230334614,8.747433264887064,8.744695414099931
camelsgb_25029,camelsgb,England,54.47774840809957,-1.2985573751155477,183.17220272465755,8.747433264887064,8.744695414099931
hysets_04235300,hysets,United States of America,42.71805556,-76.4380556,272.6518374050094,8.747433264887064,8.744695414099931
hysets_04085119,hysets,United States of America,44.42249308,-87.9400994,35.95753195823297,8.750171115674195,18.99794661190965
hysets_05AA033,hysets,Canada,49.49232,-113.9265,38.30177688375493,8.750171115674195,12.673511293634498
hysets_05384000,hysets,United States of America,43.7482971,-91.9773775,1591.8294520391387,8.752908966461328,9.744010951403148
hysets_02092000,hysets,United States of America,35.34516225,-77.1955108,478.11948241527153,8.75564681724846,8.752908966461328
hysets_09312800,hysets,United States of America,39.7769068,-110.7923812,162.10468730492664,8.75564681724846,8.752908966461328
GRDC_3635300,grdc,Brazil,-8.7438,-63.5062,15619.6652723133,8.75564681724846,8.996577686516085
hysets_11482120,hysets,United States of America,41.08901555,-123.907564,387.4410049549509,8.758384668035593,8.75564681724846
hysets_02088470,hysets,United States of America,35.5890479,-78.18805089,489.5449843049941,8.761122518822724,8.758384668035593
hysets_07077950,hysets,United States of America,34.55565564,-90.8456691,1023.5440905080906,8.763860369609857,12.761122518822724
camelscl_6033011,camelscl,Chile,-34.7945833333333,-71.04625,250.24127434950003,8.774811772758385,10.929500342231348
hysets_14017000,hysets,United States of America,46.2743065,-118.2219042,939.2254940468893,8.774811772758385,8.772073921971252
hysets_02221525,hysets,United States of America,33.25235506,-83.4812762,492.7128509904472,8.777549623545516,8.999315537303216
hysets_05PC022,hysets,Canada,48.67844,-93.66522,99.59152986974172,8.777549623545516,8.996577686516085
hysets_02228070,hysets,United States of America,30.97467607,-81.725662,8472.72431792341,8.78302532511978,9.111567419575634
hysets_05AC930,hysets,Canada,50.35417,-113.5431,788.893057955174,8.788501026694044,18.60643394934976
hysets_03160000,hysets,United States of America,38.8403585,-82.1415336,104858.54458229891,8.793976728268309,18.84188911704312
hysets_09424432,hysets,United States of America,34.76168325,-113.2657568,346.65516723159595,8.796714579055442,9.180013689253936
hysets_02341800,hysets,United States of America,32.41347774,-84.8199281,884.0642104647281,8.796714579055442,8.996577686516085
hysets_06928430,hysets,United States of America,37.81938889,-92.1945556,722.1191482375242,8.796714579055442,8.793976728268309
hysets_03293510,hysets,United States of America,38.26701505,-85.721351,155.87795348076185,8.804928131416839,10.803559206023271
hysets_09383500,hysets,United States of America,34.03032717,-109.1864707,222.3393115369209,8.804928131416839,37.445585215605746
hysets_12350500,hysets,United States of America,46.5368333,-114.1595639,74.49506797494554,8.824093086926762,12.7419575633128
hysets_02456000,hysets,United States of America,33.74037995,-86.8124936,209.431274601889,8.824093086926762,9.568788501026694
hysets_09495500,hysets,United States of America,34.1139331,-110.1298317,88.94617135329675,8.829568788501026,8.826830937713895
hysets_05EG006,hysets,Canada,53.07917,-108.9833,323.9844384361572,8.829568788501026,13.59069130732375
hysets_09494500,hysets,United States of America,34.11115539,-110.1312205,145.01559628061565,8.829568788501026,8.826830937713895
hysets_01637000,hysets,United States of America,39.4820455,-77.5385989,22.595740032209044,8.83230663928816,17.744010951403148
hysets_03435030,hysets,United States of America,36.55673744,-86.5706949,38.83908280170006,8.83230663928816,8.829568788501026
hysets_03537500,hysets,United States of America,35.91093575,-84.315068,3.673151441371206,8.83230663928816,8.829568788501026
hysets_03536380,hysets,United States of America,35.9250775,-84.3143682,5.340493651074906,8.83230663928816,8.829568788501026
hysets_09513910,hysets,United States of America,33.5367072,-112.2818232,877.1782608810502,8.840520191649555,8.843258042436688
hysets_02205865,hysets,United States of America,33.9411111,-84.1077778,54.30485443749815,8.845995893223819,8.843258042436688
camelsch_5028,camelsch,FR,46.35,6.64,24.897036899198863,8.854209445585216,9.163586584531142
hysets_09306405,hysets,United States of America,39.9733015,-109.128447,63.34191058973023,8.865160848733744,8.993839835728952
hysets_05EA012,hysets,Canada,53.59028,-113.8854,285.8716864387914,8.867898699520875,11.83025325119781
camelses_1823,camelses,Spain,42.0615,-8.3024,399.1930278932125,8.876112251882272,8.999315537303216
hysets_12188400,hysets,United States of America,48.34205778,-121.4534552,792.0609824482734,8.881587953456537,8.878850102669405
hysets_02203950,hysets,United States of America,33.7634389,-84.2201982,33.92593482638057,8.881587953456537,8.878850102669405
hysets_07DA016,hysets,Canada,57.27417,-111.7417,230.79719681928685,8.892539356605065,12.829568788501026
hysets_02317797,hysets,United States of America,31.48185048,-83.5840559,332.7383220801252,8.895277207392198,8.91170431211499
hysets_01614830,hysets,United States of America,39.1089948,-78.2050011,38.82519043633092,8.895277207392198,8.892539356605065
hysets_10171600,hysets,United States of America,40.7096692,-111.7974329,133.7720404976174,8.898015058179329,9.741273100616016
hysets_13334500,hysets,United States of America,46.3276572,-117.2065518,405.51268192537066,8.914442162902121,8.91170431211499
GRDC_4208628,grdc,Canada,55.2896,-119.1479,143.273435959306,8.919917864476385,12.566735112936344
hysets_02215900,hysets,United States of America,32.0523988,-82.8156974,814.8267586105812,8.92539356605065,9.117043121149898
hysets_02LH032,hysets,Canada,46.07794,-76.06941,1224.3637464048936,8.92539356605065,8.922655715263518
hysets_09240900,hysets,United States of America,40.743306,-106.8553254,319.7435414539139,8.92539356605065,15.994524298425736
hysets_03373560,hysets,United States of America,38.581165,-86.5988804,450.2281271867769,8.93908281998631,8.936344969199178
camelscl_12863002,camelscl,Chile,-53.31875,-68.66875,197.6318098237939,8.944558521560575,10.620123203285422
hysets_10RC002,hysets,Canada,65.46583,-95.88128,2253.14467472255,8.944558521560575,12.386036960985626
hysets_01635090,hysets,United States of America,39.00677495,-78.3163924,396.960421687873,8.950034223134839,8.947296372347708
lamahice_4,lamahice,Iceland,65.0578134189277,-18.490195566865907,224.5587324352457,8.958247775496236,8.955509924709103
camelscl_8366002,camelscl,Chile,-37.4561,-72.3272,17.87191564207671,8.969199178644764,11.392197125256674
camelses_1824,camelses,Spain,42.5305,-7.422,165.1582457001432,8.969199178644764,8.999315537303216
hysets_01104370,hysets,United States of America,42.38555556,-71.2894444,26.72850584340435,8.980150581793293,8.97741273100616
hysets_09238705,hysets,United States of America,40.47359,-106.6800438,1.7567383923806974,8.982888432580424,8.993839835728952
hysets_06645164,hysets,United States of America,42.6577425,-106.1639066,16.87286258065975,8.988364134154688,8.999315537303216
hysets_12011000,hysets,United States of America,46.49149037,-123.8346022,46.62311549678612,8.991101984941821,26.743326488706366
hysets_11480800,hysets,United States of America,40.88624107,-123.9417258,104.52050819876725,8.993839835728952,16.993839835728952
hysets_11426130,hysets,United States of America,39.2760159,-120.366868,1.038361240012501,8.993839835728952,9.99315537303217
hysets_11384350,hysets,United States of America,39.78377158,-121.8860903,128.28111847442278,8.996577686516085,8.993839835728952
hysets_03538500,hysets,United States of America,36.1128533,-84.6149405,215.9486249189456,8.996577686516085,17.744010951403148
hysets_11523700,hysets,United States of America,41.09292298,-122.7539134,276.6588358526409,8.996577686516085,8.993839835728952
hysets_03085956,hysets,United States of America,40.45645737,-80.1758912,66.77949090477233,8.996577686516085,8.993839835728952
hysets_05394000,hysets,United States of America,45.25829978,-89.8445766,213.2644539879968,8.996577686516085,8.993839835728952
hysets_12339800,hysets,United States of America,46.9529472,-113.56735,5272.549900048952,8.996577686516085,8.993839835728952
hysets_10253350,hysets,United States of America,34.12000347,-116.0961148,22.16081182367104,8.996577686516085,8.993839835728952
GRDC_6211170,grdc,Spain,43.0271,-7.5896,2226.3513514846104,8.996577686516085,8.996577686516085
hysets_11528400,hysets,United States of America,40.5193119,-123.0858592,224.11395985436195,8.996577686516085,8.993839835728952
hysets_11070475,hysets,United States of America,33.67835518,-117.235036,305.7001503934939,8.996577686516085,8.993839835728952
hysets_11480750,hysets,United States of America,40.7637446,-123.8900542,870.0799868931744,8.996577686516085,8.993839835728952
hysets_02367800,hysets,United States of America,31.01018008,-86.537174,1195.6537121403032,8.996577686516085,8.993839835728952
hysets_11518600,hysets,United States of America,41.63319568,-122.7478075,180.47308211630755,8.996577686516085,8.993839835728952
hysets_11167660,hysets,United States of America,37.2488326,-121.913566,15.38869571642269,8.996577686516085,8.993839835728952
hysets_07233210,hysets,United States of America,36.65641567,-101.1354374,13102.960318552468,8.996577686516085,8.993839835728952
hysets_07361200,hysets,United States of America,33.88205627,-93.5999015,371.1634115182408,8.996577686516085,8.993839835728952
hysets_07311790,hysets,United States of America,33.6550874,-100.0139878,1116.3068230356157,8.996577686516085,8.993839835728952
hysets_09458500,hysets,United States of America,32.8472877,-109.7159136,27241.551130457647,8.996577686516085,8.993839835728952
hysets_01583980,hysets,United States of America,39.41666667,-76.5463056,7.855974710443884,8.996577686516085,8.993839835728952
hysets_02458200,hysets,United States of America,33.54593804,-86.7858233,44.34395559415008,8.996577686516085,8.993839835728952
hysets_09302400,hysets,United States of America,39.9977605,-107.2311655,52.70760393363653,8.996577686516085,8.993839835728952
hysets_03198450,hysets,United States of America,38.12482378,-81.6923421,19.828625176285087,8.996577686516085,8.993839835728952
hysets_11208731,hysets,United States of America,36.4513346,-118.7884306,222.5668686022474,8.996577686516085,8.993839835728952
hysets_11208720,hysets,United States of America,36.45133464,-118.7895417,228.50009251891967,8.996577686516085,8.993839835728952
hysets_11214400,hysets,United States of America,37.10688665,-118.8967782,73.18134552643403,8.996577686516085,8.993839835728952
hysets_11482130,hysets,United States of America,41.1173484,-123.9128425,19.888593583530582,8.996577686516085,9.995893223819301
hysets_12301810,hysets,United States of America,48.7478111,-115.3537083,350.84275206337963,8.996577686516085,8.993839835728952
hysets_06296120,hysets,United States of America,46.3980582,-105.8955602,110815.03559597772,8.996577686516085,9.995893223819301
hysets_11258920,hysets,United States of America,37.38327485,-119.8376626,35.32598223824175,8.996577686516085,8.993839835728952
hysets_11253000,hysets,United States of America,36.82272414,-120.0882159,4712.558627656783,8.996577686516085,8.993839835728952
hysets_06313180,hysets,United States of America,43.4366382,-106.4203104,2.0156612986232965,8.996577686516085,8.993839835728952
hysets_11214200,hysets,United States of America,37.09855245,-118.862055,38.89276990899776,8.996577686516085,8.993839835728952
hysets_04020000,hysets,United States of America,47.25049169,-92.8101928,612.6892215099658,8.996577686516085,8.993839835728952
hysets_09134700,hysets,United States of America,38.9260933,-107.7925609,21.01903379456726,8.996577686516085,8.993839835728952
hysets_12301550,hysets,United States of America,48.8322611,-115.2282333,195.0254927021994,8.996577686516085,8.993839835728952
hysets_09092600,hysets,United States of America,39.43553387,-107.9772939,25.33155802770988,8.996577686516085,8.993839835728952
hysets_04018000,hysets,United States of America,47.4527051,-92.3835155,429.2101577352147,8.996577686516085,8.993839835728952
hysets_02HG003,hysets,Canada,44.13192,-78.82897,33.72851450685375,8.999315537303216,11.75085557837098
hysets_09304100,hysets,United States of America,39.9688659,-107.6467307,86.09706150213816,8.999315537303216,8.996577686516085
hysets_04LB002,hysets,Canada,48.62664,-81.63033,923.5949683620012,8.999315537303216,8.996577686516085
hysets_06808200,hysets,United States of America,40.9091657,-95.6036096,20.069302456123506,8.999315537303216,8.996577686516085
camelses_2714,camelses,Spain,41.1727,-4.0909,633.5779908324674,8.999315537303216,8.996577686516085
GRDC_4208347,grdc,Canada,62.0646,-122.2188,218.90046736658297,8.999315537303216,8.996577686516085
hysets_10361700,hysets,United States of America,41.72211629,-119.3732584,19.85979240558088,8.999315537303216,8.996577686516085
hysets_04225500,hysets,United States of America,42.6611111,-77.7683333,473.0420824009637,8.999315537303216,8.996577686516085
hysets_08024060,hysets,United States of America,31.58072865,-93.462675,8.958825422854392,8.999315537303216,8.996577686516085
hysets_03576400,hysets,United States of America,34.8028666,-86.8833373,139.91729106373026,8.999315537303216,8.996577686516085
hysets_07355005,hysets,United States of America,31.2960136,-92.7334814,13.32785292888719,8.999315537303216,8.996577686516085
hysets_02KA015,hysets,Canada,46.27614,-78.47875,167.01381162896806,8.999315537303216,8.996577686516085
hysets_11334500,hysets,United States of America,38.53907385,-120.8635485,1129.7164973303477,8.999315537303216,8.996577686516085
hysets_11136650,hysets,United States of America,34.9833102,-119.7759677,41.75152049009793,8.999315537303216,8.996577686516085
hysets_07190600,hysets,United States of America,36.8017448,-95.1635779,183.15801831221032,8.999315537303216,8.996577686516085
hysets_09238800,hysets,United States of America,40.49720037,-106.6989339,11.943300577761356,8.999315537303216,8.996577686516085
GRDC_4185201,grdc,Puerto Rico,18.0188,-66.0229,68.57170371880939,8.999315537303216,8.996577686516085
hysets_06231600,hysets,United States of America,42.7574578,-108.798452,225.6132529223489,8.999315537303216,8.996577686516085
hysets_11472160,hysets,United States of America,39.449329,-123.3980667,9.476030179270492,8.999315537303216,8.996577686516085
hysets_11454100,hysets,United States of America,38.47768546,-122.0296919,40.440787399475965,8.999315537303216,8.996577686516085
hysets_02370200,hysets,United States of America,30.8640745,-86.9055174,89.00128562846443,8.999315537303216,8.996577686516085
camelsde_DE411330,camelsde,Germany,52.18898242,12.63783253,43.30916106725364,9.00205338809035,8.999315537303216
hysets_08476300,hysets,United States of America,32.9372956,-108.0158741,247.3927783082715,9.00205338809035,8.999315537303216
camelses_1829,camelses,Spain,42.1204,-7.5812,530.8788262125581,9.00205338809035,8.999315537303216
lamah_214445,lamah,Austria,47.851945059614565,15.04239338449858,24.750605725177007,9.00205338809035,8.999315537303216
lamah_213173,lamah,Austria,46.64061795653271,14.940017906442176,11017.628427784124,9.00205338809035,8.999315537303216
hysets_06645174,hysets,United States of America,42.7138536,-106.1827965,12.212925599669711,9.00205338809035,8.999315537303216
hysets_02YN003,hysets,Canada,48.57944,-57.22806,401.0154321495682,9.00205338809035,8.999315537303216
GRDC_4208073,grdc,Canada,68.3562,-133.5896,28.6354525296803,9.00205338809035,9.995893223819301
hysets_05579620,hysets,United States of America,40.47277778,-88.8797222,10.211151387505106,9.00205338809035,8.999315537303216
hysets_06645166,hysets,United States of America,42.67218705,-106.1514061,47.64910674605151,9.00205338809035,8.999315537303216
hysets_12365800,hysets,United States of America,48.48299167,-114.4321222,199.2578163293539,9.00479123887748,9.00205338809035
hysets_03353885,hysets,United States of America,39.7292115,-86.3227694,59.805771152407104,9.010266940451745,9.007529089664613
hysets_09304150,hysets,United States of America,39.9310873,-107.770068,150.59096904456754,9.010266940451745,9.007529089664613
camelscl_1502008,camelscl,Chile,-18.9429166666667,-69.6223611111111,1207.0196908544308,9.010266940451745,14.483230663928817
hysets_01186400,hysets,United States of America,41.9784281,-73.04510709,92.05255921860584,9.013004791238878,9.010266940451745
hysets_02427830,hysets,United States of America,31.9412602,-87.1866538,56.53724811338779,9.013004791238878,9.289527720739219
GRDC_5608090,grdc,Australia,-16.1354,128.7396,45504.27426415309,9.015742642026009,15.326488706365502
hysets_034323531,hysets,United States of America,35.92234416,-86.8430311,2.0694827594963785,9.021218343600275,9.111567419575634
hysets_11268200,hysets,United States of America,37.63576505,-119.9332325,1788.2696221081226,9.021218343600275,9.018480492813142
hysets_07107900,hysets,United States of America,37.92056386,-104.9563783,25.40199179691697,9.023956194387406,27.994524298425734
hysets_08086260,hysets,United States of America,32.58373549,-99.0328482,71.24311893185312,9.023956194387406,9.021218343600275
hysets_02461640,hysets,United States of America,33.39983244,-86.9933268,161.6120644603499,9.023956194387406,9.021218343600275
hysets_01103220,hysets,United States of America,42.0409315,-71.4267256,2.8920399849875675,9.026694045174539,9.023956194387406
hysets_05OF015,hysets,Canada,49.34278,-97.8425,152.12794399029897,9.02943189596167,13.305954825462011
hysets_03207962,hysets,United States of America,37.4492713,-82.33764438,2.1844558031631904,9.032169746748803,9.02943189596167
GRDC_1323580,grdc,Liberia,6.0854,-9.8688,15861.0620451302,9.032169746748803,9.396303901437372
hysets_11162940,hysets,United States of America,37.40660625,-122.2041322,73.3950960051843,9.032169746748803,9.02943189596167
hysets_08020200,hysets,United States of America,32.4793133,-94.9541064,125.18515735537156,9.034907597535934,9.032169746748803
hysets_03567340,hysets,United States of America,34.95729786,-85.2055095,386.52551359771456,9.040383299110198,9.037645448323067
hysets_02200120,hysets,United States of America,33.044596,-82.6037424,1169.0787711374044,9.040383299110198,9.037645448323067
lamah_214254,lamah,Austria,47.81250477455587,14.929026546464309,317.7112925566487,9.040383299110198,9.037645448323067
hysets_02202680,hysets,United States of America,32.0802044,-81.3853901,7759.947893047188,9.040383299110198,9.037645448323067
hysets_12196200,hysets,United States of America,48.408441,-121.980977,17.159791057962824,9.043121149897331,9.043121149897331
hysets_03267500,hysets,United States of America,40.0070041,-83.8232632,681.1703902014465,9.048596851471595,9.136208076659821
hysets_01427650,hysets,United States of America,41.69925517,-75.1657274,17.44080822015095,9.048596851471595,9.045859000684462
GRDC_4584900,grdc,Jamaica,17.9396,-76.2688,144.362927337817,9.048596851471595,40.2135523613963
lamah_19145208,lamah,Germany,48.5773731009967,13.57969101420022,216.0548265777376,9.070499657768652,9.067761806981519
hysets_05413449,hysets,United States of America,42.78026908,-90.9423494,109.52235204650547,9.073237508555783,9.070499657768652
hysets_02453500,hysets,United States of America,33.75760677,-87.1702791,4967.616760435094,9.075975359342916,9.155373032169747
hysets_04012500,hysets,United States of America,47.63961985,-90.7087498,293.96310039343695,9.078713210130047,9.075975359342916
hysets_11528200,hysets,United States of America,40.608197,-123.451147,886.5239883908366,9.078713210130047,9.075975359342916
hysets_11477700,hysets,United States of America,40.44430835,-123.6553145,93.707164343647,9.078713210130047,9.075975359342916
hysets_03594445,hysets,United States of America,35.62395876,-88.2728188,315.61782593606927,9.078713210130047,14.663928815879535
GRDC_4102400,grdc,United States of America,63.9312,-160.3104,2624.1629001554898,9.078713210130047,10.360027378507871
hysets_11467800,hysets,United States of America,38.9929568,-123.4344535,161.7152982309334,9.08145106091718,9.078713210130047
hysets_015765185,hysets,United States of America,39.99119167,-76.26395278,2.754544348774588,9.084188911704311,9.08145106091718
hysets_02339225,hysets,United States of America,33.1223435,-85.2491113,155.14579777125252,9.084188911704311,9.08145106091718
hysets_07316200,hysets,United States of America,33.70232817,-96.8477793,66.47974386074242,9.086926762491444,9.084188911704311
lamahice_40,lamahice,Iceland,63.66280004350597,-18.61562999323897,377.2287994155572,9.086926762491444,9.084188911704311
hysets_07186600,hysets,United States of America,37.1211111,-94.5821389,108.38136739334372,9.095140314852841,9.092402464065708
hysets_01484983,hysets,United States of America,38.44205556,-75.3951667,6.694280994276609,9.103353867214237,9.100616016427105
hysets_02217615,hysets,United States of America,34.20027778,-83.5158333,257.97236193129453,9.111567419575634,9.1088295687885
hysets_09058030,hysets,United States of America,39.96693085,-106.5233675,6221.120032590743,9.114305270362765,9.111567419575634
GRDC_3613150,grdc,Brazil,-0.1688,-51.7646,2317.02403649223,9.117043121149898,9.114305270362765
camelscl_8700002,camelscl,Chile,-37.4785663463475,-73.3370645960125,107.48701792681804,9.117043121149898,11.014373716632443
hysets_02209000,hysets,United States of America,33.5059506,-83.8249037,639.6982692633235,9.117043121149898,9.114305270362765
hysets_02318380,hysets,United States of America,31.0010254,-83.45821639,1993.803868961969,9.117043121149898,9.119780971937029
hysets_11532000,hysets,United States of America,41.7915024,-124.026187,750.979428505415,9.117043121149898,24.993839835728952
hysets_10255805,hysets,United States of America,33.36503449,-116.41668,399.8413214548514,9.119780971937029,9.902806297056811
hysets_02208000,hysets,United States of America,33.4998611,-83.8841667,1112.3580525740956,9.119780971937029,9.117043121149898
hysets_09083800,hysets,United States of America,39.40803866,-107.23033,903.393720834264,9.127994524298426,10.368240930869268
hysets_01378690,hysets,United States of America,40.7336111,-74.54,22.769795664522224,9.13347022587269,9.130732375085557
hysets_01209105,hysets,United States of America,41.22874167,-73.3241194,46.60496387361542,9.13347022587269,9.130732375085557
hysets_09306395,hysets,United States of America,40.01385727,-109.0806682,9199.208174935671,9.136208076659821,9.13347022587269
hysets_01372850,hysets,United States of America,41.57694444,-73.81527778,16.36313889785859,9.136208076659821,9.163586584531142
hysets_06928700,hysets,United States of America,37.10434444,-92.0714944,19.754569204115064,9.136208076659821,9.13347022587269
hysets_01572950,hysets,United States of America,40.43897778,-76.59829919,14.109097379264073,9.149897330595483,12.095824777549623
hysets_11468600,hysets,United States of America,39.57266134,-123.7002934,85.60344004712621,9.149897330595483,9.14715947980835
hysets_12119600,hysets,United States of America,47.5298219,-122.201233,33.87746370490232,9.158110882956878,14.677618069815194
hysets_06870300,hysets,United States of America,38.6527822,-97.4203079,303.420630562786,9.160848733744011,18.666666666666668
hysets_08202000,hysets,United States of America,29.5505069,-99.406433,140.72341793432778,9.163586584531142,9.160848733744011
hysets_01480680,hysets,United States of America,40.06621456,-75.7268795,45.91012390254287,9.163586584531142,9.160848733744011
hysets_01476600,hysets,United States of America,39.7886111,-75.2572222,9.42231536494444,9.163586584531142,9.160848733744011
hysets_11473800,hysets,United States of America,39.64904555,-123.1211188,217.62434711497744,9.163586584531142,9.160848733744011
hysets_06260000,hysets,United States of America,43.66666667,-108.855,223.3642047807328,9.163586584531142,14.740588637919233
GRDC_4214945,grdc,Canada,58.0354,-73.2521,3883.11358142668,9.163586584531142,9.160848733744011
camelscl_8720001,camelscl,Chile,-37.6060585416803,-73.4998366132985,665.4094674332524,9.166324435318275,39.42778918548939
hysets_05385500,hysets,United States of America,43.73857768,-91.5640317,710.2347538201212,9.169062286105408,37.9958932238193
GRDC_4208868,grdc,Canada,56.3854,-111.0354,73.2986128769651,9.169062286105408,13.44558521560575
hysets_09046530,hysets,United States of America,39.4930424,-106.0447409,28.26730577868836,9.17180013689254,9.998631074606434
hysets_06167500,hysets,United States of America,48.4203111,-107.1711389,4569.636145958188,9.174537987679672,13.47296372347707
hysets_10311260,hysets,United States of America,39.18407599,-119.806016,4.126554571540948,9.177275838466803,13.084188911704311
camelsde_DEF11300,camelsde,Germany,53.52519323,10.35524422,70.98477227679012,9.180013689253936,9.177275838466803
hysets_12302500,hysets,United States of America,48.30180278,-115.5923667,60.95602405756617,9.182751540041068,9.180013689253936
hysets_12197700,hysets,United States of America,48.5301094,-122.1368202,8.744961837248576,9.1854893908282,9.182751540041068
hysets_11382550,hysets,United States of America,40.23377046,-121.4649738,183.64181138819453,9.188227241615332,9.1854893908282
hysets_12415350,hysets,United States of America,47.6408333,-116.6172222,101.79264357795812,9.201916495550993,9.19917864476386
hysets_06732000,hysets,United States of America,40.34526186,-105.5855569,63.37020709102823,9.207392197125257,19.789185489390828
hysets_01116300,hysets,United States of America,41.7564892,-71.4972824,10.244567872525083,9.212867898699521,9.210130047912388
hysets_03295702,hysets,United States of America,38.218681,-85.3019009,141.13870661633575,9.215605749486652,9.453798767967145
hysets_02246459,hysets,United States of America,30.28218375,-81.7403761,55.85653447609031,9.221081451060916,25.11978097193703
hysets_07077652,hysets,United States of America,35.85,-90.7213889,50.98887973993185,9.229295003422314,9.229295003422314
hysets_06893820,hysets,United States of America,39.0173611,-94.3872778,254.46212445244032,9.234770704996578,9.232032854209445
camelscl_10440000,camelscl,Chile,-41.5114,-72.6058,55.90480020121514,9.242984257357975,13.949349760438055
hysets_07165550,hysets,United States of America,35.8189891,-95.8886011,123.14961832140548,9.248459958932239,9.245722108145106
hysets_12469,hysets,Mexico,21.2663940488554,-103.569139858936,853.8401231350065,9.248459958932239,9.995893223819301
hysets_02053400,hysets,United States of America,36.2479334,-77.2363545,8.666321746216859,9.248459958932239,9.245722108145106
hysets_03070260,hysets,United States of America,39.4948104,-79.6444969,2701.21923208912,9.248459958932239,22.247775496235455
hysets_05575830,hysets,United States of America,39.59727439,-89.6300969,79.93193183540704,9.248459958932239,9.245722108145106
hysets_05427530,hysets,United States of America,42.83,-89.0213889,5970.253600828244,9.25119780971937,9.25119780971937
hysets_14236400,hysets,United States of America,46.60538376,-122.509558,11.931317668807576,9.25119780971937,9.248459958932239
hysets_01513831,hysets,United States of America,42.0972222,-76.26638889,10900.5340646917,9.25119780971937,9.248459958932239
hysets_03217500,hysets,United States of America,40.57194444,-83.3841667,665.6546002965473,9.25119780971937,9.248459958932239
hysets_02227270,hysets,United States of America,31.37549219,-82.288736,979.9276132539596,9.25119780971937,9.248459958932239
hysets_01502632,hysets,United States of America,42.29138889,-75.47638889,4200.3601483305565,9.25119780971937,9.248459958932239
hysets_01507000,hysets,United States of America,42.32444444,-75.77138889,1524.6246087272127,9.25119780971937,9.248459958932239
hysets_02307674,hysets,United States of America,27.97550618,-82.7131558,16.083994099703155,9.25119780971937,9.248459958932239
hysets_01502731,hysets,United States of America,42.0747222,-75.63777778,4804.302908649354,9.25119780971937,9.248459958932239
hysets_02315920,hysets,United States of America,31.63129589,-83.4179382,1114.0093828919466,9.253935660506503,9.538672142368242
camelses_3165,camelses,Spain,41.0806,-3.1138,279.6506027073989,9.253935660506503,9.25119780971937
hysets_12100490,hysets,United States of America,47.27482295,-122.2078967,1223.384071091809,9.253935660506503,9.25119780971937
hysets_05550001,hysets,United States of America,42.16194444,-88.29388889,3587.716543010083,9.253935660506503,9.25119780971937
hysets_03314000,hysets,United States of America,36.89531974,-86.380546,1218.9342931634203,9.253935660506503,9.25119780971937
hysets_01212500,hysets,United States of America,41.0272972,-73.66175,70.45187215411866,9.253935660506503,9.25119780971937
hysets_06405000,hysets,United States of America,43.7611003,-103.3621371,69.52776161775016,9.256673511293634,9.253935660506503
hysets_04166470,hysets,United States of America,42.3942031,-83.2782632,172.5809293972648,9.259411362080767,13.08145106091718
camelsde_DEC10450,camelsde,Germany,49.16019166,7.157286845,21.34685402011688,9.262149212867898,9.259411362080767
GRDC_6731510,grdc,Norway,63.2146,11.0021,2054.88865140214,9.273100616016427,57.45379876796714
hysets_02455900,hysets,United States of America,33.80843478,-86.8011058,1832.9138568309645,9.27857631759069,10.023271731690622
hysets_03068610,hysets,United States of America,38.9076087,-79.6967274,13.162231549485336,9.27857631759069,9.27583846680356
hysets_01119382,hysets,United States of America,41.8240111,-72.3128472,250.5635459596654,9.281314168377824,9.360711841204655
GRDC_4208822,grdc,Canada,56.3229,-113.7854,14245.0286398662,9.281314168377824,9.27857631759069
hysets_01154950,hysets,United States of America,43.14944444,-72.3616667,192.49092352258808,9.292265571526352,9.289527720739219
hysets_13075700,hysets,United States of America,42.8808333,-112.393611,10.996340246509469,9.292265571526352,9.289527720739219
hysets_03181200,hysets,United States of America,38.28011925,-80.0750652,7.922072325642055,9.300479123887747,9.297741273100616
hysets_03193830,hysets,United States of America,38.32011784,-80.0975668,4.444254713599001,9.300479123887747,9.297741273100616
hysets_07QC007,hysets,Canada,60.4085,-110.6645,25495.926813776365,9.305954825462011,9.462012320328542
hysets_10172875,hysets,United States of America,39.77771867,-113.8616608,22.10585840204196,9.305954825462011,9.30321697467488
hysets_01115100,hysets,United States of America,41.85148805,-71.6228426,7.250876824849007,9.308692676249144,9.305954825462011
hysets_01112700,hysets,United States of America,42.0050983,-71.4892275,5.8392302755103245,9.311430527036277,9.308692676249144
GRDC_4208501,grdc,Canada,55.7896,-124.6813,5043.015563440321,9.316906228610542,9.612594113620808
hysets_06893830,hysets,United States of America,39.03777778,-94.3633333,12.89936734967904,9.322381930184806,9.319644079397673
hysets_11441000,hysets,United States of America,38.8651831,-120.4274203,213.84939456250487,9.32785763175907,9.744010951403148
hysets_08121500,hysets,United States of America,32.39511765,-101.02595,687.1607165043617,9.330595482546201,9.32785763175907
hysets_06815600,hysets,United States of America,39.80778119,-95.4708138,101.89697416376669,9.333333333333334,9.330595482546201
hysets_06610732,hysets,United States of America,41.30666465,-96.1041852,333.56080314413634,9.333333333333334,11.080082135523615
hysets_073274458,hysets,United States of America,34.8625681,-98.1411577,16.260164801549347,9.333333333333334,9.330595482546201
camelsde_DEC10260,camelsde,Germany,49.56429786,7.173337351,28.8329799231287,9.336071184120465,9.333333333333334
hysets_02489240,hysets,United States of America,31.1579569,-89.6270163,211.10508188871765,9.344284736481862,9.34154688569473
hysets_09367680,hysets,United States of America,36.0283722,-107.9189806,1495.3376756529617,9.35523613963039,9.352498288843258
GRDC_4214800,grdc,Canada,55.2812,-77.5771,41079.6937482675,9.357973990417522,12.109514031485284
hysets_11373200,hysets,United States of America,40.690154,-122.0441653,26.717632962051454,9.382614647501711,9.379876796714578
hysets_07031680,hysets,United States of America,35.18925549,-89.76175039,3.608635200560219,9.385352498288844,9.382614647501711
hysets_08105400,hysets,United States of America,30.62880763,-97.4733356,1559.484560590868,9.385352498288844,9.382614647501711
hysets_07055608,hysets,United States of America,36.22305556,-92.6797222,1051.1465887958916,9.388090349075975,19.37577002053388
hysets_06724500,hysets,United States of America,40.12554106,-105.3038797,131.4953635338488,9.388090349075975,38.743326488706366
hysets_14115815,hysets,United States of America,45.46206168,-121.6522976,22.36419945448112,9.401779603011637,9.399041752224504
hysets_07257693,hysets,United States of America,35.39305556,-93.2205556,5.318148045751066,9.404517453798768,9.401779603011637
hysets_05378235,hysets,United States of America,44.0710742,-91.7643183,115.92290296594452,9.404517453798768,9.579739904175222
hysets_12035002,hysets,United States of America,46.9720406,-123.4915499,4550.600953034306,9.404517453798768,28.996577686516083
hysets_05AD042,hysets,Canada,49.23194,-113.9608,47.75426790136304,9.409993155373032,13.66735112936345
hysets_10204200,hysets,United States of America,38.7502458,-111.9771462,49.19970002697147,9.409993155373032,11.41409993155373
hysets_01656100,hysets,United States of America,38.6162316,-77.5541545,401.3201550583299,9.409993155373032,18.146475017111566
camelscl_5721016,camelscl,Chile,-33.3129166666667,-70.3581944444444,139.5597158865036,9.415468856947296,10.836413415468858
hysets_09512300,hysets,United States of America,33.78337158,-112.0073716,324.53775075823995,9.415468856947296,9.412731006160165
hysets_03583000,hysets,United States of America,35.1931744,-86.8450939,94.67517962415997,9.415468856947296,13.828884325804244
hysets_11029000,hysets,United States of America,33.0667088,-117.0355868,644.6080205855271,9.415468856947296,9.412731006160165
hysets_06285500,hysets,United States of America,44.8499525,-108.4506749,965.4330830832716,9.418206707734429,9.415468856947296
GRDC_1160495,grdc,South Africa,-33.1063,25.2271,552.7581628596299,9.42094455852156,10.38466803559206
hysets_06785500,hysets,United States of America,41.94166667,-99.8602778,4765.933364586995,9.42094455852156,67.99726214921287
hysets_13076200,hysets,United States of America,42.88602435,-112.6424866,1113.3026093323258,9.423682409308693,9.42094455852156
hysets_10169500,hysets,United States of America,40.68078027,-111.9038248,210.69086825817448,9.426420260095824,10.740588637919233
hysets_06164590,hysets,United States of America,47.93862778,-108.3912194,26.51748002201752,9.426420260095824,9.423682409308693
hysets_02326828,hysets,United States of America,30.47853365,-84.23656509,9.499314927696023,9.434633812457221,10.245037645448322
hysets_12396900,hysets,United States of America,48.8463111,-117.2869086,180.73383587789343,9.434633812457221,9.431895961670088
hysets_12341000,hysets,United States of America,46.8719444,-113.9840389,208.0344607674677,9.437371663244353,9.483915126625599
GRDC_4214590,grdc,Canada,51.8521,-82.9688,126731.189620477,9.442847364818617,9.998631074606434
hysets_05052500,hysets,United States of America,46.31134769,-96.7345217,725.5782752838808,9.451060917180014,15.58384668035592
GRDC_6227420,grdc,Spain,38.0938,-0.7146,14476.1774732279,9.462012320328542,9.998631074606434
hysets_08GD005,hysets,Canada,51.37444,-124.7619,1919.0162107099936,9.464750171115675,13.462012320328542
hysets_07187600,hysets,United States of America,37.0236757,-94.7210595,6334.226053362072,9.464750171115675,10.250513347022586
hysets_08321500,hysets,United States of America,35.82752335,-106.6480908,449.3916209853785,9.464750171115675,9.462012320328542
hysets_02238500,hysets,United States of America,29.0811111,-81.8808333,2471.585578665826,9.470225872689939,10.247775496235455
hysets_08DA009,hysets,Canada,56.96806,-129.4658,117.56759963161778,9.486652977412732,9.483915126625599
hysets_07261090,hysets,United States of America,35.2708333,-92.6302778,61.42191702180514,9.486652977412732,9.483915126625599
hysets_02426000,hysets,United States of America,32.43846926,-87.3338863,246.4397805282776,9.492128678986996,20.7419575633128
hysets_07255100,hysets,United States of America,35.3562003,-93.9835355,12.838311407471185,9.494866529774127,9.57700205338809
hysets_06855800,hysets,United States of America,39.6145692,-97.8568182,860.7073304312304,9.494866529774127,9.492128678986996
hysets_06872300,hysets,United States of America,39.79958976,-98.8544884,187.72450277231573,9.49760438056126,9.494866529774127
hysets_03296000,hysets,United States of America,38.17423489,-85.3680118,3.672184488373908,9.500342231348391,9.49760438056126
hysets_02MA001,hysets,Canada,44.54611,-76.12333,270.4647731155051,9.500342231348391,12.46817248459959
hysets_02485500,hysets,United States of America,32.38847699,-89.9681377,535.951039750053,9.500342231348391,9.49760438056126
hysets_06154490,hysets,United States of America,48.3251472,-108.415375,13.93717750972159,9.500342231348391,9.49760438056126
hysets_11480000,hysets,United States of America,40.7915195,-124.0039459,15.65191921944595,9.500342231348391,9.49760438056126
hysets_06164615,hysets,United States of America,47.9730333,-108.3628667,14.931521350602674,9.503080082135524,9.500342231348391
hysets_07140900,hysets,United States of America,38.07527778,-99.9169444,834.9706971767293,9.503080082135524,9.500342231348391
hysets_03605550,hysets,United States of America,36.0572823,-87.8983626,78.58732078082014,9.503080082135524,9.546885694729637
hysets_02226362,hysets,United States of America,31.30270937,-82.5612501,2356.930376686472,9.505817932922655,9.503080082135524
hysets_05JE002,hysets,Canada,49.93083,-104.4825,762.9651790543345,9.505817932922655,13.681040383299111
hysets_06868700,hysets,United States of America,39.1522311,-98.3961721,69.1741717925494,9.508555783709788,9.505817932922655
hysets_08156700,hysets,United States of America,30.34742756,-97.7450066,16.553092869711726,9.51129363449692,9.508555783709788
hysets_03267950,hysets,United States of America,40.01061554,-83.6988154,74.38241456514588,9.514031485284052,9.51129363449692
hysets_03267960,hysets,United States of America,40.00617118,-83.6935374,74.5888904044463,9.516769336071183,9.514031485284052
hysets_02212735,hysets,United States of America,33.01680095,-83.72712329,5435.905861792029,9.522245037645447,9.519507186858316
hysets_02327355,hysets,United States of America,31.0022222,-83.9391667,664.4856321999172,9.522245037645447,9.519507186858316
hysets_09510180,hysets,United States of America,33.7303214,-111.508468,39.22361242056821,9.527720739219713,9.52498288843258
hysets_02223360,hysets,United States of America,32.76653786,-83.1679321,476.1416527427219,9.533196440793978,9.530458590006845
hysets_06405800,hysets,United States of America,43.79193375,-103.3474139,10.488776786279924,9.541409993155373,9.579739904175222
hysets_02202190,hysets,United States of America,32.4946232,-81.5556634,6167.052147916088,9.541409993155373,9.538672142368242
camelscl_2104013,camelscl,Chile,-21.9719,-68.6083,5351.680567130433,9.544147843942506,12.09034907597536
hysets_02223190,hysets,United States of America,32.8498693,-83.1929324,404.6245131456744,9.557837097878165,9.555099247091034
camelscl_5703006,camelscl,Chile,-33.5847,-70.1161,32.61242483819197,9.560574948665298,28.18343600273785
hysets_11067890,hysets,United States of America,33.9283479,-117.59644,2652.029783055369,9.56331279945243,9.560574948665298
GRDC_5402101,grdc,Australia,-37.1729,139.8313,1752.4327684815698,9.57700205338809,25.65366187542779
hysets_07254500,hysets,United States of America,35.26526944,-93.830425,12.941372169242834,9.579739904175222,9.57700205338809
hysets_03489900,hysets,United States of America,36.6464888,-82.553209,207.276749664487,9.579739904175222,15.994524298425736
hysets_02053450,hysets,United States of America,36.2812664,-77.16524159,67.77333386182546,9.582477754962355,9.579739904175222
hysets_08435700,hysets,United States of America,30.38127097,-103.7360092,73.00209967607336,9.582477754962355,9.579739904175222
hysets_04276770,hysets,United States of America,44.0525,-73.4791667,71.74110108775223,9.582477754962355,9.579739904175222
hysets_02299470,hysets,United States of America,27.07116727,-82.2178692,221.35124734295687,9.585215605749486,9.582477754962355
hysets_073274408,hysets,United States of America,34.92589885,-98.2336611,3.160803715989783,9.598904859685147,9.596167008898014
hysets_06876440,hysets,United States of America,39.12002778,-97.7112889,15597.591154340562,9.609856262833675,40.28199863107461
hysets_02124269,hysets,United States of America,35.30916667,-80.6736111,19.328105727004328,9.618069815195073,9.6290212183436
hysets_02321975,hysets,United States of America,29.85273894,-82.6084508,2431.0372473620414,9.620807665982204,9.99315537303217
GRDC_4244640,grdc,Canada,50.1896,-61.5896,15984.2621118109,9.637234770704996,9.634496919917865
hysets_10168500,hysets,United States of America,40.6185592,-111.7818763,129.1402161315621,9.64271047227926,9.741273100616016
hysets_08NG086,hysets,Canada,49.66056,-116.0703,147.0937294109617,9.645448323066393,9.64271047227926
hysets_07173300,hysets,United States of America,37.1178313,-96.181658,309.56812616485786,9.659137577002053,9.656399726214921
hysets_07171600,hysets,United States of America,37.11031534,-96.489455,540.476814969528,9.659137577002053,9.656399726214921
hysets_040734644,hysets,United States of America,43.85831557,-88.871501,102.4248671894123,9.661875427789186,9.659137577002053
hysets_11203100,hysets,United States of America,36.1393929,-118.8050937,260.12115177813007,9.670088980150581,9.66735112936345
hysets_08133900,hysets,United States of America,31.64654097,-100.6906581,67.6090016331744,9.670088980150581,9.99315537303217
hysets_01594670,hysets,United States of America,38.58400965,-76.6052365,23.775332897381823,9.672826830937714,9.670088980150581
hysets_05536162,hysets,United States of America,41.43555556,-87.57138889,47.84671654554008,9.675564681724847,9.705681040383299
hysets_13012000,hysets,United States of America,43.8366086,-110.508539,955.585395195461,9.675564681724847,9.672826830937714
hysets_14201500,hysets,United States of America,45.1015099,-122.7462019,152.66218815609577,9.678302532511978,37.9958932238193
GRDC_6211610,grdc,Spain,42.7896,-6.6271,193.69851917130904,9.681040383299111,9.74674880219028
hysets_02315005,hysets,United States of America,30.4857755,-82.7120734,58.909227475536085,9.681040383299111,9.96577686516085
hysets_07280270,hysets,United States of America,33.99455758,-89.9534225,96.28369660686532,9.683778234086242,9.681040383299111
hysets_05435950,hysets,United States of America,42.94916667,-89.5441667,214.0774894184081,9.689253935660506,9.686516084873375
hysets_07103950,hysets,United States of America,39.00388188,-104.7396984,23.566197729667987,9.69199178644764,9.689253935660506
hysets_02379500,hysets,United States of America,34.68425248,-84.4585376,347.89414429388785,9.69472963723477,9.69199178644764
hysets_04235299,hysets,United States of America,42.7115833,-76.434,271.34212654177287,9.69472963723477,9.69199178644764
hysets_11474750,hysets,United States of America,40.0943149,-123.5094693,84.18653676790997,9.700205338809035,9.697467488021903
hysets_06349600,hysets,United States of America,46.8072156,-100.7340153,84.74262559363335,9.708418891170432,16.331279945242983
hysets_14206500,hysets,United States of America,45.44983918,-122.9512138,1452.8809562727872,9.711156741957563,25.744010951403148
GRDC_4208591,grdc,Canada,55.8312,-123.7896,19918.4046115093,9.716632443531827,10.45037645448323
hysets_08231000,hysets,United States of America,37.8133348,-106.318644,161.4261264244319,9.741273100616016,26.740588637919235
hysets_08431700,hysets,United States of America,30.61348635,-104.0015734,136.15943425388994,9.741273100616016,26.740588637919235
hysets_07139800,hysets,United States of America,37.59775994,-100.0153544,202.4948559725624,9.744010951403148,9.741273100616016
hysets_03380475,hysets,United States of America,38.37615934,-88.6622777,250.9948109599109,9.744010951403148,9.741273100616016
GRDC_6211620,grdc,Spain,42.6854,-6.2938,109.375809260672,9.744010951403148,9.74674880219028
hysets_06709500,hysets,United States of America,39.48443309,-105.0024836,781.8774436621416,9.744010951403148,9.741273100616016
hysets_06376300,hysets,United States of America,43.58164019,-104.7202406,1430.0123001478014,9.744010951403148,9.741273100616016
hysets_10271210,hysets,United States of America,37.34965199,-118.4623352,269.9025186214771,9.744010951403148,9.741273100616016
hysets_01332000,hysets,United States of America,42.7023041,-73.09315878,106.071701960132,9.744010951403148,9.741273100616016
hysets_08477500,hysets,United States of America,32.58619275,-107.9200344,1217.4323677396778,9.744010951403148,17.744010951403148
hysets_08086150,hysets,United States of America,32.7076192,-99.2750778,105.3380996952984,9.744010951403148,9.741273100616016
hysets_14306400,hysets,United States of America,44.33734287,-123.8276107,295.7009654284478,9.744010951403148,9.741273100616016
hysets_14308600,hysets,United States of America,42.9673409,-123.1675606,1663.4161429264748,9.744010951403148,9.741273100616016
hysets_06293500,hysets,United States of America,45.5673944,-107.4533944,3033.019413294795,9.74674880219028,9.744010951403148
hysets_11257500,hysets,United States of America,37.2371691,-119.7748763,345.8448496453683,9.74674880219028,9.744010951403148
hysets_06442500,hysets,United States of America,43.9052407,-99.8761727,1151.8764897563046,9.74674880219028,9.744010951403148
hysets_09363000,hysets,United States of America,37.3252804,-107.7489519,251.4100136831221,9.74674880219028,9.744010951403148
hysets_09379000,hysets,United States of America,37.26611234,-109.6756784,719.9435477220176,9.74674880219028,9.744010951403148
hysets_05566000,hysets,United States of America,40.77055556,-88.9102778,17.892296451312617,9.74674880219028,9.744010951403148
hysets_06886000,hysets,United States of America,39.44999784,-96.7169552,23865.4111870368,9.74674880219028,9.744010951403148
hysets_06479980,hysets,United States of America,44.22388586,-96.7673024,518.8996171623462,9.74674880219028,9.744010951403148
hysets_02470000,hysets,United States of America,31.57210695,-88.031393,49167.71860225808,9.74674880219028,9.744010951403148
hysets_01431000,hysets,United States of America,41.48481115,-75.2218422,201.96911839932773,9.74674880219028,9.744010951403148
hysets_12352000,hysets,United States of America,46.74411389,-114.143425,646.7314733848779,9.74674880219028,9.744010951403148
hysets_14172000,hysets,United States of America,44.3512362,-122.7873068,267.73723370136247,9.74674880219028,9.744010951403148
hysets_03057500,hysets,United States of America,38.9750958,-80.4442558,64.95862413424022,9.74674880219028,9.744010951403148
hysets_14101500,hysets,United States of America,45.24150927,-121.0950626,1077.8131933794232,9.74674880219028,9.744010951403148
hysets_14152500,hysets,United States of America,43.64151015,-123.0859089,184.0882283327437,9.74674880219028,33.74401095140315
hysets_05497500,hysets,United States of America,40.3324083,-92.2149583,471.366704420782,9.74674880219028,9.744010951403148
hysets_02482500,hysets,United States of America,32.76124627,-89.4589583,800.0437423444454,9.74674880219028,9.744010951403148
hysets_08131000,hysets,United States of America,31.35849668,-100.5350958,1820.0733192201408,9.74674880219028,9.744010951403148
hysets_02028000,hysets,United States of America,37.62791997,-78.88029769,918.2090535279737,9.74674880219028,9.744010951403148
hysets_02023000,hysets,United States of America,37.81374257,-79.4447604,1246.6607812824147,9.74674880219028,9.744010951403148
hysets_02343500,hysets,United States of America,31.2837877,-85.099374,20768.34842229669,9.74674880219028,9.744010951403148
hysets_02398500,hysets,United States of America,34.2631484,-85.5607947,981.3413950661488,9.74674880219028,9.744010951403148
hysets_11420000,hysets,United States of America,39.47766618,-121.255239,52.42301303567221,9.74674880219028,9.744010951403148
hysets_11432500,hysets,United States of America,38.90379188,-120.6040929,38.43657198516293,9.74674880219028,9.744010951403148
hysets_14163000,hysets,United States of America,44.1456825,-122.5720152,124.15796083022975,9.74674880219028,9.744010951403148
hysets_11210100,hysets,United States of America,36.4166144,-118.9142668,230.41117052053943,9.74674880219028,9.744010951403148
hysets_11308900,hysets,United States of America,38.14797568,-120.8249362,964.0677488571196,9.74674880219028,9.744010951403148
hysets_11209900,hysets,United States of America,36.4438363,-118.9034335,1085.138130583665,9.74674880219028,9.744010951403148
hysets_11203500,hysets,United States of America,36.0799506,-118.9092637,672.4894788049231,9.74674880219028,9.744010951403148
hysets_03273500,hysets,United States of America,39.45838956,-84.54716909,786.6218641776177,9.74674880219028,9.744010951403148
hysets_02184000,hysets,United States of America,34.4851028,-82.9090325,2380.5919706067234,9.74674880219028,9.744010951403148
hysets_11204500,hysets,United States of America,36.04245027,-118.8575946,283.1666619359588,9.74674880219028,9.744010951403148
hysets_11258960,hysets,United States of America,37.27300075,-119.881272,445.1157293663736,9.74674880219028,9.744010951403148
hysets_11211785,hysets,United States of America,36.5424489,-119.1120531,134.87679210812485,9.74674880219028,9.744010951403148
hysets_11210950,hysets,United States of America,36.4141157,-119.0126028,1453.3228065278834,9.74674880219028,9.744010951403148
hysets_13341500,hysets,United States of America,46.6122222,-116.6577778,1174.7591562669654,9.74674880219028,9.744010951403148
hysets_01AH005,hysets,Canada,47.25083,-67.14222,223.8778154867996,9.749486652977414,9.74674880219028
hysets_03155220,hysets,United States of America,39.07896905,-81.2123373,593.1943935496286,9.752224503764545,9.749486652977414
hysets_10168499,hysets,United States of America,40.6185592,-111.782154,129.16654707657875,9.752224503764545,10.740588637919233
hysets_02303300,hysets,United States of America,28.0680729,-82.2675895,142.5024090800986,9.752224503764545,10.740588637919233
hysets_03337570,hysets,United States of America,40.12888889,-88.15138889,193.94827127843456,9.754962354551678,9.754962354551678
hysets_07365500,hysets,United States of America,32.76403375,-92.658484,477.4420528393589,9.763175906913073,19.761806981519506
hysets_05464315,hysets,United States of America,42.1708283,-92.0237917,15618.94739780864,9.774127310061601,9.77138945927447
camelscl_10344003,camelscl,Chile,-40.63,-73.1783,2174.728651948434,9.776865160848734,9.853524982888432
hysets_13079100,hysets,United States of America,42.2525,-113.6558333,18.68588275320992,9.78507871321013,9.782340862422998
hysets_03519640,hysets,United States of America,35.6725222,-84.1077185,41.30464384854645,9.78507871321013,9.782340862422998
hysets_02191743,hysets,United States of America,34.03150107,-83.0090326,582.9107230928092,9.787816563997263,17.456536618754278
GRDC_4214060,grdc,Canada,64.3979,-96.4229,157927.094735631,9.790554414784394,9.995893223819301
hysets_04094400,hysets,United States of America,41.4647222,-87.0705556,40.49898680650164,9.801505817932922,9.79876796714579
hysets_03084800,hysets,United States of America,40.4053467,-79.82782569,45.65865969164837,9.804243668720055,10.381930184804927
hysets_01374976,hysets,United States of America,41.28252778,-73.7254444,7.623894970365164,9.81245722108145,9.809719370294319
hysets_06479928,hysets,United States of America,44.15274835,-96.8886672,415.5405707836917,9.828884325804244,9.826146475017111
hysets_08057445,hysets,United States of America,32.70485346,-96.6699955,23.23675758016548,9.831622176591376,9.995893223819301
hysets_13309000,hysets,United States of America,44.4275,-115.2941667,472.1653859211512,9.831622176591376,9.828884325804244
hysets_13310500,hysets,United States of America,44.65406567,-115.7023395,236.31271054930235,9.834360027378509,9.831622176591376
hysets_13295500,hysets,United States of America,44.23277778,-114.9177778,1309.4050517046685,9.834360027378509,9.831622176591376
hysets_12324400,hysets,United States of America,46.5109111,-112.789686,2950.1390382455784,9.83709787816564,9.834360027378509
hysets_09306052,hysets,United States of America,39.8141399,-108.2436962,20.386997231669145,9.83709787816564,10.99520876112252
hysets_08134230,hysets,United States of America,31.57515616,-100.5856544,281.5157681157323,9.83709787816564,10.05886379192334
lamah_76184,lamah,Germany,48.29957006416195,9.72248111591749,167.3186411842952,9.83709787816564,9.834360027378509
hysets_09415550,hysets,United States of America,38.6380009,-115.0930714,1818.0489879725965,9.83709787816564,15.041752224503764
hysets_10169999,hysets,United States of America,40.68883617,-111.78271,56.15029019648869,9.850787132101301,10.992470910335387
hysets_13290200,hysets,United States of America,44.97765627,-116.8579357,171118.92687841412,9.853524982888432,9.850787132101301
hysets_06114500,hysets,United States of America,47.1190083,-110.2872028,299.96695930817395,9.853524982888432,11.742642026009582
hysets_04235276,hysets,United States of America,42.99166667,-76.8033333,50.26089544419212,9.856262833675565,9.853524982888432
GRDC_4209200,grdc,Canada,69.104,-118.477,2869.3816497683897,9.859000684462696,13.418206707734429
hysets_11468010,hysets,United States of America,39.260174,-123.6177893,37.438269031228685,9.86447638603696,42.16016427104723
hysets_12321000,hysets,United States of America,48.961059,-116.5566028,183.2828024277021,9.869952087611225,9.867214236824093
camelsde_DEC10330,camelsde,Germany,49.50710503,6.466741168,13.65960254,9.875427789185489,9.872689938398358
hysets_11477450,hysets,United States of America,40.46375317,-123.605314,2.5934037283697395,9.878165639972622,20.698151950718685
hysets_05BL012,hysets,Canada,50.72389,-113.9735,1488.563146655335,9.878165639972622,9.875427789185489
hysets_03146000,hysets,United States of America,40.22978675,-82.454881,301.27638193975554,9.883641341546886,37.9958932238193
GRDC_3650890,grdc,Brazil,-7.7021,-36.9604,139.947533711977,9.891854893908283,9.998631074606434
hysets_02101726,hysets,United States of America,35.73514055,-79.4230754,178.4911277193926,9.894592744695414,9.95482546201232
hysets_13346000,hysets,United States of America,46.9207226,-117.3187923,1257.0225243134778,9.897330595482547,38.99520876112252
hysets_06478535,hysets,United States of America,44.109695,-97.3872899,1379.4686547585557,9.900068446269678,15.898699520876113
camelses_9317,camelses,Spain,42.5223,-2.4036,677.0496949229749,9.908281998631075,9.998631074606434
hysets_03566525,hysets,United States of America,35.23840184,-85.23576419,156.26370110196382,9.911019849418206,9.908281998631075
GRDC_3637400,grdc,Brazil,-6.8187,-56.8479,6198.21715925397,9.91375770020534,21.66461327857632
camelsde_DE212360,camelsde,Germany,48.07849642,11.11451627,135.09763641413687,9.91649555099247,9.946611909650924
hysets_07BF010,hysets,Canada,55.81917,-116.3897,1705.081262938902,9.924709103353868,14.674880219028063
hysets_02464660,hysets,United States of America,33.294839,-87.5683402,53.7627709867949,9.927446954140999,9.924709103353868
hysets_09484580,hysets,United States of America,31.86175124,-110.691193,36.27503973277954,9.938398357289527,9.935660506502396
lamah_208892,lamah,Austria,48.86166248478129,15.11133431063496,51.83695703087843,9.938398357289527,9.957563312799453
hysets_021973455,hysets,United States of America,33.2126481,-81.6751116,5.786347334462134,9.938398357289527,9.935660506502396
lamah_209155,lamah,Austria,48.70961885883403,16.059246203313613,278.17325256957776,9.943874058863791,9.94113620807666
hysets_10UH012,hysets,Canada,63.76425,-68.51178,2.7476884747268824,9.943874058863791,10.43668720054757
hysets_06911400,hysets,United States of America,38.54652578,-95.5274563,1418.43889010008,9.946611909650924,10.496919917864476
hysets_02069000,hysets,United States of America,36.31930349,-80.0500424,1279.6503632107012,9.949349760438055,10.078028747433265
hysets_01017060,hysets,United States of America,46.7836111,-67.9891667,14.626278814400091,9.949349760438055,9.946611909650924
hysets_02112360,hysets,United States of America,36.31138889,-80.8072222,205.2355972778092,9.95482546201232,9.99315537303217
hysets_11414450,hysets,United States of America,39.4293458,-120.5693779,23.889393431078428,9.96577686516085,29.675564681724847
hysets_11131000,hysets,United States of America,34.6097072,-120.3065445,1809.2757409365404,9.976728268309378,9.995893223819301
hysets_08166250,hysets,United States of America,29.98777778,-99.11,1444.6285078959663,9.979466119096509,10.913073237508556
GRDC_6210330,grdc,Spain,43.1812,-7.1979,345.004538793741,9.982203969883642,9.998631074606434
hysets_11416700,hysets,United States of America,39.41194444,-120.6483333,2.1777093872698576,9.984941820670773,29.998631074606433
GRDC_1322840,grdc,Liberia,7.2021,-9.8188,13811.8665824707,9.99315537303217,10.171115674195756
hysets_01192650,hysets,United States of America,41.6639882,-72.58425659,64.08374834749168,9.995893223819301,9.99315537303217
hysets_11023250,hysets,United States of America,32.95365699,-117.0147528,20.59928781331192,9.995893223819301,9.99315537303217
hysets_10HC008,hysets,Canada,63.48967,-123.6127,1118.992057206424,9.995893223819301,10.99794661190965
hysets_11258800,hysets,United States of America,37.3360544,-119.8162709,148.5848366743709,9.995893223819301,9.99315537303217
hysets_01192700,hysets,United States of America,41.61898795,-72.7128729,116.95304049341968,9.995893223819301,9.99315537303217
hysets_10251350,hysets,United States of America,35.7810833,-115.898069,7.484161260575457,9.995893223819301,9.99315537303217
hysets_10264878,hysets,United States of America,35.84300465,-117.9272956,26.78575396073301,9.995893223819301,9.99315537303217
hysets_06126470,hysets,United States of America,46.38720278,-108.5418028,152.58913419618798,9.995893223819301,10.740588637919233
hysets_06340528,hysets,United States of America,47.355839,-101.8548924,22.94694937657264,9.995893223819301,9.99315537303217
hysets_02205500,hysets,United States of America,33.93482609,-84.0165756,6.111634368682147,9.995893223819301,9.99315537303217
hysets_11216800,hysets,United States of America,37.0899463,-119.1617858,19.03637116501126,9.995893223819301,9.99315537303217
GRDC_3662700,grdc,Brazil,-21.4521,-50.9188,7703.55386011994,9.995893223819301,9.995893223819301
camelsde_DE911860,camelsde,Germany,52.97674164,8.864955113,109.21663213704194,9.995893223819301,9.995893223819301
hysets_10160800,hysets,United States of America,40.370511,-111.5671382,31.793200594243768,9.995893223819301,9.99315537303217
hysets_11479700,hysets,United States of America,40.70262865,-124.1567245,114.22828049902576,9.995893223819301,9.99315537303217
hysets_09483010,hysets,United States of America,32.22452057,-110.9473132,2.3950476987108136,9.995893223819301,9.99315537303217
hysets_06928420,hysets,United States of America,37.79194444,-92.1833333,694.5148802371641,9.995893223819301,10.020533880903491
hysets_09046601,hysets,United States of America,39.5485978,-106.039185,308.495183709743,9.995893223819301,9.99315537303217
hysets_01424108,hysets,United States of America,42.18777778,-75.3155556,3.4100642632807783,9.995893223819301,9.99315537303217
hysets_02406000,hysets,United States of America,33.3901097,-86.1124714,261.7467613041486,9.995893223819301,9.99315537303217
hysets_02207000,hysets,United States of America,33.86260475,-84.0971366,13.745651155540722,9.995893223819301,9.99315537303217
hysets_06164800,hysets,United States of America,48.08835556,-107.5554611,2337.611856976268,9.995893223819301,15.994524298425736
hysets_01361570,hysets,United States of America,42.4072222,-74.1344444,94.01305937976616,9.995893223819301,9.99315537303217
hysets_11395300,hysets,United States of America,39.617946,-121.0896792,36.08572499320867,9.995893223819301,9.99315537303217
camelsde_DE912240,camelsde,Germany,51.63487632,10.58804688,14.633206168170537,9.998631074606434,9.995893223819301
camelsdk_210460,camelsdk,Denmark,56.18234,9.64182,1082.7414987573563,9.998631074606434,15.997262149212867
hysets_10148400,hysets,United States of America,39.87162417,-111.5701964,95.02130328766891,9.998631074606434,9.995893223819301
hysets_10277400,hysets,United States of America,37.0529883,-118.2273207,5361.55925546056,9.998631074606434,9.995893223819301
hysets_10HB004,hysets,Canada,62.76556,-126.6922,1382.521719967195,9.998631074606434,9.995893223819301
hysets_11267300,hysets,United States of America,37.53882469,-119.6621022,258.1848128040145,9.998631074606434,9.995893223819301
hysets_11109250,hysets,United States of America,34.73248227,-119.0381585,151.67842094683115,9.998631074606434,9.995893223819301
hysets_13314300,hysets,United States of America,45.36657507,-115.5129009,3382.7538017169795,9.998631074606434,9.995893223819301
camelsde_DE811170,camelsde,Germany,53.6989771,12.77334705,362.9661241360467,9.998631074606434,9.995893223819301
camelsde_DE811260,camelsde,Germany,53.88393404,13.40241363,102.21759715024722,9.998631074606434,11.997262149212867
hysets_14214000,hysets,United States of America,46.04150385,-121.8428614,13.64083392107415,9.998631074606434,9.995893223819301
hysets_14214500,hysets,United States of America,46.04705925,-121.8567507,30.11569646126493,9.998631074606434,9.995893223819301
GRDC_3661600,grdc,Brazil,-23.0354,-47.8188,5221.6566104232,9.998631074606434,9.995893223819301
GRDC_4103300,grdc,United States of America,64.3271,-158.6979,751524.58077456,9.998631074606434,9.995893223819301
hysets_12036400,hysets,United States of America,47.20425777,-123.6151652,31.9405376470054,9.998631074606434,9.995893223819301
hysets_04269500,hysets,United States of America,44.89277778,-74.6916667,496.6180357518497,9.998631074606434,9.995893223819301
hysets_01201190,hysets,United States of America,41.60787236,-73.424566,61.73544307469459,9.998631074606434,9.995893223819301
hysets_10129350,hysets,United States of America,40.7749487,-111.364916,30.29912416968718,9.998631074606434,9.995893223819301
hysets_01640970,hysets,United States of America,39.62843108,-77.4619322,10.24351822717582,9.998631074606434,9.995893223819301
hysets_06900000,hysets,United States of America,40.12974444,-93.3625417,600.5502805562932,9.998631074606434,9.995893223819301
hysets_02DC013,hysets,Canada,46.42761,-79.66203,163.24200956384206,9.998631074606434,9.995893223819301
hysets_05411400,hysets,United States of America,42.9485971,-91.1862412,73.96779433941515,9.998631074606434,9.995893223819301
hysets_05299700,hysets,United States of America,44.73940789,-96.4575519,172.96228985198536,9.998631074606434,9.995893223819301
hysets_09073800,hysets,United States of America,39.19637678,-106.6900346,22.513064163523968,9.998631074606434,9.995893223819301
hysets_09073900,hysets,United States of America,39.1888767,-106.7183688,17.13303875960043,9.998631074606434,9.995893223819301
hysets_05131455,hysets,United States of America,48.1104829,-93.1871095,333.3989987067273,9.998631074606434,9.995893223819301
hysets_01359924,hysets,United States of America,42.43944444,-73.8108333,158.92603183050602,9.998631074606434,9.995893223819301
hysets_03069880,hysets,United States of America,39.2887124,-79.7042306,31.677942630255018,9.998631074606434,9.995893223819301
hysets_01581940,hysets,United States of America,39.61125,-76.6752222,1.6896173491306992,9.998631074606434,9.995893223819301
hysets_01480800,hysets,United States of America,40.00566245,-75.7052189,211.07566204338195,9.998631074606434,9.995893223819301
hysets_06796973,hysets,United States of America,42.48602778,-98.9113333,1529.36254473267,9.998631074606434,9.995893223819301
hysets_02454200,hysets,United States of America,33.6723325,-87.387504,220.52709356652565,9.998631074606434,9.995893223819301
hysets_06301480,hysets,United States of America,44.6013551,-107.3175756,9.07107748683493,9.998631074606434,18.99520876112252
hysets_06430898,hysets,United States of America,44.40077556,-103.8939183,18.57044156261632,9.998631074606434,9.995893223819301
hysets_06436156,hysets,United States of America,44.34331769,-103.7663095,16.894664464899556,9.998631074606434,9.995893223819301
hysets_06445000,hysets,United States of America,42.81138889,-103.1666667,1648.5363360911908,9.998631074606434,9.995893223819301
hysets_02414800,hysets,United States of America,33.11900716,-85.9446875,20.50781681605818,9.998631074606434,9.995893223819301
